Date,Item/Description,Amount,Mode,Remarks,Monthss,Paid/Unpaid,Paid By,Payment Date,Category,ID,Adv Check,PnL Category,PnL Type,Check,,,,,,,,Check
22/01/2025,Electricity,19470,Bank,,01-2025,Paid,Sameer,,Fixed Maintance,0002,,OpEx - Utilities,Expense,0,,,,,,,,TRUE
22/01/2025,Sales,19422,Wallet,,01-2025,,,,Sales,0003,,Revenue,Income,0,,,,,,,,TRUE
22/01/2025,Chicken,5627,Bank,Golden Chicken,01-2025,Paid,Sameer,,Inventory,0004,,COGS - NonVeg,Expense,0,,,,,,,,TRUE
22/01/2025,Sales,4759,Cash,,01-2025,,,,Sales,0005,,Revenue,Income,0,,,,,,,,TRUE
22/01/2025,Grocery,2801,Bank,Balaji,01-2025,Paid,Sameer,,Inventory,0006,,COGS - Grocery,Expense,0,,,,,,,,TRUE
22/01/2025,Sales,2183,Online Sale,,01-2025,,,,Sales,0007,,Revenue,Income,0,,,,,,,,TRUE
22/01/2025,Dairy,1617,Bank,Adarsh Dairy,01-2025,Paid,Sameer,,Inventory,0008,,COGS - Dairy,Expense,0,,,,,,,,TRUE
22/01/2025,Sales,1314,Card,,01-2025,,,,Sales,0009,,Revenue,Income,0,,,,,,,,TRUE
22/01/2025,Dairy,825,Cash,Egg,01-2025,Paid,Sameer,,Inventory,0010,,COGS - Dairy,Expense,0,,,,,,,,TRUE
22/01/2025,Vegetables,469,Bank,Gatha,01-2025,Paid,Bank,,Inventory,0011,,COGS - Veg,Expense,0,,,,,,,,TRUE
22/01/2025,Petrol,400,Cash,,01-2025,Paid,Sameer,,Bike Maintance,0012,,OpEx - Maintenance,Expense,0,,,,,,,,TRUE
22/01/2025,Bakery,325,Cash,,01-2025,Paid,Sameer,,Grocery,0013,,COGS - Grocery,Expense,0,,,,,,,,TRUE
22/01/2025,Sales,240,UPI,,01-2025,,,,Sales,0014,,Revenue,Income,0,,,,,,,,TRUE
22/01/2025,Tea,129,Cash,,01-2025,Paid,Sameer,,Staff Expenses,0015,,OpEx - Labor,Expense,0,,,,,,,,TRUE
22/01/2025,Stationary,100,Cash,,01-2025,Paid,Sameer,,Inventory,0016,,COGS - Inventory,Expense,0,,,,,,,,TRUE
22/01/2025,Vegetables,90,Due, ,01-2025,Paid,Sameer,,Inventory,0017,,COGS - Veg,Expense,0,,,,,,,,TRUE
22/01/2025,Electric Work,60,Cash,,01-2025,Paid,Sameer,,Maintance,0018,,OpEx - Maintenance,Expense,0,,,,,,,,TRUE
22/01/2025,Dairy,30,Cash,,01-2025,Paid,Sameer,,Inventory,0019,,COGS - Dairy,Expense,0,,,,,,,,TRUE
22/01/2025,Kinners,0,Cash,,01-2025,Paid,Sameer,,Maintance,0020,,OpEx - Misc,Expense,0,,,,,,,,TRUE
23/01/2025,Sales,10553,Wallet,,01-2025,,,,Sales,0021,,Revenue,Income,0,,,,,,,,TRUE
23/01/2025,Chicken,6577,Bank,Pita Bread,01-2025,Paid,Sameer,,Inventory,0022,,COGS - NonVeg,Expense,0,,,,,,,,TRUE
23/01/2025,Grocery,2540,Bank,,01-2025,Paid,Sameer,,Inventory,0023,,COGS - Grocery,Expense,0,,,,,,,,TRUE
23/01/2025,Sales,2410,Cash,,01-2025,,,,Sales,0024,,Revenue,Income,0,,,,,,,,TRUE
23/01/2025,Dairy,1486,Bank,Newspaper,01-2025,Paid,Sameer,,Inventory,0025,,COGS - Dairy,Expense,0,,,,,,,,TRUE
23/01/2025,Mutton,1480,Cash,Papaya,01-2025,Paid,Sameer,,Inventory,0026,,COGS - NonVeg,Expense,0,,,,,,,,TRUE
23/01/2025,Vegetables,680,Bank,,01-2025,Paid,Sameer,,Inventory,0027,,COGS - Veg,Expense,0,,,,,,,,TRUE
23/01/2025,Sales,467,Online Sale,Milk,01-2025,,,,Sales,0028,,Revenue,Income,0,,,,,,,,TRUE
23/01/2025,Maintenance,350,Cash,,01-2025,Paid,Sameer,,Maintance,0029,,OpEx - Maintenance,Expense,0,,,,,,,,TRUE
23/01/2025,Bakery,160,Cash,,01-2025,Paid,Sameer,,Grocery,0030,,COGS - Grocery,Expense,0,,,,,,,,TRUE
23/01/2025,Tea,120,Cash,Golden Chicken,01-2025,Paid,Sameer,,Staff Expenses,0031,,OpEx - Labor,Expense,0,,,,,,,,TRUE
24/01/2025,Sales,19947,Wallet,Balaji,01-2025,,,,Sales,0032,,Revenue,Income,0,,,,,,,,TRUE
24/01/2025,Advance,10300,Bank_Cash,,01-2025,Paid,Sameer,,Salary,0033,,OpEx - Labor,Expense,0,,,,,,,,TRUE
24/01/2025,Chicken,4243,Bank,Adarsh Dairy,01-2025,Paid,Sameer,,Inventory,0034,,COGS - NonVeg,Expense,0,,,,,,,,TRUE
24/01/2025,Grocery,3967,Bank,A1,01-2025,Paid,Sameer,,Inventory,0035,,COGS - Grocery,Expense,0,,,,,,,,TRUE
24/01/2025,Sales,3140,Cash,,01-2025,,,,Sales,0036,,Revenue,Income,0,,,,,,,,TRUE
24/01/2025,Dairy,1250,Bank,Adarsh Dairy,01-2025,Paid,Sameer,,Inventory,0037,,COGS - Dairy,Expense,0,,,,,,,,TRUE
24/01/2025,Sales,1038,Online Sale,,01-2025,,,,Sales,0038,,Revenue,Income,0,,,,,,,,TRUE
24/01/2025,Charcoal,840,Bank,Gyanshweri,01-2025,Paid,Sameer,,Inventory,0039,,COGS - Fuel,Expense,0,,,,,,,,TRUE
24/01/2025,Vegetables,580,Bank,,01-2025,Paid,Sameer,,Inventory,0040,,COGS - Veg,Expense,0,,,,,,,,TRUE
24/01/2025,Sales,550,UPI,,01-2025,,,,Sales,0041,,Revenue,Income,0,,,,,,,,TRUE
24/01/2025,Maintenance,350,Cash,Sealer machine repair,01-2025,Paid,Sameer,,Maintance,0042,,OpEx - Maintenance,Expense,0,,,,,,,,TRUE
24/01/2025,Sales,250,Card,,01-2025,,,,Sales,0043,,Revenue,Income,0,,,,,,,,TRUE
24/01/2025,Tea,100,Cash,,01-2025,Paid,Sameer,,Staff Expenses,0044,,OpEx - Labor,Expense,0,,,,,,,,TRUE
24/01/2025,Kinners,40,Cash,,01-2025,Paid,Sameer,,Maintance,0045,,OpEx - Misc,Expense,0,,,,,,,,TRUE
25/01/2025,Sales,26464,Wallet,,01-2025,,,,Sales,0046,,Revenue,Income,0,,,,,,,,TRUE
25/01/2025,Gas,9100,Bank,,01-2025,Paid,Sameer,,Fixed Maintance,0047,,OpEx - Utilities,Expense,0,,,,,,,,TRUE
25/01/2025,Sales,5660,Cash,,01-2025,,,,Sales,0048,,Revenue,Income,0,,,,,,,,TRUE
25/01/2025,Sales,3477,Online Sale,,01-2025,,,,Sales,0049,,Revenue,Income,0,,,,,,,,TRUE
25/01/2025,Sales,3400,UPI,,01-2025,,,,Sales,0050,,Revenue,Income,0,,,,,,,,TRUE
25/01/2025,Grocery,3373,Bank,Balaji,01-2025,Paid,Sameer,,Inventory,0051,,COGS - Grocery,Expense,0,,,,,,,,TRUE
25/01/2025,Disposable,3095,Bank,Anand ,01-2025,Paid,Sameer,,Inventory,0052,,COGS - Packaging,Expense,0,,,,,,,,TRUE
25/01/2025,Chicken,1928,Bank,Golden Chicken,01-2025,Paid,Sameer,,Inventory,0053,,COGS - NonVeg,Expense,0,,,,,,,,TRUE
25/01/2025,Beverages,1764,Cash,Cold Drinks,01-2025,Paid,Sameer,,Grocery,0054,,COGS - Grocery,Expense,0,,,,,,,,TRUE
25/01/2025,Dairy,1296,Bank,,01-2025,Paid,Sameer,,Inventory,0055,,COGS - Dairy,Expense,0,,,,,,,,TRUE
25/01/2025,Beverages,1200,Cash,Water Bottel,01-2025,Paid,Sameer,,Grocery,0056,,COGS - Grocery,Expense,0,,,,,,,,TRUE
25/01/2025,Electric Work,635,Cash,,01-2025,Paid,Sameer,,Maintance,0057,,OpEx - Maintenance,Expense,0,,,,,,,,TRUE
25/01/2025,Vegetables,570,Bank,,01-2025,Paid,Sameer,,Inventory,0058,,COGS - Veg,Expense,0,,,,,,,,TRUE
25/01/2025,Restaurant New Inventory,200,Cash,Mobile Stand,01-2025,Paid,Sameer,,New Inventory,0059,,OpEx - CapEx,Expense,0,,,,,,,,TRUE
25/01/2025,Tea,121,Cash,,01-2025,Paid,Sameer,,Staff Expenses,0060,,OpEx - Labor,Expense,0,,,,,,,,TRUE
25/01/2025,Dairy,40,Cash,Milk,01-2025,Paid,Sameer,,Inventory,0061,,COGS - Dairy,Expense,0,,,,,,,,TRUE
26/01/2025,Sales,33268,Wallet,,01-2025,,,,Sales,0062,,Revenue,Income,0,,,,,,,,TRUE
26/01/2025,Chicken,8385,Bank,,01-2025,Paid,Sameer,,Inventory,0063,,COGS - NonVeg,Expense,0,,,,,,,,TRUE
26/01/2025,Sales,3979,Cash,,01-2025,,,,Sales,0064,,Revenue,Income,0,,,,,,,,TRUE
26/01/2025,Grocery,3000,Bank,,01-2025,Paid,Sameer,,Inventory,0065,,COGS - Grocery,Expense,0,,,,,,,,TRUE
26/01/2025,Advance,2700,Bank_Cash,Disposable payment Umesh sir,01-2025,Paid,Sameer,,Salary,0066,,OpEx - Labor,Expense,0,,,,,,,,TRUE
26/01/2025,Dairy,2486,Bank,,01-2025,Paid,Sameer,,Inventory,0067,,COGS - Dairy,Expense,0,,,,,,,,TRUE
26/01/2025,Sales,1658,Online Sale,,01-2025,,,,Sales,0068,,Revenue,Income,0,,,,,,,,TRUE
26/01/2025,Sales,1620,Card,,01-2025,,,,Sales,0069,,Revenue,Income,0,,,,,,,,TRUE
26/01/2025,Dairy,1113,Cash,Egg,01-2025,Paid,Sameer,,Inventory,0070,,COGS - Dairy,Expense,0,,,,,,,,TRUE
26/01/2025,Sales,950,Zomato Pay,,01-2025,,,,Sales,0071,,Revenue,Income,0,,,,,,,,TRUE
26/01/2025,Vegetables,655,Bank,,01-2025,Paid,Sameer,,Inventory,0072,,COGS - Veg,Expense,0,,,,,,,,TRUE
26/01/2025,Bakery,485,Cash,Pita Bread,01-2025,Paid,Sameer,,Grocery,0073,,COGS - Grocery,Expense,0,,,,,,,,TRUE
26/01/2025,Momos,420,Cash,,01-2025,Paid,Sameer,,Inventory,0074,,COGS - Inventory,Expense,0,,,,,,,,TRUE
26/01/2025,Sales,320,UPI,,01-2025,,,,Sales,0075,,Revenue,Income,0,,,,,,,,TRUE
26/01/2025,Electric Work,185,Cash,,01-2025,Paid,Sameer,,Maintance,0076,,OpEx - Maintenance,Expense,0,,,,,,,,TRUE
26/01/2025,Tea,96,Cash,,01-2025,Paid,Sameer,,Staff Expenses,0077,,OpEx - Labor,Expense,0,,,,,,,,TRUE
26/01/2025,Beverages,40,Cash,Soda,01-2025,Paid,Sameer,,Grocery,0078,,COGS - Grocery,Expense,0,,,,,,,,TRUE
26/01/2025,Dairy,40,Cash,Milk,01-2025,Paid,Sameer,,Inventory,0079,,COGS - Dairy,Expense,0,,,,,,,,TRUE
27/01/2025,Sales,15670,Wallet,,01-2025,,,,Sales,0080,,Revenue,Income,0,,,,,,,,TRUE
27/01/2025,Chicken,3997,Bank,,01-2025,Paid,Sameer,,Inventory,0081,,COGS - NonVeg,Expense,0,,,,,,,,TRUE
27/01/2025,Sales,2540,Cash,,01-2025,,,,Sales,0082,,Revenue,Income,0,,,,,,,,TRUE
27/01/2025,Sales,1500,Card,,01-2025,,,,Sales,0083,,Revenue,Income,0,,,,,,,,TRUE
27/01/2025,Dairy,1135,Bank,,01-2025,Paid,Sameer,,Inventory,0084,,COGS - Dairy,Expense,0,,,,,,,,TRUE
27/01/2025,Charcoal,840,Bank,,01-2025,Paid,Sameer,,Inventory,0085,,COGS - Fuel,Expense,0,,,,,,,,TRUE
27/01/2025,Sales,780,Zomato Pay,,01-2025,,,,Sales,0086,,Revenue,Income,0,,,,,,,,TRUE
27/01/2025,Sales,686,Online Sale,,01-2025,,,,Sales,0087,,Revenue,Income,0,,,,,,,,TRUE
27/01/2025,Dairy,650,Cash,Soya Chaap ,01-2025,Paid,Sameer,,Inventory,0088,,COGS - Dairy,Expense,0,,,,,,,,TRUE
27/01/2025,Sales,614,UPI,,01-2025,,,,Sales,0089,,Revenue,Income,0,,,,,,,,TRUE
27/01/2025,Vegetables,526,Bank,,01-2025,Paid,Sameer,,Inventory,0090,,COGS - Veg,Expense,0,,,,,,,,TRUE
27/01/2025,Civil Work,450,Cash,Cement,01-2025,Paid,Sameer,,Maintance,0091,,OpEx - Maintenance,Expense,0,,,,,,,,TRUE
27/01/2025,Tea,125,Cash,,01-2025,Paid,Sameer,,Staff Expenses,0092,,OpEx - Labor,Expense,0,,,,,,,,TRUE
27/01/2025,Vegetables,35,Cash,Mint,01-2025,Paid,Sameer,,Inventory,0093,,COGS - Veg,Expense,0,,,,,,,,TRUE
27/01/2025,Kinners,30,Cash,,01-2025,Paid,Sameer,,Maintance,0094,,OpEx - Misc,Expense,0,,,,,,,,TRUE
28/01/2025,Sales,13162,Wallet,,01-2025,,,,Sales,0095,,Revenue,Income,0,,,,,,,,TRUE
28/01/2025,Grocery,4708,Bank,,01-2025,Paid,Sameer,,Inventory,0096,,COGS - Grocery,Expense,0,,,,,,,,TRUE
28/01/2025,Chicken,4204,Bank,,01-2025,Paid,Sameer,,Inventory,0097,,COGS - NonVeg,Expense,0,,,,,,,,TRUE
28/01/2025,Sales,2415,Cash,,01-2025,,,,Sales,0098,,Revenue,Income,0,,,,,,,,TRUE
28/01/2025,Sales,1570,Card,,01-2025,,,,Sales,0099,,Revenue,Income,0,,,,,,,,TRUE
28/01/2025,Dairy,1533,Bank,,01-2025,Paid,Sameer,,Inventory,0100,,COGS - Dairy,Expense,0,,,,,,,,TRUE
28/01/2025,Dairy,802,Cash,egg,01-2025,Paid,Sameer,,Inventory,0101,,COGS - Dairy,Expense,0,,,,,,,,TRUE
28/01/2025,Sales,602,Online Sale,,01-2025,,,,Sales,0102,,Revenue,Income,0,,,,,,,,TRUE
28/01/2025,Sales,585,Zomato Pay,,01-2025,,,,Sales,0103,,Revenue,Income,0,,,,,,,,TRUE
28/01/2025,Vegetables,519,Bank,,01-2025,Paid,Sameer,,Inventory,0104,,COGS - Veg,Expense,0,,,,,,,,TRUE
28/01/2025,Restaurant New Inventory,350,Cash,,01-2025,Paid,Sameer,,New Inventory,0105,,OpEx - CapEx,Expense,0,,,,,,,,TRUE
28/01/2025,Tea,100,Cash,,01-2025,Paid,Sameer,,Staff Expenses,0106,,OpEx - Labor,Expense,0,,,,,,,,TRUE
28/01/2025,Beverages,40,Cash,Soda,01-2025,Paid,Sameer,,Grocery,0107,,COGS - Grocery,Expense,0,,,,,,,,TRUE
28/01/2025,Kinners,23,Cash,,01-2025,Paid,Sameer,,Maintance,0108,,OpEx - Misc,Expense,0,,,,,,,,TRUE
29/01/2025,Sales,9785,Wallet,,01-2025,,,,Sales,0109,,Revenue,Income,0,,,,,,,,TRUE
29/01/2025,Restaurant New Inventory,7428,Bank,,01-2025,Paid,Sameer,,New Inventory,0110,,OpEx - CapEx,Expense,0,,,,,,,,TRUE
29/01/2025,Sales,3160,UPI,,01-2025,,,,Sales,0111,,Revenue,Income,0,,,,,,,,TRUE
29/01/2025,Sales,2710,Cash,,01-2025,,,,Sales,0112,,Revenue,Income,0,,,,,,,,TRUE
29/01/2025,Sales,1772,Online Sale,,01-2025,,,,Sales,0113,,Revenue,Income,0,,,,,,,,TRUE
29/01/2025,Charcoal,1680,Bank,,01-2025,Paid,Sameer,,Inventory,0114,,COGS - Fuel,Expense,0,,,,,,,,TRUE
29/01/2025,Beverages,1200,Cash,Cold Drinks,01-2025,Paid,Sameer,,Grocery,0115,,COGS - Grocery,Expense,0,,,,,,,,TRUE
29/01/2025,Beverages,1200,Cash,Water Bottel,01-2025,Paid,Sameer,,Grocery,0116,,COGS - Grocery,Expense,0,,,,,,,,TRUE
29/01/2025,Vegetables,467,Bank,,01-2025,Paid,Sameer,,Inventory,0117,,COGS - Veg,Expense,0,,,,,,,,TRUE
29/01/2025,Tea,210,Cash,,01-2025,Paid,Sameer,,Staff Expenses,0118,,OpEx - Labor,Expense,0,,,,,,,,TRUE
29/01/2025,Dairy,201,Bank,,01-2025,Paid,Sameer,,Inventory,0119,,COGS - Dairy,Expense,0,,,,,,,,TRUE
29/01/2025,Petrol,100,Bank_Cash,,01-2025,Paid,Sameer,,Bike Maintance,0120,,OpEx - Maintenance,Expense,0,,,,,,,,TRUE
29/01/2025,Vegetables,30,Cash,Mint,01-2025,Paid,Sameer,,Inventory,0121,,COGS - Veg,Expense,0,,,,,,,,TRUE
29/01/2025,Kinners,20,Cash,,01-2025,Paid,Sameer,,Maintance,0122,,OpEx - Misc,Expense,0,,,,,,,,TRUE
30/01/2025,Sales,11791,Wallet,,01-2025,,,,Sales,0123,,Revenue,Income,0,,,,,,,,TRUE
30/01/2025,Police,8500,Bank,,01-2025,Paid,Sameer,,Fixed Maintance,0124,,OpEx - Fixed,Expense,0,,,,,,,,TRUE
30/01/2025,Chicken,6170,Bank,,01-2025,Paid,Sameer,,Inventory,0125,,COGS - NonVeg,Expense,0,,,,,,,,TRUE
30/01/2025,Grocery,3181,Bank,,01-2025,Paid,Sameer,,Inventory,0126,,COGS - Grocery,Expense,0,,,,,,,,TRUE
30/01/2025,Sales,2930,UPI,,01-2025,,,,Sales,0127,,Revenue,Income,0,,,,,,,,TRUE
30/01/2025,Advance,2000,Bank_Cash,Naseem Bhai Salary,01-2025,Paid,Sameer,,Salary,0128,,OpEx - Labor,Expense,0,,,,,,,,TRUE
30/01/2025,Sales,1700,Cash,,01-2025,,,,Sales,0129,,Revenue,Income,0,,,,,,,,TRUE
30/01/2025,Sales,989,Online Sale,,01-2025,,,,Sales,0130,,Revenue,Income,0,,,,,,,,TRUE
30/01/2025,Dairy,848,Bank,,01-2025,Paid,Sameer,,Inventory,0131,,COGS - Dairy,Expense,0,,,,,,,,TRUE
30/01/2025,Sales,530,Card,,01-2025,,,,Sales,0132,,Revenue,Income,0,,,,,,,,TRUE
30/01/2025,Sales,500,Zomato Pay,,01-2025,,,,Sales,0133,,Revenue,Income,0,,,,,,,,TRUE
30/01/2025,Vegetables,495,Bank,,01-2025,Paid,Sameer,,Inventory,0134,,COGS - Veg,Expense,0,,,,,,,,TRUE
30/01/2025,Tea,100,Cash,,01-2025,Paid,Sameer,,Staff Expenses,0135,,OpEx - Labor,Expense,0,,,,,,,,TRUE
31/01/2025,Sales,19723,Wallet,,01-2025,,,,Sales,0136,,Revenue,Income,0,,,,,,,,TRUE
31/01/2025,Restaurant New Inventory,16800,Bank,,01-2025,Paid,Sameer,,New Inventory,0137,,OpEx - CapEx,Expense,0,,,,,,,,TRUE
31/01/2025,Chicken,5930,Bank,,01-2025,Paid,Sameer,,Inventory,0138,,COGS - NonVeg,Expense,0,,,,,,,,TRUE
31/01/2025,Grocery,3216,Bank,,01-2025,Paid,Sameer,,Inventory,0139,,COGS - Grocery,Expense,0,,,,,,,,TRUE
31/01/2025,Sales,2060,Online Sale,,01-2025,,,,Sales,0140,,Revenue,Income,0,,,,,,,,TRUE
31/01/2025,Sales,1840,Cash,,01-2025,,,,Sales,0141,,Revenue,Income,0,,,,,,,,TRUE
31/01/2025,Dairy,1741,Bank,,01-2025,Paid,Sameer,,Inventory,0142,,COGS - Dairy,Expense,0,,,,,,,,TRUE
31/01/2025,Garbage Vehicle,1500,Bank_Cash,,01-2025,Paid,Sameer,,Fixed Maintance,0143,,OpEx - Maintenance,Expense,0,,,,,,,,TRUE
31/01/2025,Sales,1395,Card,,01-2025,,,,Sales,0144,,Revenue,Income,0,,,,,,,,TRUE
31/01/2025,Vegetables,599,Bank,,01-2025,Paid,Sameer,,Inventory,0145,,COGS - Veg,Expense,0,,,,,,,,TRUE
31/01/2025,Bakery,455,Cash,,01-2025,Paid,Sameer,,Grocery,0146,,COGS - Grocery,Expense,0,,,,,,,,TRUE
31/01/2025,Sales,210,Due,,01-2025,,,,Sales,0147,,Revenue,Income,0,,,,,,,,TRUE
31/01/2025,Sales,150,UPI,,01-2025,,,,Sales,0148,,Revenue,Income,0,,,,,,,,TRUE
31/01/2025,Tea,100,Cash,,01-2025,Paid,Sameer,,Staff Expenses,0149,,OpEx - Labor,Expense,0,,,,,,,,TRUE
31/01/2025,Vegetables,90,Cash,Papaya,01-2025,Paid,Sameer,,Inventory,0150,,COGS - Veg,Expense,0,,,,,,,,TRUE
31/01/2025,Dairy,60,Cash,Milk,01-2025,Paid,Sameer,,Inventory,0151,,COGS - Dairy,Expense,0,,,,,,,,TRUE
31/01/2025,Kinners,35,Cash,,01-2025,Paid,Sameer,,Maintance,0152,,OpEx - Misc,Expense,0,,,,,,,,TRUE
01/02/2025,Sales,18947,Wallet,,02-2025,,,,Sales,0153,,Revenue,Income,0,,,,,,,,TRUE
01/02/2025,Grocery,6500,Bank,kaju,02-2025,Paid,Sameer,,Inventory,0154,,COGS - Grocery,Expense,0,,,,,,,,TRUE
01/02/2025,Sales,5015,Cash,,02-2025,,,,Sales,0155,,Revenue,Income,0,,,,,,,,TRUE
01/02/2025,Sales,2285,Card,,02-2025,,,,Sales,0156,,Revenue,Income,0,,,,,,,,TRUE
01/02/2025,Charcoal,1680,Bank,,02-2025,Paid,Sameer,,Inventory,0157,,COGS - Fuel,Expense,0,,,,,,,,TRUE
01/02/2025,Mutton,1680,Cash,,02-2025,Paid,Sameer,,Inventory,0158,,COGS - NonVeg,Expense,0,,,,,,,,TRUE
01/02/2025,Chicken,1454,Bank,,02-2025,Paid,Sameer,,Inventory,0159,,COGS - NonVeg,Expense,0,,,,,,,,TRUE
01/02/2025,Dairy,1330,Bank,,02-2025,Paid,Sameer,,Inventory,0160,,COGS - Dairy,Expense,0,,,,,,,,TRUE
01/02/2025,Beverages,1200,Cash,,02-2025,Paid,Sameer,,Grocery,0161,,COGS - Grocery,Expense,0,,,,,,,,TRUE
01/02/2025,Sales,1100,Online Sale,,02-2025,,,,Sales,0162,,Revenue,Income,0,,,,,,,,TRUE
01/02/2025,Grocery,879,Bank,,02-2025,Paid,Sameer,,Inventory,0163,,COGS - Grocery,Expense,0,,,,,,,,TRUE
01/02/2025,Dairy,825,Cash,Eggs,02-2025,Paid,Sameer,,Inventory,0164,,COGS - Dairy,Expense,0,,,,,,,,TRUE
01/02/2025,Petrol,480,Cash,,02-2025,Paid,Sameer,,Bike Maintance,0165,,OpEx - Maintenance,Expense,0,,,,,,,,TRUE
01/02/2025,Vegetables,467,Bank,,02-2025,Paid,Sameer,,Inventory,0166,,COGS - Veg,Expense,0,,,,,,,,TRUE
01/02/2025,Sales,180,UPI,,02-2025,,,,Sales,0167,,Revenue,Income,0,,,,,,,,TRUE
01/02/2025,Restaurant New Inventory,150,Cash,cooker city,02-2025,Paid,Sameer,,New Inventory,0168,,OpEx - CapEx,Expense,0,,,,,,,,TRUE
01/02/2025,Tea,100,Cash,,02-2025,Paid,Sameer,,Staff Expenses,0169,,OpEx - Labor,Expense,0,,,,,,,,TRUE
01/02/2025,Kinners,30,Cash,,02-2025,Paid,Sameer,,Maintance,0170,,OpEx - Misc,Expense,0,,,,,,,,TRUE
02/02/2025,Sales,24773,Wallet,,02-2025,,,,Sales,0171,,Revenue,Income,0,,,,,,,,TRUE
02/02/2025,Advance,5000,Bank,Santosh,02-2025,Paid,Sameer,,Salary,0172,,OpEx - Labor,Expense,0,,,,,,,,TRUE
02/02/2025,Advance,5000,Bank,Raju,02-2025,Paid,Sameer,,Salary,0173,,OpEx - Labor,Expense,0,,,,,,,,TRUE
02/02/2025,Grocery,4916,Bank,Hyperpure,02-2025,Paid,Sameer,,Inventory,0174,,COGS - Grocery,Expense,0,,,,,,,,TRUE
02/02/2025,Sales,4324,Online Sale,,02-2025,,,,Sales,0175,,Revenue,Income,0,,,,,,,,TRUE
02/02/2025,Chicken,3983,Bank,,02-2025,Paid,Sameer,,Inventory,0176,,COGS - NonVeg,Expense,0,,,,,,,,TRUE
02/02/2025,Sales,3340,Cash,,02-2025,,,,Sales,0177,,Revenue,Income,0,,,,,,,,TRUE
02/02/2025,Grocery,2850,Bank,,02-2025,Paid,Sameer,,Inventory,0178,,COGS - Grocery,Expense,0,,,,,,,,TRUE
02/02/2025,Sales,2510,Card,,02-2025,,,,Sales,0179,,Revenue,Income,0,,,,,,,,TRUE
02/02/2025,Advance,1500,Bank_Cash,Danish,02-2025,Paid,Sameer,,Salary,0180,,OpEx - Labor,Expense,0,,,,,,,,TRUE
02/02/2025,Vegetables,1100,Cash,Onion,02-2025,Paid,Sameer,,Inventory,0181,,COGS - Veg,Expense,0,,,,,,,,TRUE
02/02/2025,Advance,1000,Bank_Cash,Mujeeb,02-2025,Paid,Sameer,,Salary,0182,,OpEx - Labor,Expense,0,,,,,,,,TRUE
02/02/2025,Advance,1000,Bank_Cash,Irfan,02-2025,Paid,Sameer,,Salary,0183,,OpEx - Labor,Expense,0,,,,,,,,TRUE
02/02/2025,Sales,989,UPI,,02-2025,,,,Sales,0184,,Revenue,Income,0,,,,,,,,TRUE
02/02/2025,Dairy,895,Bank,,02-2025,Paid,Sameer,,Inventory,0185,,COGS - Dairy,Expense,0,,,,,,,,TRUE
02/02/2025,Disposable,550,Cash,,02-2025,Paid,Sameer,,Inventory,0186,,COGS - Packaging,Expense,0,,,,,,,,TRUE
02/02/2025,Vegetables,454,Bank,,02-2025,Paid,Sameer,,Inventory,0187,,COGS - Veg,Expense,0,,,,,,,,TRUE
02/02/2025,Petrol,415,Cash,,02-2025,Paid,Sameer,,Bike Maintance,0188,,OpEx - Maintenance,Expense,0,,,,,,,,TRUE
02/02/2025,Bakery,195,Cash,Pita Bread,02-2025,Paid,Sameer,,Grocery,0189,,COGS - Grocery,Expense,0,,,,,,,,TRUE
02/02/2025,Tea,120,Cash,,02-2025,Paid,Sameer,,Staff Expenses,0190,,OpEx - Labor,Expense,0,,,,,,,,TRUE
02/02/2025,Counter Cash,70,Cash,Excess UPI Return,02-2025,Paid,Sameer,,Excess Amount Return,0191,,Excess Amount Return,Expense,0,,,,,,,,TRUE
02/02/2025,Vegetables,50,Cash,Carrot,02-2025,Paid,Sameer,,Inventory,0192,,COGS - Veg,Expense,0,,,,,,,,TRUE
02/02/2025,Vegetables,40,Cash,Mint,02-2025,Paid,Sameer,,Inventory,0193,,COGS - Veg,Expense,0,,,,,,,,TRUE
03/02/2025,Sales,16745,Wallet,,02-2025,,,,Sales,0194,,Revenue,Income,0,,,,,,,,TRUE
03/02/2025,Gas,10920,Bank,,02-2025,Paid,Sameer,,Fixed Maintance,0195,,OpEx - Utilities,Expense,0,,,,,,,,TRUE
03/02/2025,Chicken,4080,Bank,,02-2025,Paid,Sameer,,Inventory,0196,,COGS - NonVeg,Expense,0,,,,,,,,TRUE
03/02/2025,Grocery,3800,Bank,,02-2025,Paid,Sameer,,Inventory,0197,,COGS - Grocery,Expense,0,,,,,,,,TRUE
03/02/2025,Sales,3065,Cash,,02-2025,,,,Sales,0198,,Revenue,Income,0,,,,,,,,TRUE
03/02/2025,Disposable,2855,Bank,,02-2025,Paid,Sameer,,Inventory,0199,,COGS - Packaging,Expense,0,,,,,,,,TRUE
03/02/2025,Police,2000,Cash,,02-2025,Paid,Sameer,,Fixed Maintance,0200,,OpEx - Fixed,Expense,0,,,,,,,,TRUE
03/02/2025,Dairy,1073,Bank,,02-2025,Paid,Sameer,,Inventory,0201,,COGS - Dairy,Expense,0,,,,,,,,TRUE
03/02/2025,Sales,990,UPI,,02-2025,,,,Sales,0202,,Revenue,Income,0,,,,,,,,TRUE
03/02/2025,Sales,879,Card,,02-2025,,,,Sales,0203,,Revenue,Income,0,,,,,,,,TRUE
03/02/2025,Charcoal,840,Bank,,02-2025,Paid,Sameer,,Inventory,0204,,COGS - Fuel,Expense,0,,,,,,,,TRUE
03/02/2025,Sales,789,Online Sale,,02-2025,,,,Sales,0205,,Revenue,Income,0,,,,,,,,TRUE
03/02/2025,Dairy,787,Cash,Egg,02-2025,Paid,Sameer,,Inventory,0206,,COGS - Dairy,Expense,0,,,,,,,,TRUE
03/02/2025,Vegetables,465,Bank,,02-2025,Paid,Sameer,,Inventory,0207,,COGS - Veg,Expense,0,,,,,,,,TRUE
03/02/2025,Tea,90,Cash,,02-2025,Paid,Sameer,,Staff Expenses,0208,,OpEx - Labor,Expense,0,,,,,,,,TRUE
03/02/2025,Dairy,38,Cash,,02-2025,Paid,Sameer,,Inventory,0209,,COGS - Dairy,Expense,0,,,,,,,,TRUE
04/02/2025,Sales,9739,Wallet,,02-2025,,,,Sales,0210,,Revenue,Income,0,,,,,,,,TRUE
04/02/2025,Chicken,2716,Bank,,02-2025,Paid,Sameer,,Inventory,0211,,COGS - NonVeg,Expense,0,,,,,,,,TRUE
04/02/2025,Sales,2268,Cash,,02-2025,,,,Sales,0212,,Revenue,Income,0,,,,,,,,TRUE
04/02/2025,Dairy,1748,Bank,,02-2025,Paid,Sameer,,Inventory,0213,,COGS - Dairy,Expense,0,,,,,,,,TRUE
04/02/2025,Sales,1204,Online Sale,,02-2025,,,,Sales,0214,,Revenue,Income,0,,,,,,,,TRUE
04/02/2025,Grocery,958,Bank,,02-2025,Paid,Sameer,,Inventory,0215,,COGS - Grocery,Expense,0,,,,,,,,TRUE
04/02/2025,Dairy,550,Cash,Soya Chaap,02-2025,Paid,Sameer,,Inventory,0216,,COGS - Dairy,Expense,0,,,,,,,,TRUE
04/02/2025,Vegetables,506,Bank,,02-2025,Paid,Sameer,,Inventory,0217,,COGS - Veg,Expense,0,,,,,,,,TRUE
04/02/2025,Sales,479,UPI,,02-2025,,,,Sales,0218,,Revenue,Income,0,,,,,,,,TRUE
04/02/2025,Bakery,230,Cash,,02-2025,Paid,Sameer,,Grocery,0219,,COGS - Grocery,Expense,0,,,,,,,,TRUE
04/02/2025,Tea,120,Cash,,02-2025,Paid,Sameer,,Staff Expenses,0220,,OpEx - Labor,Expense,0,,,,,,,,TRUE
04/02/2025,Kinners,38,Cash,,02-2025,Paid,Sameer,,Maintance,0221,,OpEx - Misc,Expense,0,,,,,,,,TRUE
04/02/2025,Electric Work,30,Cash,,02-2025,Paid,Sameer,,Maintance,0222,,OpEx - Maintenance,Expense,0,,,,,,,,TRUE
04/02/2025,Sales,20,Card,,02-2025,,,,Sales,0223,,Revenue,Income,0,,,,,,,,TRUE
05/02/2025,Sales,16846,Wallet,,02-2025,,,,Sales,0224,,Revenue,Income,0,,,,,,,,TRUE
05/02/2025,Advance,3000,Bank_Cash,Laxmi Bai Salary,02-2025,Paid,Sameer,,Salary,0225,,OpEx - Labor,Expense,0,,,,,,,,TRUE
05/02/2025,Sales,2390,Cash,,02-2025,,,,Sales,0226,,Revenue,Income,0,,,,,,,,TRUE
05/02/2025,Beverages,2000,Bank_Cash,Cold Drinks,02-2025,Paid,Sameer,,Grocery,0227,,COGS - Grocery,Expense,0,,,,,,,,TRUE
05/02/2025,Chicken,1571,Bank,,02-2025,Paid,Sameer,,Inventory,0228,,COGS - NonVeg,Expense,0,,,,,,,,TRUE
05/02/2025,Advance,1500,Bank,Vijay,02-2025,Paid,Sameer,,Salary,0229,1,OpEx - Labor,Expense,0,,,,,,,,TRUE
05/02/2025,Disposable,1160,Bank,,02-2025,Paid,Sameer,,Inventory,0230,,COGS - Packaging,Expense,0,,,,,,,,TRUE
05/02/2025,Sales,1122,Online Sale,,02-2025,,,,Sales,0231,,Revenue,Income,0,,,,,,,,TRUE
05/02/2025,Charcoal,840,Bank,,02-2025,Paid,Sameer,,Inventory,0232,,COGS - Fuel,Expense,0,,,,,,,,TRUE
05/02/2025,Dairy,838,Bank,,02-2025,Paid,Sameer,,Inventory,0233,,COGS - Dairy,Expense,0,,,,,,,,TRUE
05/02/2025,Grocery,375,Bank,,02-2025,Paid,Sameer,,Inventory,0234,,COGS - Grocery,Expense,0,,,,,,,,TRUE
05/02/2025,Vegetables,203,Bank,,02-2025,Paid,Sameer,,Inventory,0235,,COGS - Veg,Expense,0,,,,,,,,TRUE
05/02/2025,Advance,200,Cash,Mahesh,02-2025,Paid,Sameer,,Salary,0236,,OpEx - Labor,Expense,0,,,,,,,,TRUE
05/02/2025,Sales,190,Zomato Pay,,02-2025,,,,Sales,0237,,Revenue,Income,0,,,,,,,,TRUE
05/02/2025,Beverages,160,Cash,Cold Drinks,02-2025,Paid,Sameer,,Grocery,0238,,COGS - Grocery,Expense,0,,,,,,,,TRUE
05/02/2025,Tea,120,Cash,,02-2025,Paid,Sameer,,Staff Expenses,0239,,OpEx - Labor,Expense,0,,,,,,,,TRUE
05/02/2025,Dairy,40,Cash,,02-2025,Paid,Sameer,,Inventory,0240,,COGS - Dairy,Expense,0,,,,,,,,TRUE
05/02/2025,Vegetables,20,Cash,Mint,02-2025,Paid,Sameer,,Inventory,0241,,COGS - Veg,Expense,0,,,,,,,,TRUE
05/02/2025,Sales,10,UPI,,02-2025,,,,Sales,0242,,Revenue,Income,0,,,,,,,,TRUE
06/02/2025,Sales,15650,Wallet,Petpooja,02-2025,,,,Sales,0243,,Revenue,Income,0,,,,,,,,TRUE
06/02/2025,Grocery,4283,Bank,Balaji,02-2025,Paid,Sameer,,Inventory,0244,,COGS - Grocery,Expense,0,,,,,,,,TRUE
06/02/2025,Chicken,4135,Bank,Golden Chicken,02-2025,Paid,Sameer,,Inventory,0245,,COGS - NonVeg,Expense,0,,,,,,,,TRUE
06/02/2025,Sales,3600,Cash,Cash Sale,02-2025,,,,Sales,0246,,Revenue,Income,0,,,,,,,,TRUE
06/02/2025,Sales,1244,Online Sale,Swiggy & Zomato,02-2025,,,,Sales,0247,,Revenue,Income,0,,,,,,,,TRUE
06/02/2025,Charcoal,840,Bank,Gyaneshwari,02-2025,Paid,Sameer,,Inventory,0248,,COGS - Fuel,Expense,0,,,,,,,,TRUE
06/02/2025,Dairy,803,Bank,Adarsh Dairy,02-2025,Paid,Sameer,,Inventory,0249,,COGS - Dairy,Expense,0,,,,,,,,TRUE
06/02/2025,Egg,757,Cash,Mulani,02-2025,Paid,Sameer,,Grocery,0250,,COGS - Grocery,Expense,0,,,,,,,,TRUE
06/02/2025,Vegetables,700,Bank,Gaatha,02-2025,Paid,Sameer,,Inventory,0251,,COGS - Veg,Expense,0,,,,,,,,TRUE
06/02/2025,Sales,670,UPI,UPI Sale,02-2025,,,,Sales,0252,,Revenue,Income,0,,,,,,,,TRUE
06/02/2025,Sales,470,Wallet,Zomato Pay,02-2025,,,,Sales,0253,,Revenue,Income,0,,,,,,,,TRUE
06/02/2025,Momos,210,Cash,Momos,02-2025,Paid,Sameer,,Inventory,0254,,COGS - Inventory,Expense,0,,,,,,,,TRUE
06/02/2025,Tea,83,Cash,Staff Tea,02-2025,Paid,Sameer,,Staff Expenses,0255,,OpEx - Labor,Expense,0,,,,,,,,TRUE
07/02/2025,Sales,26031,Wallet,Petpooja,02-2025,,,,Sales,0256,,Revenue,Income,0,,,,,,,,TRUE
07/02/2025,Chicken,2440,Bank,Golden Chicken,02-2025,Paid,Sameer,,Inventory,0257,,COGS - NonVeg,Expense,0,,,,,,,,TRUE
07/02/2025,Sales,2298,Online Sale,Swiggy & Zomato,02-2025,,,,Sales,0258,,Revenue,Income,0,,,,,,,,TRUE
07/02/2025,Sales,2160,Cash,Petpooja,02-2025,,,,Sales,0259,,Revenue,Income,0,,,,,,,,TRUE
07/02/2025,Dairy,1491,Bank,Adarsh Dairy,02-2025,Paid,Sameer,,Inventory,0260,,COGS - Dairy,Expense,0,,,,,,,,TRUE
07/02/2025,Mutton,1480,Cash,A1 Mutton,02-2025,Paid,Sameer,,Inventory,0261,,COGS - NonVeg,Expense,0,,,,,,,,TRUE
07/02/2025,Vegetables,549,Bank,Gaatha,02-2025,Paid,Sameer,,Inventory,0262,,COGS - Veg,Expense,0,,,,,,,,TRUE
07/02/2025,Grocery,475,Bank,Balaji,02-2025,Paid,Sameer,,Inventory,0263,,COGS - Grocery,Expense,0,,,,,,,,TRUE
07/02/2025,Maintenance,200,Cash,Welding,02-2025,Paid,Sameer,,Maintance,0264,,OpEx - Maintenance,Expense,0,,,,,,,,TRUE
07/02/2025,Tea,100,Cash,Staff Tea,02-2025,Paid,Sameer,,Staff Expenses,0265,,OpEx - Labor,Expense,0,,,,,,,,TRUE
07/02/2025,Vegetables,60,Cash,Papaya,02-2025,Paid,Sameer,,Inventory,0266,,COGS - Veg,Expense,0,,,,,,,,TRUE
07/02/2025,Maintenance,40,Cash,Lighter,02-2025,Paid,Sameer,,Maintance,0267,,OpEx - Maintenance,Expense,0,,,,,,,,TRUE
07/02/2025,Dairy,38,Cash,Milk,02-2025,Paid,Sameer,,Inventory,0268,,COGS - Dairy,Expense,0,,,,,,,,TRUE
07/02/2025,Kinners,10,Cash,Kinner,02-2025,Paid,Sameer,,Maintance,0269,,OpEx - Misc,Expense,0,,,,,,,,TRUE
08/02/2025,Sales,17459,Wallet,petpooja,02-2025,,,,Sales,0270,,Revenue,Income,0,,,,,,,,TRUE
08/02/2025,Chicken,5685,Bank,,02-2025,Paid,Sameer,,Inventory,0271,,COGS - NonVeg,Expense,0,,,,,,,,TRUE
08/02/2025,Sales,5260,Cash,petpooja,02-2025,,,,Sales,0272,,Revenue,Income,0,,,,,,,,TRUE
08/02/2025,Grocery,2290,Bank,,02-2025,Paid,Sameer,,Inventory,0273,,COGS - Grocery,Expense,0,,,,,,,,TRUE
08/02/2025,Sales,2037,Online Sale,Swiggy & Zomato,02-2025,,,,Sales,0274,,Revenue,Income,0,,,,,,,,TRUE
08/02/2025,Sales,1910,Card,petpooja,02-2025,,,,Sales,0275,,Revenue,Income,0,,,,,,,,TRUE
08/02/2025,Charcoal,1680,Bank,,02-2025,Paid,Sameer,,Inventory,0276,,COGS - Fuel,Expense,0,,,,,,,,TRUE
08/02/2025,Beverages,1300,Bank_Cash,,02-2025,Paid,Sameer,,Grocery,0277,,COGS - Grocery,Expense,0,,,,,,,,TRUE
08/02/2025,Sales,1280,Zomato Pay,petpooja,02-2025,,,,Sales,0278,,Revenue,Income,0,,,,,,,,TRUE
08/02/2025,Dairy,625,Bank,,02-2025,Paid,Sameer,,Inventory,0279,,COGS - Dairy,Expense,0,,,,,,,,TRUE
08/02/2025,Internet,600,Bank,,02-2025,Paid,Sameer,,Fixed Maintance,0280,,OpEx - Utilities,Expense,0,,,,,,,,TRUE
08/02/2025,Vegetables,532,Bank,,02-2025,Paid,Sameer,,Inventory,0281,,COGS - Veg,Expense,0,,,,,,,,TRUE
08/02/2025,Mutton,400,Bank_Cash,Paya,02-2025,Paid,Sameer,,Inventory,0282,,COGS - NonVeg,Expense,0,,,,,,,,TRUE
08/02/2025,Sales,149,UPI,petpooja,02-2025,,,,Sales,0283,,Revenue,Income,0,,,,,,,,TRUE
08/02/2025,Tea,100,Cash,staff tea,02-2025,Paid,Sameer,,Staff Expenses,0284,,OpEx - Labor,Expense,0,,,,,,,,TRUE
08/02/2025,Dairy,38,Cash,milk,02-2025,Paid,Sameer,,Inventory,0285,,COGS - Dairy,Expense,0,,,,,,,,TRUE
08/02/2025,Vegetables,30,Cash,Mint,02-2025,Paid,Sameer,,Inventory,0286,,COGS - Veg,Expense,0,,,,,,,,TRUE
08/02/2025,Kinners,20,Cash,kiner,02-2025,Paid,Sameer,,Maintance,0287,,OpEx - Misc,Expense,0,,,,,,,,TRUE
08/02/2025,Medical,20,Cash,Banded,02-2025,Paid,Sameer,,Staff Expenses,0288,,OpEx - Labor,Expense,0,,,,,,,,TRUE
08/02/2025,Beverages,20,Cash,soda,02-2025,Paid,Sameer,,Grocery,0289,,COGS - Grocery,Expense,0,,,,,,,,TRUE
09/02/2025,Sales,23463,Wallet,,02-2025,,,,Sales,0290,,Revenue,Income,0,,,,,,,,TRUE
09/02/2025,Sales,4599,Cash,,02-2025,,,,Sales,0291,,Revenue,Income,0,,,,,,,,TRUE
09/02/2025,Grocery,3900,Bank,Balaji,02-2025,Paid,Sameer,,Inventory,0292,,COGS - Grocery,Expense,0,,,,,,,,TRUE
09/02/2025,Chicken,2967,Bank,Golden Chicken,02-2025,Paid,Sameer,,Inventory,0293,,COGS - NonVeg,Expense,0,,,,,,,,TRUE
09/02/2025,Advance,2000,Bank_Cash,Danish,02-2025,Paid,Sameer,,Salary,0294,,OpEx - Labor,Expense,0,,,,,,,,TRUE
09/02/2025,Sales,1852,Online Sale,,02-2025,,,,Sales,0295,,Revenue,Income,0,,,,,,,,TRUE
09/02/2025,Dairy,1731,Bank,Adarsh Dairy,02-2025,Paid,Sameer,,Inventory,0296,,COGS - Dairy,Expense,0,,,,,,,,TRUE
09/02/2025,Disposable,1405,Bank,anand disposal,02-2025,Paid,Sameer,,Inventory,0297,,COGS - Packaging,Expense,0,,,,,,,,TRUE
09/02/2025,Advance,1000,Bank_Cash,raju,02-2025,Paid,Sameer,,Salary,0298,,OpEx - Labor,Expense,0,,,,,,,,TRUE
09/02/2025,Sales,925,UPI,,02-2025,,,,Sales,0299,,Revenue,Income,0,,,,,,,,TRUE
09/02/2025,Bakery,750,Bank_Cash,pita bread,02-2025,Paid,Sameer,,Grocery,0300,,COGS - Grocery,Expense,0,,,,,,,,TRUE
09/02/2025,Sales,715,Zomato Pay,petpooja,02-2025,,,,Sales,0301,,Revenue,Income,0,,,,,,,,TRUE
09/02/2025,Vegetables,606,Bank,gatha vegetable,02-2025,Paid,Sameer,,Inventory,0302,,COGS - Veg,Expense,0,,,,,,,,TRUE
09/02/2025,Sales,531,Card,,02-2025,,,,Sales,0303,,Revenue,Income,0,,,,,,,,TRUE
09/02/2025,Cash Shortage,455,Cash,Today's Cash Shortage,02-2025,Paid,Sameer,,Shortage,0304,,OpEx - Misc,Expense,0,,,,,,,,TRUE
09/02/2025,Tea,125,Bank_Cash,staff tea,02-2025,Paid,Sameer,,Staff Expenses,0305,,OpEx - Labor,Expense,0,,,,,,,,TRUE
09/02/2025,Vegetables,120,Bank_Cash,onion,02-2025,Paid,Sameer,,Inventory,0306,,COGS - Veg,Expense,0,,,,,,,,TRUE
09/02/2025,Advance,100,Bank_Cash,kanaya,02-2025,Paid,Sameer,,Salary,0307,,OpEx - Labor,Expense,0,,,,,,,,TRUE
09/02/2025,Kinners,70,Cash,kinner,02-2025,Paid,Sameer,,Maintance,0308,,OpEx - Misc,Expense,0,,,,,,,,TRUE
10/02/2025,Sales,10062,Wallet,petpooja,02-2025,,,,Sales,0309,,Revenue,Income,0,,,,,,,,TRUE
10/02/2025,Bank,6000,Bank_Cash,To Al zohra acc,02-2025,Paid,Sameer,,Cash Withdrawal,0310,,OpEx - Transfer,Expense,0,,,,,,,,TRUE
10/02/2025,Chicken,4840,Bank,Golden Chicken,02-2025,Paid,Sameer,,Inventory,0311,,COGS - NonVeg,Expense,0,,,,,,,,TRUE
10/02/2025,Sales,3645,Cash,petpooja,02-2025,,,,Sales,0312,,Revenue,Income,0,,,,,,,,TRUE
10/02/2025,Grocery,3083,Bank,Balaji,02-2025,Paid,Sameer,,Inventory,0313,,COGS - Grocery,Expense,0,,,,,,,,TRUE
10/02/2025,Sales,1862,Online Sale,Swiggy & Zomato,02-2025,,,,Sales,0314,,Revenue,Income,0,,,,,,,,TRUE
10/02/2025,Vegetables,1730,Bank_Cash,Onion,02-2025,Paid,Sameer,,Inventory,0315,,COGS - Veg,Expense,0,,,,,,,,TRUE
10/02/2025,Sales,1570,UPI,petpooja,02-2025,,,,Sales,0316,,Revenue,Income,0,,,,,,,,TRUE
10/02/2025,Dairy,1270,Bank,Adarsh Dairy,02-2025,Paid,Sameer,,Inventory,0317,,COGS - Dairy,Expense,0,,,,,,,,TRUE
10/02/2025,Charcoal,840,Bank,gyaneshwari charcoal,02-2025,Paid,Sameer,,Inventory,0318,,COGS - Fuel,Expense,0,,,,,,,,TRUE
10/02/2025,Vegetables,428,Bank,gatha vegetable,02-2025,Paid,Sameer,,Inventory,0319,,COGS - Veg,Expense,0,,,,,,,,TRUE
10/02/2025,Tea,105,Bank_Cash,Staff Tea,02-2025,Paid,Sameer,,Staff Expenses,0320,,OpEx - Labor,Expense,0,,,,,,,,TRUE
10/02/2025,Kinners,30,Cash,kinner,02-2025,Paid,Sameer,,Maintance,0321,,OpEx - Misc,Expense,0,,,,,,,,TRUE
11/02/2025,Sales,14439,Wallet,petpooja,02-2025,,,,Sales,0322,,Revenue,Income,0,,,,,,,,TRUE
11/02/2025,Sales,3210,Cash,petpooja,02-2025,,,,Sales,0323,,Revenue,Income,0,,,,,,,,TRUE
11/02/2025,Sales,2768,Online Sale,Swiggy & Zomato,02-2025,,,,Sales,0324,,Revenue,Income,0,,,,,,,,TRUE
11/02/2025,Grocery,2714,Bank,Balaji,02-2025,Paid,Sameer,,Inventory,0325,,COGS - Grocery,Expense,0,,,,,,,,TRUE
11/02/2025,Chicken,1830,Bank,Golden Chicken,02-2025,Paid,Sameer,,Inventory,0326,,COGS - NonVeg,Expense,0,,,,,,,,TRUE
11/02/2025,Dairy,1308,Bank,dairy,02-2025,Paid,Sameer,,Inventory,0327,,COGS - Dairy,Expense,0,,,,,,,,TRUE
11/02/2025,Egg,1040,Cash,mulani egg,02-2025,Paid,Sameer,,Grocery,0328,,COGS - Grocery,Expense,0,,,,,,,,TRUE
11/02/2025,Grocery,640,Bank_Cash,ajnomoto,02-2025,Paid,Sameer,,Inventory,0329,,COGS - Grocery,Expense,0,,,,,,,,TRUE
11/02/2025,Sales,629,Zomato Pay,petpooja,02-2025,,,,Sales,0330,,Revenue,Income,0,,,,,,,,TRUE
11/02/2025,Advance,500,Bank_Cash,ayub,02-2025,Paid,Sameer,,Salary,0331,,OpEx - Labor,Expense,0,,,,,,,,TRUE
11/02/2025,Vegetables,494,Bank,gatha vegetable,02-2025,Paid,Sameer,,Inventory,0332,,COGS - Veg,Expense,0,,,,,,,,TRUE
11/02/2025,Sales,480,Card,petpooja,02-2025,,,,Sales,0333,,Revenue,Income,0,,,,,,,,TRUE
11/02/2025,Tea,105,Bank_Cash,staff tea,02-2025,Paid,Sameer,,Staff Expenses,0334,,OpEx - Labor,Expense,0,,,,,,,,TRUE
11/02/2025,Sales,50,UPI,petpooja,02-2025,,,,Sales,0335,,Revenue,Income,0,,,,,,,,TRUE
11/02/2025,Kinners,40,Cash,kinner,02-2025,Paid,Sameer,,Maintance,0336,,OpEx - Misc,Expense,0,,,,,,,,TRUE
11/02/2025,Dairy,38,Bank_Cash,milk,02-2025,Paid,Sameer,,Inventory,0337,,COGS - Dairy,Expense,0,,,,,,,,TRUE
11/02/2025,Vegetables,20,Cash,pudina,02-2025,Paid,Sameer,,Inventory,0338,,COGS - Veg,Expense,0,,,,,,,,TRUE
12/02/2025,Sales,14105,Wallet,pet pooja,02-2025,,,,Sales,0339,,Revenue,Income,0,,,,,,,,TRUE
12/02/2025,Chicken,4559,Bank,Golden Chicken,02-2025,Paid,Sameer,,Inventory,0340,,COGS - NonVeg,Expense,0,,,,,,,,TRUE
12/02/2025,Sales,4148,Cash,pet pooja,02-2025,,,,Sales,0341,,Revenue,Income,0,,,,,,,,TRUE
12/02/2025,Sales,2440,Zomato Pay,pet pooja,02-2025,,,,Sales,0342,,Revenue,Income,0,,,,,,,,TRUE
12/02/2025,Cash Shortage,1940,Cash,cash shortage,02-2025,Paid,Sameer,,Shortage,0343,,OpEx - Misc,Expense,0,,,,,,,,TRUE
12/02/2025,Sales,1310,Online Sale,Swiggy & Zomato,02-2025,,,,Sales,0344,,Revenue,Income,0,,,,,,,,TRUE
12/02/2025,Dairy,970,Bank,Adarsh Dairy,02-2025,Paid,Sameer,,Inventory,0345,,COGS - Dairy,Expense,0,,,,,,,,TRUE
12/02/2025,Sales,470,UPI,pet pooja,02-2025,,,,Sales,0346,,Revenue,Income,0,,,,,,,,TRUE
12/02/2025,Sales,380,Card,pet pooja,02-2025,,,,Sales,0347,,Revenue,Income,0,,,,,,,,TRUE
12/02/2025,Vegetables,356,Bank,gatha vegetable,02-2025,Paid,Sameer,,Inventory,0348,,COGS - Veg,Expense,0,,,,,,,,TRUE
12/02/2025,Dairy,300,Bank_Cash,peri peri masala,02-2025,Paid,Sameer,,Inventory,0349,,COGS - Dairy,Expense,0,,,,,,,,TRUE
12/02/2025,Tea,100,Bank_Cash,staff tea,02-2025,Paid,Sameer,,Staff Expenses,0350,,OpEx - Labor,Expense,0,,,,,,,,TRUE
12/02/2025,Vegetables,70,Bank_Cash,papaya,02-2025,Paid,Sameer,,Inventory,0351,,COGS - Veg,Expense,0,,,,,,,,TRUE
12/02/2025,Vegetables,10,Cash,pudina,02-2025,Paid,Sameer,,Inventory,0352,,COGS - Veg,Expense,0,,,,,,,,TRUE
13/02/2025,Sales,8789,Wallet,petpooja,02-2025,,,,Sales,0353,,Revenue,Income,0,,,,,,,,TRUE
13/02/2025,Chicken,3810,Bank,Golden Chicken,02-2025,Paid,Sameer,,Inventory,0354,,COGS - NonVeg,Expense,0,,,,,,,,TRUE
13/02/2025,Grocery,3674,Bank,Balaji,02-2025,Paid,Sameer,,Inventory,0355,,COGS - Grocery,Expense,0,,,,,,,,TRUE
13/02/2025,Sales,2826,Online Sale,Swiggy & Zomato,02-2025,,,,Sales,0356,,Revenue,Income,0,,,,,,,,TRUE
13/02/2025,Grocery,2394,Bank,Balaji,02-2025,Paid,Sameer,,Inventory,0357,,COGS - Grocery,Expense,0,,,,,,,,TRUE
13/02/2025,Sales,1800,Cash,petpooja,02-2025,,,,Sales,0358,,Revenue,Income,0,,,,,,,,TRUE
13/02/2025,Sales,580,Zomato Pay,petpooja,02-2025,,,,Sales,0359,,Revenue,Income,0,,,,,,,,TRUE
13/02/2025,Dairy,536,Bank,Adarsh Dairy,02-2025,Paid,Sameer,,Inventory,0360,,COGS - Dairy,Expense,0,,,,,,,,TRUE
13/02/2025,Sales,480,UPI,petpooja,02-2025,,,,Sales,0361,,Revenue,Income,0,,,,,,,,TRUE
13/02/2025,Momos,210,Bank_Cash,momos,02-2025,Paid,Sameer,,Inventory,0362,,COGS - Inventory,Expense,0,,,,,,,,TRUE
13/02/2025,Sales,180,Card,petpooja,02-2025,,,,Sales,0363,,Revenue,Income,0,,,,,,,,TRUE
13/02/2025,Bakery,162,Bank_Cash,pita bread,02-2025,Paid,Sameer,,Grocery,0364,,COGS - Grocery,Expense,0,,,,,,,,TRUE
13/02/2025,Grocery,160,Bank,Balaji,02-2025,Paid,Sameer,,Inventory,0365,,COGS - Grocery,Expense,0,,,,,,,,TRUE
13/02/2025,Tea,130,Bank_Cash,staff tea,02-2025,Paid,Sameer,,Staff Expenses,0366,,OpEx - Labor,Expense,0,,,,,,,,TRUE
13/02/2025,Kinners,10,Cash,kinner,02-2025,Paid,Sameer,,Maintance,0367,,OpEx - Misc,Expense,0,,,,,,,,TRUE
13/02/2025,Vegetables,10,Cash,pudina,02-2025,Paid,Sameer,,Inventory,0368,,COGS - Veg,Expense,0,,,,,,,,TRUE
14/02/2025,Sales,28893,Wallet,petpooja,02-2025,,,,Sales,0369,,Revenue,Income,0,,,,,,,,TRUE
14/02/2025,Sales,4916,Online Sale,Swiggy & Zomato,02-2025,,,,Sales,0370,,Revenue,Income,0,,,,,,,,TRUE
14/02/2025,Charcoal,2520,Bank,charcoal,02-2025,Paid,Sameer,,Inventory,0371,,COGS - Fuel,Expense,0,,,,,,,,TRUE
14/02/2025,Sales,1999,Cash,petpooja,02-2025,,,,Sales,0372,,Revenue,Income,0,,,,,,,,TRUE
14/02/2025,Chicken,1392,Bank,Golden Chicken,02-2025,Paid,Sameer,,Inventory,0373,,COGS - NonVeg,Expense,0,,,,,,,,TRUE
14/02/2025,Sales,750,Card,petpooja,02-2025,,,,Sales,0374,,Revenue,Income,0,,,,,,,,TRUE
14/02/2025,egg,742,Cash,mulani egg,02-2025,Paid,Sameer,,Grocery,0375,,COGS - Grocery,Expense,0,,,,,,,,TRUE
14/02/2025,Dairy,700,Bank,dairy,02-2025,Paid,Sameer,,Inventory,0376,,COGS - Dairy,Expense,0,,,,,,,,TRUE
14/02/2025,Vegetables,561,Bank,gatha vegetable,02-2025,Paid,Sameer,,Inventory,0377,,COGS - Veg,Expense,0,,,,,,,,TRUE
14/02/2025,Sales,430,Zomato Pay,petpooja,02-2025,,,,Sales,0378,,Revenue,Income,0,,,,,,,,TRUE
14/02/2025,Tea,90,Bank_Cash,staff tea,02-2025,Paid,Sameer,,Staff Expenses,0379,,OpEx - Labor,Expense,0,,,,,,,,TRUE
14/02/2025,Kinners,40,Cash,kinner,02-2025,Paid,Sameer,,Maintance,0380,,OpEx - Misc,Expense,0,,,,,,,,TRUE
14/02/2025,Vegetables,20,Cash,pudina,02-2025,Paid,Sameer,,Inventory,0381,,COGS - Veg,Expense,0,,,,,,,,TRUE
15/02/2025,Sales,14543,Wallet,petpooja,02-2025,,,,Sales,0382,,Revenue,Income,0,,,,,,,,TRUE
15/02/2025,Chicken,5540,Bank,Golden Chicken,02-2025,Paid,Sameer,,Inventory,0383,,COGS - NonVeg,Expense,0,,,,,,,,TRUE
15/02/2025,Sales,5244,Cash,petpooja,02-2025,,,,Sales,0384,,Revenue,Income,0,,,,,,,,TRUE
15/02/2025,Sales,2100,Zomato Pay,petpooja,02-2025,,,,Sales,0385,,Revenue,Income,0,,,,,,,,TRUE
15/02/2025,Mutton,1880,Bank_Cash,muttan & paya,02-2025,Paid,Sameer,,Inventory,0386,,COGS - NonVeg,Expense,0,,,,,,,,TRUE
15/02/2025,Sales,1685,Card,petpooja,02-2025,,,,Sales,0387,,Revenue,Income,0,,,,,,,,TRUE
15/02/2025,Dairy,1308,Bank,Adarsh Dairy,02-2025,Paid,Sameer,,Inventory,0388,,COGS - Dairy,Expense,0,,,,,,,,TRUE
15/02/2025,Sales,1160,UPI,petpooja,02-2025,,,,Sales,0389,,Revenue,Income,0,,,,,,,,TRUE
15/02/2025,Sales,658,Online Sale,Swiggy & Zomato,02-2025,,,,Sales,0390,,Revenue,Income,0,,,,,,,,TRUE
15/02/2025,Bakery,650,Bank_Cash,pita bread,02-2025,Paid,Sameer,,Grocery,0391,,COGS - Grocery,Expense,0,,,,,,,,TRUE
15/02/2025,Dairy,550,Bank_Cash,soya chaap,02-2025,Paid,Sameer,,Inventory,0392,,COGS - Dairy,Expense,0,,,,,,,,TRUE
15/02/2025,Grocery,240,Bank_Cash,corn flower,02-2025,Paid,Sameer,,Inventory,0393,,COGS - Grocery,Expense,0,,,,,,,,TRUE
15/02/2025,Momos,210,Bank_Cash,momos,02-2025,Paid,Sameer,,Inventory,0394,,COGS - Inventory,Expense,0,,,,,,,,TRUE
15/02/2025,Tea,105,Bank_Cash,staff tea,02-2025,Paid,Sameer,,Staff Expenses,0395,,OpEx - Labor,Expense,0,,,,,,,,TRUE
15/02/2025,Dairy,100,Bank_Cash,mayones,02-2025,Paid,Sameer,,Inventory,0396,,COGS - Dairy,Expense,0,,,,,,,,TRUE
15/02/2025,Dairy,56,Bank_Cash,milk,02-2025,Paid,Sameer,,Inventory,0397,,COGS - Dairy,Expense,0,,,,,,,,TRUE
15/02/2025,Kinners,30,Cash,kinner,02-2025,Paid,Sameer,,Maintance,0398,,OpEx - Misc,Expense,0,,,,,,,,TRUE
16/02/2025,Sales,17085,Wallet,petpooja,02-2025,,,,Sales,0399,,Revenue,Income,0,,,,,,,,TRUE
16/02/2025,Chicken,4239,Bank,Golden Chicken,02-2025,Paid,Sameer,,Inventory,0400,,COGS - NonVeg,Expense,0,,,,,,,,TRUE
16/02/2025,Grocery,3592,Bank,Balaji,02-2025,Paid,Sameer,,Inventory,0401,,COGS - Grocery,Expense,0,,,,,,,,TRUE
16/02/2025,Disposable,3415,Bank,anand disposal,02-2025,Paid,Sameer,,Inventory,0402,,COGS - Packaging,Expense,0,,,,,,,,TRUE
16/02/2025,Grocery,2585,Bank,Balaji,02-2025,Paid,Sameer,,Inventory,0403,,COGS - Grocery,Expense,0,,,,,,,,TRUE
16/02/2025,Sales,2335,Cash,petpooja,02-2025,,,,Sales,0404,,Revenue,Income,0,,,,,,,,TRUE
16/02/2025,Mutton,2220,Bank_Cash,A1 mutton shop,02-2025,Paid,Sameer,,Inventory,0405,,COGS - NonVeg,Expense,0,,,,,,,,TRUE
16/02/2025,Sales,1960,Online Sale,Swiggy & Zomato,02-2025,,,,Sales,0406,,Revenue,Income,0,,,,,,,,TRUE
16/02/2025,Dairy,1336,Bank,Adarsh Dairy,02-2025,Paid,Sameer,,Inventory,0407,,COGS - Dairy,Expense,0,,,,,,,,TRUE
16/02/2025,Sales,1055,Card,petpooja,02-2025,,,,Sales,0408,,Revenue,Income,0,,,,,,,,TRUE
16/02/2025,Vegetables,629,Bank,gatha vegetable,02-2025,Paid,Sameer,,Inventory,0409,,COGS - Veg,Expense,0,,,,,,,,TRUE
16/02/2025,Vegetables,595,Bank,gatha vegetable,02-2025,Paid,Sameer,,Inventory,0410,,COGS - Veg,Expense,0,,,,,,,,TRUE
16/02/2025,Vegetables,515,Bank,gatha vegetable,02-2025,Paid,Sameer,,Inventory,0411,,COGS - Veg,Expense,0,,,,,,,,TRUE
16/02/2025,Petrol,400,Bank_Cash,,02-2025,Paid,Sameer,,Bike Maintance,0412,,OpEx - Maintenance,Expense,0,,,,,,,,TRUE
16/02/2025,Tea,115,Bank_Cash,staff tea,02-2025,Paid,Sameer,,Staff Expenses,0413,,OpEx - Labor,Expense,0,,,,,,,,TRUE
16/02/2025,Maintenance,80,Bank_Cash,knife sharpner,02-2025,Paid,Sameer,,Maintance,0414,,OpEx - Maintenance,Expense,0,,,,,,,,TRUE
16/02/2025,Sales,69,UPI,petpooja,02-2025,,,,Sales,0415,,Revenue,Income,0,,,,,,,,TRUE
16/02/2025,Kinners,30,Cash,kinner,02-2025,Paid,Sameer,,Maintance,0416,,OpEx - Misc,Expense,0,,,,,,,,TRUE
17/02/2025,Sales,8353,Wallet,petpooja,02-2025,,,,Sales,0417,,Revenue,Income,0,,,,,,,,TRUE
17/02/2025,Vegetables,3572,Bank_Cash,onion 106kg,02-2025,Paid,Sameer,,Inventory,0418,,COGS - Veg,Expense,0,,,,,,,,TRUE
17/02/2025,Sales,2580,Online Sale,petpooja,02-2025,,,,Sales,0419,,Revenue,Income,0,,,,,,,,TRUE
17/02/2025,Sales,2465,Cash,petpooja,02-2025,,,,Sales,0420,,Revenue,Income,0,,,,,,,,TRUE
17/02/2025,Chicken,2323,Bank,Golden Chicken,02-2025,Paid,Sameer,,Inventory,0421,,COGS - NonVeg,Expense,0,,,,,,,,TRUE
17/02/2025,Egg,727,Bank_Cash,mulani egg,02-2025,Paid,Sameer,,Grocery,0422,,COGS - Grocery,Expense,0,,,,,,,,TRUE
17/02/2025,Dairy,626,Bank,Adarsh Dairy,02-2025,Paid,Sameer,,Inventory,0423,,COGS - Dairy,Expense,0,,,,,,,,TRUE
17/02/2025,Vegetables,466,Bank,gatha vegetable,02-2025,Paid,Sameer,,Inventory,0424,,COGS - Veg,Expense,0,,,,,,,,TRUE
17/02/2025,Sales,320,UPI,petpooja,02-2025,,,,Sales,0425,,Revenue,Income,0,,,,,,,,TRUE
17/02/2025,Dairy,116,Bank_Cash,milk,02-2025,Paid,Sameer,,Inventory,0426,,COGS - Dairy,Expense,0,,,,,,,,TRUE
17/02/2025,Maintenance,100,Bank_Cash,news paper,02-2025,Paid,Sameer,,Maintance,0427,,OpEx - Maintenance,Expense,0,,,,,,,,TRUE
17/02/2025,Advance,100,Bank_Cash,kanaya,02-2025,Paid,Sameer,,Salary,0428,,OpEx - Labor,Expense,0,,,,,,,,TRUE
17/02/2025,Tea,90,Bank_Cash,staff tea,02-2025,Paid,Sameer,,Staff Expenses,0429,,OpEx - Labor,Expense,0,,,,,,,,TRUE
18/02/2025,Sales,14788,Wallet,petpooja,02-2025,,,,Sales,0430,,Revenue,Income,0,,,,,,,,TRUE
18/02/2025,Grocery,2458,Bank,Balaji,02-2025,Paid,Sameer,,Inventory,0431,,COGS - Grocery,Expense,0,,,,,,,,TRUE
18/02/2025,Sales,1911,Online Sale,petpooja,02-2025,,,,Sales,0432,,Revenue,Income,0,,,,,,,,TRUE
18/02/2025,Sales,1835,Card,petpooja,02-2025,,,,Sales,0433,,Revenue,Income,0,,,,,,,,TRUE
18/02/2025,Sales,1425,UPI,petpooja,02-2025,,,,Sales,0434,,Revenue,Income,0,,,,,,,,TRUE
18/02/2025,Chicken,1343,Bank,Golden Chicken,02-2025,Paid,Sameer,,Inventory,0435,,COGS - NonVeg,Expense,0,,,,,,,,TRUE
18/02/2025,Sales,1215,Cash,petpooja,02-2025,,,,Sales,0436,,Revenue,Income,0,,,,,,,,TRUE
18/02/2025,Sales,690,Zomato Pay,petpooja,02-2025,,,,Sales,0437,,Revenue,Income,0,,,,,,,,TRUE
18/02/2025,Dairy,646,Bank,Adarsh Dairy,02-2025,Paid,Sameer,,Inventory,0438,,COGS - Dairy,Expense,0,,,,,,,,TRUE
18/02/2025,Tea,135,Bank_Cash,staff tea,02-2025,Paid,Sameer,,Staff Expenses,0439,,OpEx - Labor,Expense,0,,,,,,,,TRUE
18/02/2025,Vegetables,15,Cash,pudina,02-2025,Paid,Sameer,,Inventory,0440,,COGS - Veg,Expense,0,,,,,,,,TRUE
19/02/2025,Sales,11913,Wallet,petpooja,02-2025,,,,Sales,0441,,Revenue,Income,0,,,,,,,,TRUE
19/02/2025,Grocery,3620,Bank,Balaji,02-2025,Paid,Sameer,,Inventory,0442,,COGS - Grocery,Expense,0,,,,,,,,TRUE
19/02/2025,Chicken,2717,Bank,Golden Chicken,02-2025,Paid,Sameer,,Inventory,0443,,COGS - NonVeg,Expense,0,,,,,,,,TRUE
19/02/2025,Sales,2677,Cash,petpooja,02-2025,,,,Sales,0444,,Revenue,Income,0,,,,,,,,TRUE
19/02/2025,Sales,2114,Online Sale,petpooja,02-2025,,,,Sales,0445,,Revenue,Income,0,,,,,,,,TRUE
19/02/2025,Beverages,1920,Bank_Cash,pepsi,02-2025,Paid,Sameer,,Grocery,0446,,COGS - Grocery,Expense,0,,,,,,,,TRUE
19/02/2025,Sales,1610,UPI,petpooja,02-2025,,,,Sales,0447,,Revenue,Income,0,,,,,,,,TRUE
19/02/2025,Petrol,1250,Bank_Cash,petrol,02-2025,Paid,Sameer,,Bike Maintance,0448,,OpEx - Maintenance,Expense,0,,,,,,,,TRUE
19/02/2025,Beverages,1200,Bank_Cash,tata water,02-2025,Paid,Sameer,,Grocery,0449,,COGS - Grocery,Expense,0,,,,,,,,TRUE
19/02/2025,Dairy,963,Bank,Adarsh Dairy,02-2025,Paid,Sameer,,Inventory,0450,,COGS - Dairy,Expense,0,,,,,,,,TRUE
19/02/2025,Disposable,500,Bank_Cash,Advance amount manager,02-2025,Paid,Sameer,,Inventory,0451,,COGS - Packaging,Expense,0,,,,,,,,TRUE
19/02/2025,Maintenance,500,Bank_Cash,vehical service,02-2025,Paid,Sameer,,Maintance,0452,,OpEx - Maintenance,Expense,0,,,,,,,,TRUE
19/02/2025,Vegetables,455,Bank,gatha vegetable,02-2025,Paid,Sameer,,Inventory,0453,,COGS - Veg,Expense,0,,,,,,,,TRUE
19/02/2025,Vegetables,449,Bank,gatha vegetable,02-2025,Paid,Sameer,,Inventory,0454,,COGS - Veg,Expense,0,,,,,,,,TRUE
19/02/2025,Sales,410,Card,petpooja,02-2025,,,,Sales,0455,,Revenue,Income,0,,,,,,,,TRUE
19/02/2025,Tea,135,Bank_Cash,staff tea,02-2025,Paid,Sameer,,Staff Expenses,0456,,OpEx - Labor,Expense,0,,,,,,,,TRUE
19/02/2025,Kinners,30,Cash,kinner,02-2025,Paid,Sameer,,Maintance,0457,,OpEx - Misc,Expense,0,,,,,,,,TRUE
19/02/2025,Vegetables,10,Cash,pudina,02-2025,Paid,Sameer,,Inventory,0458,,COGS - Veg,Expense,0,,,,,,,,TRUE
20/02/2025,Sales,14834,Wallet,petpooja,02-2025,,,,Sales,0459,,Revenue,Income,0,,,,,,,,TRUE
20/02/2025,Sales,4700,Cash,petpooja,02-2025,,,,Sales,0460,,Revenue,Income,0,,,,,,,,TRUE
20/02/2025,Chicken,3323,Bank,Golden Chicken,02-2025,Paid,Sameer,,Inventory,0461,,COGS - NonVeg,Expense,0,,,,,,,,TRUE
20/02/2025,Maintenance,1500,Bank_Cash,sheet,02-2025,Paid,Sameer,,Maintance,0462,,OpEx - Maintenance,Expense,0,,,,,,,,TRUE
20/02/2025,Grocery,1231,Bank,Balaji,02-2025,Paid,Sameer,,Inventory,0463,,COGS - Grocery,Expense,0,,,,,,,,TRUE
20/02/2025,Sales,1009,Zomato Pay,petpooja,02-2025,,,,Sales,0464,,Revenue,Income,0,,,,,,,,TRUE
20/02/2025,Sales,840,Online Sale,petpooja,02-2025,,,,Sales,0465,,Revenue,Income,0,,,,,,,,TRUE
20/02/2025,Garbage Vehicle,700,Bank_Cash,chicken garbage ,02-2025,Paid,Sameer,,Fixed Maintance,0466,,OpEx - Maintenance,Expense,0,,,,,,,,TRUE
20/02/2025,Vegetables,471,Bank,gatha vegetable,02-2025,Paid,Sameer,,Inventory,0467,,COGS - Veg,Expense,0,,,,,,,,TRUE
20/02/2025,Maintenance,400,Bank_Cash,pipe,02-2025,Paid,Sameer,,Maintance,0468,,OpEx - Maintenance,Expense,0,,,,,,,,TRUE
20/02/2025,Sales,185,UPI,petpooja,02-2025,,,,Sales,0469,,Revenue,Income,0,,,,,,,,TRUE
20/02/2025,Sales,180,Due,petpooja,02-2025,,,,Sales,0470,,Revenue,Income,0,,,,,,,,TRUE
20/02/2025,tea,135,Bank_Cash,staff tea,02-2025,Paid,Sameer,,Staff Expenses,0471,,OpEx - Labor,Expense,0,,,,,,,,TRUE
20/02/2025,Dairy,76,Bank_Cash,milk,02-2025,Paid,Sameer,,Inventory,0472,,COGS - Dairy,Expense,0,,,,,,,,TRUE
20/02/2025,Vegetables,60,Bank_Cash,papya,02-2025,Paid,Sameer,,Inventory,0473,,COGS - Veg,Expense,0,,,,,,,,TRUE
20/02/2025,Kinners,20,Cash,kinner,02-2025,Paid,Sameer,,Maintance,0474,,OpEx - Misc,Expense,0,,,,,,,,TRUE
21/02/2025,Sales,22146,Wallet,petpooja,02-2025,,,,Sales,0475,,Revenue,Income,0,,,,,,,,TRUE
21/02/2025,Chicken,3907,Bank,Golden Chicken,02-2025,Paid,Sameer,,Inventory,0476,,COGS - NonVeg,Expense,0,,,,,,,,TRUE
21/02/2025,Disposable,2980,Bank,disposal,02-2025,Paid,Sameer,,Inventory,0477,,COGS - Packaging,Expense,0,,,,,,,,TRUE
21/02/2025,Sales,1755,Card,petpooja,02-2025,,,,Sales,0478,,Revenue,Income,0,,,,,,,,TRUE
21/02/2025,Charcoal,1680,Bank,charcoal,02-2025,Paid,Sameer,,Inventory,0479,,COGS - Fuel,Expense,0,,,,,,,,TRUE
21/02/2025,Sales,1488,Online Sale,petpooja,02-2025,,,,Sales,0480,,Revenue,Income,0,,,,,,,,TRUE
21/02/2025,Sales,1229,Cash,petpooja,02-2025,,,,Sales,0481,,Revenue,Income,0,,,,,,,,TRUE
21/02/2025,Beverages,1200,Bank_Cash,tata water,02-2025,Paid,Sameer,,Grocery,0482,,COGS - Grocery,Expense,0,,,,,,,,TRUE
21/02/2025,Grocery,1068,Bank,Balaji,02-2025,Paid,Sameer,,Inventory,0483,,COGS - Grocery,Expense,0,,,,,,,,TRUE
21/02/2025,Dairy,968,Bank,Adarsh Dairy,02-2025,Paid,Sameer,,Inventory,0484,,COGS - Dairy,Expense,0,,,,,,,,TRUE
21/02/2025,Bakery,650,Bank_Cash,pita bread,02-2025,Paid,Sameer,,Grocery,0485,,COGS - Grocery,Expense,0,,,,,,,,TRUE
21/02/2025,Sales,589,UPI,petpooja,02-2025,,,,Sales,0486,,Revenue,Income,0,,,,,,,,TRUE
21/02/2025,Vegetables,350,Bank,gatha vegetable,02-2025,Paid,Sameer,,Inventory,0487,,COGS - Veg,Expense,0,,,,,,,,TRUE
21/02/2025,Maintenance,350,Bank_Cash,welding,02-2025,Paid,Sameer,,Maintance,0488,,OpEx - Maintenance,Expense,0,,,,,,,,TRUE
21/02/2025,Sales,230,Due,petpooja,02-2025,,,,Sales,0489,,Revenue,Income,0,,,,,,,,TRUE
21/02/2025,Sales,220,Zomato Pay,petpooja,02-2025,,,,Sales,0490,,Revenue,Income,0,,,,,,,,TRUE
21/02/2025,Maintenance,210,Bank_Cash,paint,02-2025,Paid,Sameer,,Maintance,0491,,OpEx - Maintenance,Expense,0,,,,,,,,TRUE
21/02/2025,tea,120,Bank_Cash,staff tea,02-2025,Paid,Sameer,,Staff Expenses,0492,,OpEx - Labor,Expense,0,,,,,,,,TRUE
21/02/2025,Kinners,30,Cash,kinner,02-2025,Paid,Sameer,,Maintance,0493,,OpEx - Misc,Expense,0,,,,,,,,TRUE
21/02/2025,Stationary,20,Cash,marker,02-2025,Paid,Sameer,,Inventory,0494,,COGS - Inventory,Expense,0,,,,,,,,TRUE
22/02/2025,Sales,15666,Wallet,petpooja,02-2025,,,,Sales,0495,,Revenue,Income,0,,,,,,,,TRUE
22/02/2025,Grocery,4278,Bank,Balaji,02-2025,Paid,Sameer,,Inventory,0496,,COGS - Grocery,Expense,0,,,,,,,,TRUE
22/02/2025,Sales,3937,Online Sale,Swiggy & Zomato,02-2025,,,,Sales,0497,,Revenue,Income,0,,,,,,,,TRUE
22/02/2025,Sales,3140,Cash,petpooja,02-2025,,,,Sales,0498,,Revenue,Income,0,,,,,,,,TRUE
22/02/2025,Grocery,3075,Bank,Balaji,02-2025,Paid,Sameer,,Inventory,0499,,COGS - Grocery,Expense,0,,,,,,,,TRUE
22/02/2025,Chicken,2076,Bank,Golden Chicken,02-2025,Paid,Sameer,,Inventory,0500,,COGS - NonVeg,Expense,0,,,,,,,,TRUE
22/02/2025,Vegetables,2000,Cash,Onion,02-2025,Paid,Sameer,,Inventory,0501,,COGS - Veg,Expense,0,,,,,,,,TRUE
22/02/2025,Vegetables,1650,Bank_Cash,Onion,02-2025,Paid,Sameer,,Inventory,0502,,COGS - Veg,Expense,0,,,,,,,,TRUE
22/02/2025,Sales,1570,UPI,petpooja,02-2025,,,,Sales,0503,,Revenue,Income,0,,,,,,,,TRUE
22/02/2025,Mutton,1480,Bank_Cash,mutton ,02-2025,Paid,Sameer,,Inventory,0504,,COGS - NonVeg,Expense,0,,,,,,,,TRUE
22/02/2025,Dairy,1168,Bank,Adarsh Dairy,02-2025,Paid,Sameer,,Inventory,0505,,COGS - Dairy,Expense,0,,,,,,,,TRUE
22/02/2025,Sales,675,Zomato Pay,petpooja,02-2025,,,,Sales,0506,,Revenue,Income,0,,,,,,,,TRUE
22/02/2025,Vegetables,484,Bank,gatha vegetable,02-2025,Paid,Sameer,,Inventory,0507,,COGS - Veg,Expense,0,,,,,,,,TRUE
22/02/2025,Maintenance,340,Bank_Cash,tublit 2 pics,02-2025,Paid,Sameer,,Maintance,0508,,OpEx - Maintenance,Expense,0,,,,,,,,TRUE
22/02/2025,Maintenance,135,Bank_Cash,maintance,02-2025,Paid,Sameer,,Maintance,0509,,OpEx - Maintenance,Expense,0,,,,,,,,TRUE
22/02/2025,tea,125,Bank_Cash,staff tea,02-2025,Paid,Sameer,,Staff Expenses,0510,,OpEx - Labor,Expense,0,,,,,,,,TRUE
22/02/2025,Vegetables,30,Cash,pudina,02-2025,Paid,Sameer,,Inventory,0511,,COGS - Veg,Expense,0,,,,,,,,TRUE
22/02/2025,Kinners,10,Cash,kinner,02-2025,Paid,Sameer,,Maintance,0512,,OpEx - Misc,Expense,0,,,,,,,,TRUE
23/02/2025,Sales,14098,Wallet,petpooja,02-2025,,,,Sales,0513,,Revenue,Income,0,,,,,,,,TRUE
23/02/2025,Sales,6166,Online Sale,Swiggy & Zomato,02-2025,,,,Sales,0514,,Revenue,Income,0,,,,,,,,TRUE
23/02/2025,Chicken,2926,Bank,Golden Chicken,02-2025,Paid,Sameer,,Inventory,0515,,COGS - NonVeg,Expense,0,,,,,,,,TRUE
23/02/2025,Sales,2270,UPI,petpooja,02-2025,,,,Sales,0516,,Revenue,Income,0,,,,,,,,TRUE
23/02/2025,Sales,1460,Cash,petpooja,02-2025,,,,Sales,0517,,Revenue,Income,0,,,,,,,,TRUE
23/02/2025,Sales,1350,Card,petpooja,02-2025,,,,Sales,0518,,Revenue,Income,0,,,,,,,,TRUE
23/02/2025,Egg,1165,Bank_Cash,mulani egg,02-2025,Paid,Sameer,,Grocery,0519,,COGS - Grocery,Expense,0,,,,,,,,TRUE
23/02/2025,Sales,1079,Zomato Pay,petpooja,02-2025,,,,Sales,0520,,Revenue,Income,0,,,,,,,,TRUE
23/02/2025,Dairy,690,Bank,Adarsh Dairy,02-2025,Paid,Sameer,,Inventory,0521,,COGS - Dairy,Expense,0,,,,,,,,TRUE
23/02/2025,Vegetables,670,Bank,gatha vegetable,02-2025,Paid,Sameer,,Inventory,0522,,COGS - Veg,Expense,0,,,,,,,,TRUE
23/02/2025,Dairy,210,Bank_Cash,momos,02-2025,Paid,Sameer,,Inventory,0523,,COGS - Dairy,Expense,0,,,,,,,,TRUE
23/02/2025,Tea,100,Bank_Cash,staff tea,02-2025,Paid,Sameer,,Staff Expenses,0524,,OpEx - Labor,Expense,0,,,,,,,,TRUE
23/02/2025,Maintenance,40,Bank_Cash,nut and boult,02-2025,Paid,Sameer,,Maintance,0525,,OpEx - Maintenance,Expense,0,,,,,,,,TRUE
23/02/2025,Kinners,20,Cash,kinner,02-2025,Paid,Sameer,,Maintance,0526,,OpEx - Misc,Expense,0,,,,,,,,TRUE
23/02/2025,Tea,20,Cash,staff tea,02-2025,Paid,Sameer,,Staff Expenses,0527,,OpEx - Labor,Expense,0,,,,,,,,TRUE
24/02/2025,Maintenance,100,Bank_Cash,restauranr sheeter grece,02-2025,Paid,Sameer,,Maintance,0528,,OpEx - Maintenance,Expense,0,,,,,,,,TRUE
24/02/2025,Vegetables,371,Bank,gatha vegetable,02-2025,Paid,Sameer,,Inventory,0529,,COGS - Veg,Expense,0,,,,,,,,TRUE
24/02/2025,Chicken,3511,Bank,Golden Chicken,02-2025,Paid,Sameer,,Inventory,0530,,COGS - NonVeg,Expense,0,,,,,,,,TRUE
24/02/2025,Charcoal,1680,Bank,charcoal,02-2025,Paid,Sameer,,Inventory,0531,,COGS - Fuel,Expense,0,,,,,,,,TRUE
24/02/2025,Dairy,976,Bank,Adarsh Dairy,02-2025,Paid,Sameer,,Inventory,0532,,COGS - Dairy,Expense,0,,,,,,,,TRUE
24/02/2025,Kinners,20,Cash,kinner,02-2025,Paid,Sameer,,Maintance,0533,,OpEx - Misc,Expense,0,,,,,,,,TRUE
24/02/2025,Tea,125,Bank_Cash,staff tea,02-2025,Paid,Sameer,,Staff Expenses,0534,,OpEx - Labor,Expense,0,,,,,,,,TRUE
24/02/2025,Advance,500,Bank_Cash,Danish,02-2025,Paid,Sameer,,Salary,0535,,OpEx - Labor,Expense,0,,,,,,,,TRUE
24/02/2025,Dairy,60,Bank_Cash,milk,02-2025,Paid,Sameer,,Inventory,0536,,COGS - Dairy,Expense,0,,,,,,,,TRUE
24/02/2025,Advance,1000,Bank_Cash,salary suhail,02-2025,Paid,Sameer,,Salary,0537,,OpEx - Labor,Expense,0,,,,,,,,TRUE
24/02/2025,Sales,2085,Cash,petpooja,02-2025,,,,Sales,0538,,Revenue,Income,0,,,,,,,,TRUE
24/02/2025,Sales,765,Card,petpooja,02-2025,,,,Sales,0539,,Revenue,Income,0,,,,,,,,TRUE
24/02/2025,Sales,880,UPI,petpooja,02-2025,,,,Sales,0540,,Revenue,Income,0,,,,,,,,TRUE
24/02/2025,Sales,11543,Wallet,petpooja,02-2025,,,,Sales,0541,,Revenue,Income,0,,,,,,,,TRUE
24/02/2025,Sales,2960,Zomato Pay,petpooja,02-2025,,,,Sales,0542,,Revenue,Income,0,,,,,,,,TRUE
24/02/2025,Sales,3586,Online Sale,Swiggy & Zomato,02-2025,,,,Sales,0543,,Revenue,Income,0,,,,,,,,TRUE
25/02/2025,Grocery,2973,Bank,Balaji,02-2025,Paid,Sameer,,Inventory,0544,,COGS - Grocery,Expense,0,,,,,,,,TRUE
25/02/2025,Grocery,1131,Bank,Balaji,02-2025,Paid,Sameer,,Inventory,0545,,COGS - Grocery,Expense,0,,,,,,,,TRUE
25/02/2025,Vegetables,282,Bank,gatha vegetable,02-2025,Paid,Sameer,,Inventory,0546,,COGS - Veg,Expense,0,,,,,,,,TRUE
25/02/2025,Chicken,823,Bank,Golden Chicken,02-2025,Paid,Sameer,,Inventory,0547,,COGS - NonVeg,Expense,0,,,,,,,,TRUE
25/02/2025,Dairy,496,Bank,Adarsh Dairy,02-2025,Paid,Sameer,,Inventory,0548,,COGS - Dairy,Expense,0,,,,,,,,TRUE
25/02/2025,Kinners,20,Cash,kinner,02-2025,Paid,Sameer,,Maintance,0549,,OpEx - Misc,Expense,0,,,,,,,,TRUE
25/02/2025,Electricity,17460,Bank,electricity,02-2025,Paid,Sameer,,Fixed Maintance,0550,,OpEx - Utilities,Expense,0,,,,,,,,TRUE
25/02/2025,Electricity,3590,Bank,electricity,02-2025,Paid,Sameer,,Fixed Maintance,0551,,OpEx - Utilities,Expense,0,,,,,,,,TRUE
25/02/2025,Grocery,198,Bank_Cash,Balaji,02-2025,Paid,Sameer,,Inventory,0552,,COGS - Grocery,Expense,0,,,,,,,,TRUE
25/02/2025,Tea,100,Bank_Cash,staff tea,02-2025,Paid,Sameer,,Staff Expenses,0553,,OpEx - Labor,Expense,0,,,,,,,,TRUE
25/02/2025,Maintenance,20,Cash,lighter,02-2025,Paid,Sameer,,Maintance,0554,,OpEx - Maintenance,Expense,0,,,,,,,,TRUE
25/02/2025,Sales,1240,Cash,petpooja,02-2025,,,,Sales,0555,,Revenue,Income,0,,,,,,,,TRUE
25/02/2025,Sales,100,Due,petpooja,02-2025,,,,Sales,0556,,Revenue,Income,0,,,,,,,,TRUE
25/02/2025,Sales,350,UPI,petpooja,02-2025,,,,Sales,0557,,Revenue,Income,0,,,,,,,,TRUE
25/02/2025,Sales,9793,Wallet,petpooja,02-2025,,,,Sales,0558,,Revenue,Income,0,,,,,,,,TRUE
25/02/2025,Sales,1250,Zomato Pay,petpooja,02-2025,,,,Sales,0559,,Revenue,Income,0,,,,,,,,TRUE
25/02/2025,Sales,2744,Online Sale,Swiggy & Zomato,02-2025,,,,Sales,0560,,Revenue,Income,0,,,,,,,,TRUE
25/02/2025,Dairy,37,Bank_Cash,milk,02-2025,Paid,Sameer,,Inventory,0561,,COGS - Dairy,Expense,0,,,,,,,,TRUE
27/02/2025,Grocery,1258,Bank,Balaji,02-2025,Paid,Sameer,,Inventory,0562,,COGS - Grocery,Expense,0,,,,,,,,TRUE
27/02/2025,Dairy,1710,Bank,Adarsh Dairy,02-2025,Paid,Sameer,,Inventory,0563,,COGS - Dairy,Expense,0,,,,,,,,TRUE
27/02/2025,Bakery,700,Bank_Cash,pita bread,02-2025,Paid,Sameer,,Grocery,0564,,COGS - Grocery,Expense,0,,,,,,,,TRUE
27/02/2025,Chicken,6351,Bank,Golden Chicken,02-2025,Paid,Sameer,,Inventory,0565,,COGS - NonVeg,Expense,0,,,,,,,,TRUE
27/02/2025,Vegetables,845,Bank,gatha vegetable,02-2025,Paid,Sameer,,Inventory,0566,,COGS - Veg,Expense,0,,,,,,,,TRUE
27/02/2025,Dairy,550,Bank_Cash,soya chaap,02-2025,Paid,Sameer,,Inventory,0567,,COGS - Dairy,Expense,0,,,,,,,,TRUE
27/02/2025,tea,225,Bank_Cash,staff tea,02-2025,Paid,Sameer,,Staff Expenses,0568,,OpEx - Labor,Expense,0,,,,,,,,TRUE
27/02/2025,Vegetables,120,Bank_Cash,papya,02-2025,Paid,Sameer,,Inventory,0569,,COGS - Veg,Expense,0,,,,,,,,TRUE
27/02/2025,Dairy,30,Bank_Cash,milk,02-2025,Paid,Sameer,,Inventory,0570,,COGS - Dairy,Expense,0,,,,,,,,TRUE
27/02/2025,Maintenance,60,Bank_Cash,bond,02-2025,Paid,Sameer,,Maintance,0571,,OpEx - Maintenance,Expense,0,,,,,,,,TRUE
27/02/2025,tea,20,Cash,staff tea,02-2025,Paid,Sameer,,Staff Expenses,0572,,OpEx - Labor,Expense,0,,,,,,,,TRUE
27/02/2025,Kinners,30,Cash,kinner,02-2025,Paid,Sameer,,Maintance,0573,,OpEx - Misc,Expense,0,,,,,,,,TRUE
27/02/2025,Advance,200,Bank_Cash,nafees ,02-2025,Paid,Sameer,,Salary,0574,,OpEx - Labor,Expense,0,,,,,,,,TRUE
27/02/2025,Sales,4580,Cash,petpooja,02-2025,,,,Sales,0575,,Revenue,Income,0,,,,,,,,TRUE
27/02/2025,Sales,2130,Card,petpooja,02-2025,,,,Sales,0576,,Revenue,Income,0,,,,,,,,TRUE
27/02/2025,Sales,449,UPI,petpooja,02-2025,,,,Sales,0577,,Revenue,Income,0,,,,,,,,TRUE
27/02/2025,Sales,16316,Wallet,petpooja,02-2025,,,,Sales,0578,,Revenue,Income,0,,,,,,,,TRUE
27/02/2025,Sales,2090,Zomato Pay,petpooja,02-2025,,,,Sales,0579,,Revenue,Income,0,,,,,,,,TRUE
27/02/2025,Sales,3769,Online Sale,Swiggy & Zomato,02-2025,,,,Sales,0580,,Revenue,Income,0,,,,,,,,TRUE
28/02/2025,Grocery,10,Cash,Paw (Tava),02-2025,Paid,Sameer,,Inventory,0581,,COGS - Grocery,Expense,0,,,,,,,,TRUE
28/02/2025,Kinners,6,Cash,kinner,02-2025,Paid,Sameer,,Maintance,0582,,OpEx - Misc,Expense,0,,,,,,,,TRUE
28/02/2025,Dairy,810,Bank,Adarsh Dairy,02-2025,Paid,Sameer,,Inventory,0583,,COGS - Dairy,Expense,0,,,,,,,,TRUE
28/02/2025,Chicken,7910,Bank,Golden Chicken,02-2025,Paid,Sameer,,Inventory,0584,,COGS - NonVeg,Expense,0,,,,,,,,TRUE
28/02/2025,Charcoal,1680,Bank,charcoal,02-2025,Paid,Sameer,,Inventory,0585,,COGS - Fuel,Expense,0,,,,,,,,TRUE
28/02/2025,Grocery,4202,Bank,Balaji,02-2025,Paid,Sameer,,Inventory,0586,,COGS - Grocery,Expense,0,,,,,,,,TRUE
28/02/2025,Vegetables,727,Bank,gatha vegetable,02-2025,Paid,Sameer,,Inventory,0587,,COGS - Veg,Expense,0,,,,,,,,TRUE
28/02/2025,Egg,765,Cash,mulani egg,02-2025,Paid,Sameer,,Grocery,0588,,COGS - Grocery,Expense,0,,,,,,,,TRUE
28/02/2025,Mutton,2420,Bank_Cash,A1 mutton,02-2025,Paid,Sameer,,Inventory,0589,,COGS - NonVeg,Expense,0,,,,,,,,TRUE
28/02/2025,Restaurant New Inventory,450,Bank_Cash,bed,02-2025,Paid,Sameer,,New Inventory,0590,,OpEx - CapEx,Expense,0,,,,,,,,TRUE
28/02/2025,Maintenance,100,Bank_Cash,contaner,02-2025,Paid,Sameer,,Maintance,0591,,OpEx - Maintenance,Expense,0,,,,,,,,TRUE
28/02/2025,Vegetables,1200,Bank_Cash,onion,02-2025,Paid,Sameer,,Inventory,0592,,COGS - Veg,Expense,0,,,,,,,,TRUE
28/02/2025,Maintenance,20,Bank_Cash,tax,02-2025,Paid,Sameer,,Maintance,0593,,OpEx - Maintenance,Expense,0,,,,,,,,TRUE
28/02/2025,Tea,130,Cash,staff tea,02-2025,Paid,Sameer,,Staff Expenses,0594,,OpEx - Labor,Expense,0,,,,,,,,TRUE
28/02/2025,Grocery,100,Bank_Cash,souce botl,02-2025,Paid,Sameer,,Inventory,0595,,COGS - Grocery,Expense,0,,,,,,,,TRUE
28/02/2025,Petrol,780,Cash,petrol,02-2025,Paid,Sameer,,Bike Maintance,0596,,OpEx - Maintenance,Expense,0,,,,,,,,TRUE
28/02/2025,Beverages,270,Bank_Cash,water,02-2025,Paid,Sameer,,Grocery,0597,,COGS - Grocery,Expense,0,,,,,,,,TRUE
28/02/2025,Grocery,210,Bank_Cash,cocunet,02-2025,Paid,Sameer,,Inventory,0598,,COGS - Grocery,Expense,0,,,,,,,,TRUE
28/02/2025,Petrol,400,Bank_Cash,petrol,02-2025,Paid,Sameer,,Bike Maintance,0599,,OpEx - Maintenance,Expense,0,,,,,,,,TRUE
28/02/2025,Advance,2100,Cash,kanaya,02-2025,Paid,Sameer,,Salary,0600,,OpEx - Labor,Expense,0,,,,,,,,TRUE
28/02/2025,Sales,5440,Cash,petpooja,02-2025,,,,Sales,0601,,Revenue,Income,0,,,,,,,,TRUE
28/02/2025,Sales,3690,Card,petpooja,02-2025,,,,Sales,0602,,Revenue,Income,0,,,,,,,,TRUE
28/02/2025,Sales,260,Due,petpooja,02-2025,,,,Sales,0603,,Revenue,Income,0,,,,,,,,TRUE
28/02/2025,Sales,810,UPI,petpooja,02-2025,,,,Sales,0604,,Revenue,Income,0,,,,,,,,TRUE
28/02/2025,Sales,26223,Wallet,petpooja,02-2025,,,,Sales,0605,,Revenue,Income,0,,,,,,,,TRUE
28/02/2025,Sales,1848,Zomato Pay,petpooja,02-2025,,,,Sales,0606,,Revenue,Income,0,,,,,,,,TRUE
28/02/2025,Sales,6323,Online Sale,Swiggy & Zomato,02-2025,,,,Sales,0607,,Revenue,Income,0,,,,,,,,TRUE
01/03/2025,Kinners,50,Cash,kinner,03-2025,Paid,Sameer,,Maintance,0608,,OpEx - Misc,Expense,0,,,,,,,,TRUE
01/03/2025,Vegetables,25,Cash,pudina,03-2025,Paid,Sameer,,Inventory,0609,,COGS - Veg,Expense,0,,,,,,,,TRUE
01/03/2025,Grocery,4645,Bank,Balaji,03-2025,Paid,Sameer,,Inventory,0610,,COGS - Grocery,Expense,0,,,,,,,,TRUE
01/03/2025,Charcoal,840,Bank,charcoal,03-2025,Paid,Sameer,,Inventory,0611,,COGS - Fuel,Expense,0,,,,,,,,TRUE
01/03/2025,Dairy,2298,Bank,Adarsh Dairy,03-2025,Paid,Sameer,,Inventory,0612,,COGS - Dairy,Expense,0,,,,,,,,TRUE
01/03/2025,Chicken,8352,Bank,Golden Chicken,03-2025,Paid,Sameer,,Inventory,0613,,COGS - NonVeg,Expense,0,,,,,,,,TRUE
01/03/2025,Dairy,700,Bank_Cash,pita bread,03-2025,Paid,Sameer,,Inventory,0614,,COGS - Dairy,Expense,0,,,,,,,,TRUE
01/03/2025,Beverages,2160,Bank,pepsi,03-2025,Paid,Sameer,,Grocery,0615,,COGS - Grocery,Expense,0,,,,,,,,TRUE
01/03/2025,Maintenance,270,Bank_Cash,knife sharpner,03-2025,Paid,Sameer,,Maintance,0616,,OpEx - Maintenance,Expense,0,,,,,,,,TRUE
01/03/2025,Tea,120,Bank_Cash,staff tea,03-2025,Paid,Sameer,,Staff Expenses,0617,,OpEx - Labor,Expense,0,,,,,,,,TRUE
01/03/2025,Sales,4259,Cash,petpooja,03-2025,,,,Sales,0618,,Revenue,Income,0,,,,,,,,TRUE
01/03/2025,Sales,760,Card,petpooja,03-2025,,,,Sales,0619,,Revenue,Income,0,,,,,,,,TRUE
01/03/2025,Sales,4640,UPI,petpooja,03-2025,,,,Sales,0620,,Revenue,Income,0,,,,,,,,TRUE
01/03/2025,Sales,32481,Wallet,petpooja,03-2025,,,,Sales,0621,,Revenue,Income,0,,,,,,,,TRUE
01/03/2025,Sales,1079,Zomato Pay,petpooja,03-2025,,,,Sales,0622,,Revenue,Income,0,,,,,,,,TRUE
01/03/2025,Sales,8030,Online Sale,Swiggy & Zomato,03-2025,,,,Sales,0623,,Revenue,Income,0,,,,,,,,TRUE
02/03/2025,Beverages,2400,Bank,tata water,03-2025,Paid,Sameer,,Grocery,0624,,COGS - Grocery,Expense,0,,,,,,,,TRUE
02/03/2025,Grocery,2925,Bank,Balaji,03-2025,Paid,Sameer,,Inventory,0625,,COGS - Grocery,Expense,0,,,,,,,,TRUE
02/03/2025,Egg,770,Bank_Cash,mulani egg,03-2025,Paid,Sameer,,Grocery,0626,,COGS - Grocery,Expense,0,,,,,,,,TRUE
02/03/2025,Chicken,9188,Bank,Golden Chicken,03-2025,Paid,Sameer,,Inventory,0627,,COGS - NonVeg,Expense,0,,,,,,,,TRUE
02/03/2025,Dairy,2795,Bank,Adarsh Dairy,03-2025,Paid,Sameer,,Inventory,0628,,COGS - Dairy,Expense,0,,,,,,,,TRUE
02/03/2025,Advance,5000,Bank,raju tandoor,03-2025,Paid,Sameer,,Salary,0629,,OpEx - Labor,Expense,0,,,,,,,,TRUE
02/03/2025,Tea,125,Bank_Cash,staff tea,03-2025,Paid,Sameer,,Staff Expenses,0630,,OpEx - Labor,Expense,0,,,,,,,,TRUE
02/03/2025,Maintenance,110,Bank_Cash,tap wall,03-2025,Paid,Sameer,,Maintance,0631,,OpEx - Maintenance,Expense,0,,,,,,,,TRUE
02/03/2025,Kinners,50,Cash,kinner,03-2025,Paid,Sameer,,Maintance,0632,,OpEx - Misc,Expense,0,,,,,,,,TRUE
02/03/2025,Sales,1870,Cash,petpooja,03-2025,,,,Sales,0633,,Revenue,Income,0,,,,,,,,TRUE
02/03/2025,Sales,820,UPI,petpooja,03-2025,,,,Sales,0634,,Revenue,Income,0,,,,,,,,TRUE
02/03/2025,Sales,21971,Wallet,petpooja,03-2025,,,,Sales,0635,,Revenue,Income,0,,,,,,,,TRUE
02/03/2025,Sales,270,Zomato Pay,petpooja,03-2025,,,,Sales,0636,,Revenue,Income,0,,,,,,,,TRUE
02/03/2025,Sales,5284,Online Sale,Swiggy & Zomato,03-2025,,,,Sales,0637,,Revenue,Income,0,,,,,,,,TRUE
03/03/2025,Grocery,4752,Bank,Balaji,03-2025,Paid,Sameer,,Inventory,0638,,COGS - Grocery,Expense,0,,,,,,,,TRUE
03/03/2025,Charcoal,1680,Bank,charcoal,03-2025,Paid,Sameer,,Inventory,0639,,COGS - Fuel,Expense,0,,,,,,,,TRUE
03/03/2025,Dairy,1381,Bank,Adarsh Dairy,03-2025,Paid,Sameer,,Inventory,0640,,COGS - Dairy,Expense,0,,,,,,,,TRUE
03/03/2025,Chicken,7309,Bank,Golden Chicken,03-2025,Paid,Sameer,,Inventory,0641,,COGS - NonVeg,Expense,0,,,,,,,,TRUE
03/03/2025,Mutton,2220,Bank_Cash,A1 mutton,03-2025,Paid,Sameer,,Inventory,0642,,COGS - NonVeg,Expense,0,,,,,,,,TRUE
03/03/2025,Kinners,100,Cash,kinner,03-2025,Paid,Sameer,,Maintance,0643,,OpEx - Misc,Expense,0,,,,,,,,TRUE
03/03/2025,Dairy,550,Bank_Cash,soya chaap,03-2025,Paid,Sameer,,Inventory,0644,,COGS - Dairy,Expense,0,,,,,,,,TRUE
03/03/2025,Grocery,272,Bank_Cash,Balaji,03-2025,Paid,Sameer,,Inventory,0645,,COGS - Grocery,Expense,0,,,,,,,,TRUE
03/03/2025,egg,880,Cash,mulani egg,03-2025,Paid,Sameer,,Grocery,0646,,COGS - Grocery,Expense,0,,,,,,,,TRUE
03/03/2025,Tea,100,Bank_Cash,staff tea,03-2025,Paid,Sameer,,Staff Expenses,0647,,OpEx - Labor,Expense,0,,,,,,,,TRUE
03/03/2025,Vegetables,35,Cash,pudina,03-2025,Paid,Sameer,,Inventory,0648,,COGS - Veg,Expense,0,,,,,,,,TRUE
03/03/2025,Sales,2014,Cash,petpooja,03-2025,,,,Sales,0649,,Revenue,Income,0,,,,,,,,TRUE
03/03/2025,Sales,654,Card,petpooja,03-2025,,,,Sales,0650,,Revenue,Income,0,,,,,,,,TRUE
03/03/2025,Sales,320,UPI,petpooja,03-2025,,,,Sales,0651,,Revenue,Income,0,,,,,,,,TRUE
03/03/2025,Sales,15218,Wallet,petpooja,03-2025,,,,Sales,0652,,Revenue,Income,0,,,,,,,,TRUE
03/03/2025,Sales,380,Zomato Pay,petpooja,03-2025,,,,Sales,0653,,Revenue,Income,0,,,,,,,,TRUE
03/03/2025,Sales,4221,Online Sale,Swiggy & Zomato,03-2025,,,,Sales,0654,,Revenue,Income,0,,,,,,,,TRUE
03/03/2025,Medical,700,Bank_Cash,nafees ,03-2025,Paid,Sameer,,Staff Expenses,0655,,OpEx - Labor,Expense,0,,,,,,,,TRUE
03/03/2025,Vegetables,120,Bank_Cash,papya,03-2025,Paid,Sameer,,Inventory,0656,,COGS - Veg,Expense,0,,,,,,,,TRUE
03/03/2025,Dairy,60,Bank_Cash,milk,03-2025,Paid,Sameer,,Inventory,0657,,COGS - Dairy,Expense,0,,,,,,,,TRUE
04/03/2025,Chicken,2661,Bank,Golden Chicken,03-2025,Paid,Sameer,,Inventory,0658,,COGS - NonVeg,Expense,0,,,,,,,,TRUE
04/03/2025,Grocery,2040,Bank,Balaji,03-2025,Paid,Sameer,,Inventory,0659,,COGS - Grocery,Expense,0,,,,,,,,TRUE
04/03/2025,Dairy,371,Bank,Adarsh Dairy,03-2025,Paid,Sameer,,Inventory,0660,,COGS - Dairy,Expense,0,,,,,,,,TRUE
04/03/2025,Vegetables,440,Bank,gatha vegetable,03-2025,Paid,Sameer,,Inventory,0661,,COGS - Veg,Expense,0,,,,,,,,TRUE
04/03/2025,Vegetables,415,Bank,gatha vegetable,03-2025,Paid,Sameer,,Inventory,0662,,COGS - Veg,Expense,0,,,,,,,,TRUE
04/03/2025,Beverages,1300,Bank,bailley bottle,03-2025,Paid,Sameer,,Grocery,0663,,COGS - Grocery,Expense,0,,,,,,,,TRUE
04/03/2025,Kinners,50,Cash,kinner,03-2025,Paid,Sameer,,Maintance,0664,,OpEx - Misc,Expense,0,,,,,,,,TRUE
04/03/2025,Mutton,4440,Bank,A1 mutton,03-2025,Paid,Sameer,,Inventory,0665,,COGS - NonVeg,Expense,0,,,,,,,,TRUE
04/03/2025,Grocery,300,Bank_Cash,pery pery masala,03-2025,Paid,Sameer,,Inventory,0666,,COGS - Grocery,Expense,0,,,,,,,,TRUE
04/03/2025,tea,120,Bank_Cash,staff tea,03-2025,Paid,Sameer,,Staff Expenses,0667,,OpEx - Labor,Expense,0,,,,,,,,TRUE
04/03/2025,Vegetables,1350,Bank_Cash,onion,03-2025,Paid,Sameer,,Inventory,0668,,COGS - Veg,Expense,0,,,,,,,,TRUE
04/03/2025,Police,2000,Bank,Laute,03-2025,Paid,Sameer,,Fixed Maintance,0669,,OpEx - Fixed,Expense,0,,,,,,,,TRUE
04/03/2025,Police,8500,Bank,Pawar,03-2025,Paid,Sameer,,Fixed Maintance,0670,,OpEx - Fixed,Expense,0,,,,,,,,TRUE
04/03/2025,Advance,6000,Bank,Mausi,03-2025,Paid,Sameer,,Salary,0671,,OpEx - Labor,Expense,0,,,,,,,,TRUE
04/03/2025,Sales,3979,Cash,petpooja,03-2025,,,,Sales,0672,,Revenue,Income,0,,,,,,,,TRUE
04/03/2025,Sales,705,Card,petpooja,03-2025,,,,Sales,0673,,Revenue,Income,0,,,,,,,,TRUE
04/03/2025,Sales,16472,Wallet,petpooja,03-2025,,,,Sales,0674,,Revenue,Income,0,,,,,,,,TRUE
04/03/2025,Sales,6740,Online Sale,Swiggy & Zomato,03-2025,,,,Sales,0675,,Revenue,Income,0,,,,,,,,TRUE
05/03/2025,Vegetables,650,Bank,gatha vegetable,03-2025,Paid,Sameer,,Inventory,0676,,COGS - Veg,Expense,0,,,,,,,,TRUE
05/03/2025,Disposable,4815,Bank,disposal,03-2025,Paid,Sameer,,Inventory,0677,,COGS - Packaging,Expense,0,,,,,,,,TRUE
05/03/2025,Dairy,1654,Bank,Adarsh Dairy,03-2025,Paid,Sameer,,Inventory,0678,,COGS - Dairy,Expense,0,,,,,,,,TRUE
05/03/2025,Charcoal,840,Bank,charcoal,03-2025,Paid,Sameer,,Inventory,0679,,COGS - Fuel,Expense,0,,,,,,,,TRUE
05/03/2025,Chicken,6406,Bank,Golden Chicken,03-2025,Paid,Sameer,,Inventory,0680,,COGS - NonVeg,Expense,0,,,,,,,,TRUE
05/03/2025,Grocery,3101,Bank,Balaji,03-2025,Paid,Sameer,,Inventory,0681,,COGS - Grocery,Expense,0,,,,,,,,TRUE
05/03/2025,Sales,2234,Cash,petpooja,03-2025,,,,Sales,0682,,Revenue,Income,0,,,,,,,,TRUE
05/03/2025,Sales,120,UPI,petpooja,03-2025,,,,Sales,0683,,Revenue,Income,0,,,,,,,,TRUE
05/03/2025,Sales,19400,Wallet,petpooja,03-2025,,,,Sales,0684,,Revenue,Income,0,,,,,,,,TRUE
05/03/2025,Sales,6039,Online Sale,Swiggy & Zomato,03-2025,,,,Sales,0685,,Revenue,Income,0,,,,,,,,TRUE
05/03/2025,Maintenance,800,Bank_Cash,Bike Tyre & Tube,03-2025,Paid,Sameer,,Maintance,0686,,OpEx - Maintenance,Expense,0,,,,,,,,TRUE
05/03/2025,Tea,120,Bank_Cash,staff tea,03-2025,Paid,Sameer,,Staff Expenses,0687,,OpEx - Labor,Expense,0,,,,,,,,TRUE
05/03/2025,Kinners,12,Cash,kinner,03-2025,Paid,Sameer,,Maintance,0688,,OpEx - Misc,Expense,0,,,,,,,,TRUE
05/03/2025,Beverages,3600,Bank_Cash,Water Bottle,03-2025,Paid,Sameer,,Grocery,0689,,COGS - Grocery,Expense,0,,,,,,,,TRUE
05/03/2025,Advance,350,Cash,Santosh Salary,03-2025,Paid,Sameer,,Salary,0690,,OpEx - Labor,Expense,0,,,,,,,,TRUE
05/03/2025,Advance,6000,Bank,Santosh Salary,03-2025,Paid,Sameer,,Salary,0691,,OpEx - Labor,Expense,0,,,,,,,,TRUE
06/03/2025,Mutton,4100,Bank,mutton ,03-2025,Paid,Sameer,,Inventory,0692,,COGS - NonVeg,Expense,0,,,,,,,,TRUE
06/03/2025,Vegetables,1006,Bank,gatha vegetable,03-2025,Paid,Sameer,,Inventory,0693,,COGS - Veg,Expense,0,,,,,,,,TRUE
06/03/2025,Chicken,6431,Bank,Golden Chicken,03-2025,Paid,Sameer,,Inventory,0694,,COGS - NonVeg,Expense,0,,,,,,,,TRUE
06/03/2025,Dairy,1029,Bank,Adarsh Dairy,03-2025,Paid,Sameer,,Inventory,0695,,COGS - Dairy,Expense,0,,,,,,,,TRUE
06/03/2025,Grocery,3682,Bank,Balaji,03-2025,Paid,Sameer,,Inventory,0696,,COGS - Grocery,Expense,0,,,,,,,,TRUE
06/03/2025,Kinners,30,Cash,kinner,03-2025,Paid,Sameer,,Maintance,0697,,OpEx - Misc,Expense,0,,,,,,,,TRUE
06/03/2025,Tea,100,Bank_Cash,staff tea,03-2025,Paid,Sameer,,Staff Expenses,0698,,OpEx - Labor,Expense,0,,,,,,,,TRUE
06/03/2025,Dairy,60,Bank_Cash,milk,03-2025,Paid,Sameer,,Inventory,0699,,COGS - Dairy,Expense,0,,,,,,,,TRUE
06/03/2025,Sales,1385,Cash,petpooja,03-2025,,,,Sales,0700,,Revenue,Income,0,,,,,,,,TRUE
06/03/2025,Sales,180,Card,petpooja,03-2025,,,,Sales,0701,,Revenue,Income,0,,,,,,,,TRUE
06/03/2025,Sales,320,UPI,petpooja,03-2025,,,,Sales,0702,,Revenue,Income,0,,,,,,,,TRUE
06/03/2025,Sales,17653,Wallet,petpooja,03-2025,,,,Sales,0703,,Revenue,Income,0,,,,,,,,TRUE
06/03/2025,Sales,320,Zomato Pay,petpooja,03-2025,,,,Sales,0704,,Revenue,Income,0,,,,,,,,TRUE
06/03/2025,Sales,5104,Online Sale,Swiggy & Zomato,03-2025,,,,Sales,0705,,Revenue,Income,0,,,,,,,,TRUE
07/03/2025,Chicken,794,Bank_Cash,fish,03-2025,Paid,Sameer,,Inventory,0706,,COGS - NonVeg,Expense,0,,,,,,,,TRUE
07/03/2025,Mutton,4440,Bank,A1 mutton,03-2025,Paid,Sameer,,Inventory,0707,,COGS - NonVeg,Expense,0,,,,,,,,TRUE
07/03/2025,Chicken,3662,Bank,Golden Chicken,03-2025,Paid,Sameer,,Inventory,0708,,COGS - NonVeg,Expense,0,,,,,,,,TRUE
07/03/2025,Dairy,816,Bank,Adarsh Dairy,03-2025,Paid,Sameer,,Inventory,0709,,COGS - Dairy,Expense,0,,,,,,,,TRUE
07/03/2025,Bakery,770,Bank_Cash,pita bread,03-2025,Paid,Sameer,,Grocery,0710,,COGS - Grocery,Expense,0,,,,,,,,TRUE
07/03/2025,Vegetables,1150,Bank_Cash,onion,03-2025,Paid,Sameer,,Inventory,0711,,COGS - Veg,Expense,0,,,,,,,,TRUE
07/03/2025,Tea,125,Bank_Cash,staff tea,03-2025,Paid,Sameer,,Staff Expenses,0712,,OpEx - Labor,Expense,0,,,,,,,,TRUE
07/03/2025,Petrol,380,Bank_Cash,petrol,03-2025,Paid,Sameer,,Bike Maintance,0713,,OpEx - Maintenance,Expense,0,,,,,,,,TRUE
07/03/2025,Disposable,390,Cash,disposal,03-2025,Paid,Sameer,,Inventory,0714,,COGS - Packaging,Expense,0,,,,,,,,TRUE
07/03/2025,Advance,500,Cash,ayub tava person,03-2025,Paid,Sameer,,Salary,0715,,OpEx - Labor,Expense,0,,,,,,,,TRUE
07/03/2025,Advance,500,Cash,mujib indian helper,03-2025,Paid,Sameer,,Salary,0716,,OpEx - Labor,Expense,0,,,,,,,,TRUE
07/03/2025,Sales,2745,Cash,petpooja,03-2025,,,,Sales,0717,,Revenue,Income,0,,,,,,,,TRUE
07/03/2025,Sales,2755,Card,petpooja,03-2025,,,,Sales,0718,,Revenue,Income,0,,,,,,,,TRUE
07/03/2025,Sales,1393,UPI,petpooja,03-2025,,,,Sales,0719,,Revenue,Income,0,,,,,,,,TRUE
07/03/2025,Sales,28766,Wallet,petpooja,03-2025,,,,Sales,0720,,Revenue,Income,0,,,,,,,,TRUE
07/03/2025,Sales,6175,Online Sale,Swiggy & Zomato,03-2025,,,,Sales,0721,,Revenue,Income,0,,,,,,,,TRUE
08/03/2025,Charcoal,840,Bank,,03-2025,Paid,Sameer,,Inventory,0722,,COGS - Fuel,Expense,0,,,,,,,,TRUE
08/03/2025,Dairy,2401,Bank,,03-2025,Paid,Sameer,,Inventory,0723,,COGS - Dairy,Expense,0,,,,,,,,TRUE
08/03/2025,Chicken,5038,Bank,,03-2025,Paid,Sameer,,Inventory,0724,,COGS - NonVeg,Expense,0,,,,,,,,TRUE
08/03/2025,Grocery,5971,Bank,,03-2025,Paid,Sameer,,Inventory,0725,,COGS - Grocery,Expense,0,,,,,,,,TRUE
08/03/2025,Electric Work,350,Bank_Cash,Amplifier repair,03-2025,Paid,Sameer,,Maintance,0726,,OpEx - Maintenance,Expense,0,,,,,,,,TRUE
08/03/2025,Mutton,2220,Bank,,03-2025,Paid,Sameer,,Inventory,0727,,COGS - NonVeg,Expense,0,,,,,,,,TRUE
08/03/2025,Petrol,300,Bank_Cash,,03-2025,Paid,Sameer,,Bike Maintance,0728,,OpEx - Maintenance,Expense,0,,,,,,,,TRUE
08/03/2025,Kinners,30,Cash,,03-2025,Paid,Sameer,,Maintance,0729,,OpEx - Misc,Expense,0,,,,,,,,TRUE
08/03/2025,Vegetables,40,Cash,Pudina,03-2025,Paid,Sameer,,Inventory,0730,,COGS - Veg,Expense,0,,,,,,,,TRUE
08/03/2025,Vegetables,740,Bank,,03-2025,Paid,Sameer,,Inventory,0731,,COGS - Veg,Expense,0,,,,,,,,TRUE
08/03/2025,Mutton,2220,Bank,,03-2025,Paid,Sameer,,Inventory,0732,,COGS - NonVeg,Expense,0,,,,,,,,TRUE
08/03/2025,Disposable,3790,Bank,,03-2025,Paid,Sameer,,Inventory,0733,,COGS - Packaging,Expense,0,,,,,,,,TRUE
08/03/2025,Egg,1090,Cash,,03-2025,Paid,Sameer,,Grocery,0734,,COGS - Grocery,Expense,0,,,,,,,,TRUE
08/03/2025,Sales,4715,Cash,,03-2025,,,,Sales,0735,,Revenue,Income,0,,,,,,,,TRUE
08/03/2025,Sales,449,Card,,03-2025,,,,Sales,0736,,Revenue,Income,0,,,,,,,,TRUE
08/03/2025,Sales,2011,UPI,,03-2025,,,,Sales,0737,,Revenue,Income,0,,,,,,,,TRUE
08/03/2025,Sales,23233,Wallet,,03-2025,,,,Sales,0738,,Revenue,Income,0,,,,,,,,TRUE
08/03/2025,Sales,720,Zomato Pay,,03-2025,,,,Sales,0739,,Revenue,Income,0,,,,,,,,TRUE
08/03/2025,Sales,11213,Online Sale,,03-2025,,,,Sales,0740,,Revenue,Income,0,,,,,,,,TRUE
08/03/2025,Tea,135,Bank_Cash,,03-2025,Paid,Sameer,,Staff Expenses,0741,,OpEx - Labor,Expense,0,,,,,,,,TRUE
08/03/2025,Dairy,60,Bank_Cash,Milk,03-2025,Paid,Sameer,,Inventory,0742,,COGS - Dairy,Expense,0,,,,,,,,TRUE
09/03/2025,Chicken,7849,Bank,,03-2025,Paid,Sameer,,Inventory,0743,,COGS - NonVeg,Expense,0,,,,,,,,TRUE
09/03/2025,Grocery,3920,Bank,,03-2025,Paid,Sameer,,Inventory,0744,,COGS - Grocery,Expense,0,,,,,,,,TRUE
09/03/2025,Dairy,1339,Bank,,03-2025,Paid,Sameer,,Inventory,0745,,COGS - Dairy,Expense,0,,,,,,,,TRUE
09/03/2025,Beverages,1200,Cash,,03-2025,Paid,Sameer,,Grocery,0746,,COGS - Grocery,Expense,0,,,,,,,,TRUE
09/03/2025,Sales,4743,Cash,,03-2025,,,,Sales,0747,,Revenue,Income,0,,,,,,,,TRUE
09/03/2025,Sales,2880,Card,,03-2025,,,,Sales,0748,,Revenue,Income,0,,,,,,,,TRUE
09/03/2025,Sales,150,UPI,,03-2025,,,,Sales,0749,,Revenue,Income,0,,,,,,,,TRUE
09/03/2025,Sales,26853,Wallet,,03-2025,,,,Sales,0750,,Revenue,Income,0,,,,,,,,TRUE
09/03/2025,Sales,10707,Online Sale,,03-2025,,,,Sales,0751,,Revenue,Income,0,,,,,,,,TRUE
09/03/2025,Mutton,2500,Bank_Cash,,03-2025,Paid,Sameer,,Inventory,0752,,COGS - NonVeg,Expense,0,,,,,,,,TRUE
09/03/2025,Mutton,1200,Bank,,03-2025,Paid,Sameer,,Inventory,0753,,COGS - NonVeg,Expense,0,,,,,,,,TRUE
09/03/2025,Disposable,60,Cash,Toothpick,03-2025,Paid,Sameer,,Inventory,0754,,COGS - Packaging,Expense,0,,,,,,,,TRUE
09/03/2025,Tea,125,Cash,,03-2025,Paid,Sameer,,Staff Expenses,0755,,OpEx - Labor,Expense,0,,,,,,,,TRUE
09/03/2025,Advance,2000,Cash,Alam Bhai,03-2025,Paid,Sameer,,Salary,0756,,OpEx - Labor,Expense,0,,,,,,,,TRUE
09/03/2025,Kinners,8,Cash,,03-2025,Paid,Sameer,,Maintance,0757,,OpEx - Misc,Expense,0,,,,,,,,TRUE
09/03/2025,Vegetables,1125,Bank,,03-2025,Paid,Sameer,,Inventory,0758,,COGS - Veg,Expense,0,,,,,,,,TRUE
10/03/2025,Charcoal,840,Bank,,03-2025,Paid,Sameer,,Inventory,0759,,COGS - Fuel,Expense,0,,,,,,,,TRUE
10/03/2025,Chicken,5465,Bank,,03-2025,Paid,Sameer,,Inventory,0760,,COGS - NonVeg,Expense,0,,,,,,,,TRUE
10/03/2025,Grocery,3662,Bank,,03-2025,Paid,Sameer,,Inventory,0761,,COGS - Grocery,Expense,0,,,,,,,,TRUE
10/03/2025,Dairy,1879,Bank,,03-2025,Paid,Sameer,,Inventory,0762,,COGS - Dairy,Expense,0,,,,,,,,TRUE
10/03/2025,Water Tanker,1200,Bank_Cash,,03-2025,Paid,Sameer,,Maintenance,0763,,OpEx - Utilities,Expense,0,,,,,,,,TRUE
10/03/2025,Bakery,875,Cash,Pita Berad,03-2025,Paid,Sameer,,Grocery,0764,,COGS - Grocery,Expense,0,,,,,,,,TRUE
10/03/2025,Vegetables,624,Bank,,03-2025,Paid,Sameer,,Inventory,0765,,COGS - Veg,Expense,0,,,,,,,,TRUE
10/03/2025,Dairy,550,Bank_Cash,Soya Chaap,03-2025,Paid,Sameer,,Inventory,0766,,COGS - Dairy,Expense,0,,,,,,,,TRUE
10/03/2025,Hotel Commision,330,Cash,Prime Rose,03-2025,Paid,Sameer,,Fixed Maintance,0767,,OpEx - Admin,Expense,0,,,,,,,,TRUE
10/03/2025,Sales,1210,Cash,,03-2025,,,,Sales,0768,,Revenue,Income,0,,,,,,,,TRUE
10/03/2025,Sales,14425,Wallet,,03-2025,,,,Sales,0769,,Revenue,Income,0,,,,,,,,TRUE
10/03/2025,Sales,4676,Online Sale,,03-2025,,,,Sales,0770,,Revenue,Income,0,,,,,,,,TRUE
10/03/2025,Tea,120,Bank_Cash,,03-2025,Paid,Sameer,,Staff Expenses,0771,,OpEx - Labor,Expense,0,,,,,,,,TRUE
10/03/2025,Kinners,5,Cash,,03-2025,Paid,Sameer,,Maintance,0772,,OpEx - Misc,Expense,0,,,,,,,,TRUE
11/03/2025,Chicken,3871,Bank,,03-2025,Paid,Sameer,,Inventory,0773,,COGS - NonVeg,Expense,0,,,,,,,,TRUE
11/03/2025,Dairy,930,Bank,,03-2025,Paid,Sameer,,Inventory,0774,,COGS - Dairy,Expense,0,,,,,,,,TRUE
11/03/2025,Grocery,883,Bank,,03-2025,Paid,Sameer,,Inventory,0775,,COGS - Grocery,Expense,0,,,,,,,,TRUE
11/03/2025,Mutton,7677,Bank,,03-2025,Paid,Sameer,,Inventory,0776,,COGS - NonVeg,Expense,0,,,,,,,,TRUE
11/03/2025,Water 20 Ltrs,2040,Bank,,03-2025,Paid,Sameer,,Inventory,0777,,COGS - Utilities,Expense,0,,,,,,,,TRUE
11/03/2025,Plumbing Work,110,Bank_Cash,,03-2025,Paid,Sameer,,Maintance,0778,,OpEx - Maintenance,Expense,0,,,,,,,,TRUE
11/03/2025,Internet,600,Bank,,03-2025,Paid,Sameer,,Fixed Maintance,0779,,OpEx - Utilities,Expense,0,,,,,,,,TRUE
11/03/2025,Vegetables,766,Bank,,03-2025,Paid,Sameer,,Inventory,0780,,COGS - Veg,Expense,0,,,,,,,,TRUE
11/03/2025,Egg,820,Cash,,03-2025,Paid,Sameer,,Grocery,0781,,COGS - Grocery,Expense,0,,,,,,,,TRUE
11/03/2025,Counter Cash,280,Cash,Extra Upi Return,03-2025,Paid,Sameer,,Excess Amount Return,0782,,Excess Amount Return,Expense,0,,,,,,,,TRUE
11/03/2025,Sales,2620,Cash,,03-2025,,,,Sales,0783,,Revenue,Income,0,,,,,,,,TRUE
11/03/2025,Sales,370,Card,,03-2025,,,,Sales,0784,,Revenue,Income,0,,,,,,,,TRUE
11/03/2025,Sales,320,UPI,,03-2025,,,,Sales,0785,,Revenue,Income,0,,,,,,,,TRUE
11/03/2025,Sales,13289,Wallet,,03-2025,,,,Sales,0786,,Revenue,Income,0,,,,,,,,TRUE
11/03/2025,Sales,6204,Online Sale,,03-2025,,,,Sales,0787,,Revenue,Income,0,,,,,,,,TRUE
11/03/2025,Vegetables,20,Cash,Pudina,03-2025,Paid,Sameer,,Inventory,0788,,COGS - Veg,Expense,0,,,,,,,,TRUE
11/03/2025,Advance,2000,Bank,Alam Bhai,03-2025,Paid,Sameer,,Salary,0789,,OpEx - Labor,Expense,0,,,,,,,,TRUE
11/03/2025,Tea,103,Bank_Cash,,03-2025,Paid,Sameer,,Staff Expenses,0790,,OpEx - Labor,Expense,0,,,,,,,,TRUE
11/03/2025,Advance,200,Bank_Cash,Khenya,03-2025,Paid,Sameer,,Salary,0791,,OpEx - Labor,Expense,0,,,,,,,,TRUE
11/03/2025,Advance,5000,Bank,Juber ,03-2025,Paid,Sameer,,Salary,0792,,OpEx - Labor,Expense,0,,,,,,,,TRUE
11/03/2025,Stationary,100,Bank_Cash,News Paper,03-2025,Paid,Sameer,,Inventory,0793,,COGS - Inventory,Expense,0,,,,,,,,TRUE
11/03/2025,Plumbing Work,40,Bank_Cash,Jali,03-2025,Paid,Sameer,,Maintance,0794,,OpEx - Maintenance,Expense,0,,,,,,,,TRUE
12/03/2025,Chicken,3643,Bank,,03-2025,Paid,Sameer,,Inventory,0795,,COGS - NonVeg,Expense,0,,,,,,,,TRUE
12/03/2025,Dairy,1286,Bank,,03-2025,Paid,Sameer,,Inventory,0796,,COGS - Dairy,Expense,0,,,,,,,,TRUE
12/03/2025,Grocery,6180,Bank,,03-2025,Paid,Sameer,,Inventory,0797,,COGS - Grocery,Expense,0,,,,,,,,TRUE
12/03/2025,Charcoal,1680,Bank,,03-2025,Paid,Sameer,,Inventory,0798,,COGS - Fuel,Expense,0,,,,,,,,TRUE
12/03/2025,Mutton,4440,Bank,,03-2025,Paid,Sameer,,Inventory,0799,,COGS - NonVeg,Expense,0,,,,,,,,TRUE
12/03/2025,Advance,1000,Bank,Mahesh,03-2025,Paid,Sameer,,Salary,0800,,OpEx - Labor,Expense,0,,,,,,,,TRUE
12/03/2025,Disposable,3940,Bank,,03-2025,Paid,Sameer,,Inventory,0801,,COGS - Packaging,Expense,0,,,,,,,,TRUE
12/03/2025,Beverages,2703,Bank,,03-2025,Paid,Sameer,,Grocery,0802,,COGS - Grocery,Expense,0,,,,,,,,TRUE
12/03/2025,Sales,4984,Cash,,03-2025,,,,Sales,0803,,Revenue,Income,0,,,,,,,,TRUE
12/03/2025,Sales,2475,Card,,03-2025,,,,Sales,0804,,Revenue,Income,0,,,,,,,,TRUE
12/03/2025,Sales,2650,UPI,,03-2025,,,,Sales,0805,,Revenue,Income,0,,,,,,,,TRUE
12/03/2025,Sales,20190,Wallet,,03-2025,,,,Sales,0806,,Revenue,Income,0,,,,,,,,TRUE
12/03/2025,Sales,9992,Online Sale,,03-2025,,,,Sales,0807,,Revenue,Income,0,,,,,,,,TRUE
12/03/2025,Tea,100,Bank_Cash,,03-2025,Paid,Sameer,,Staff Expenses,0808,,OpEx - Labor,Expense,0,,,,,,,,TRUE
12/03/2025,Advance,1500,Bank_Cash,khenya,03-2025,Paid,Sameer,,Salary,0809,,OpEx - Labor,Expense,0,,,,,,,,TRUE
12/03/2025,Dairy,60,Cash,,03-2025,Paid,Sameer,,Inventory,0810,,COGS - Dairy,Expense,0,,,,,,,,TRUE
12/03/2025,Kinners,14,Cash,,03-2025,Paid,Sameer,,Maintance,0811,,OpEx - Misc,Expense,0,,,,,,,,TRUE
12/03/2025,Momos,210,Cash,,03-2025,Paid,Sameer,,Inventory,0812,,COGS - Inventory,Expense,0,,,,,,,,TRUE
12/03/2025,Vegetables,783,Bank,,03-2025,Paid,Sameer,,Inventory,0813,,COGS - Veg,Expense,0,,,,,,,,TRUE
13/03/2025,Dairy,1568,Bank,,03-2025,Paid,Sameer,,Inventory,0814,,COGS - Dairy,Expense,0,,,,,,,,TRUE
13/03/2025,Chicken,10672,Bank,,03-2025,Paid,Sameer,,Inventory,0815,,COGS - NonVeg,Expense,0,,,,,,,,TRUE
13/03/2025,Grocery,2063,Bank,,03-2025,Paid,Sameer,,Inventory,0816,,COGS - Grocery,Expense,0,,,,,,,,TRUE
13/03/2025,Gas,12740,Bank,,03-2025,Paid,Sameer,,Fixed Maintance,0817,,OpEx - Utilities,Expense,0,,,,,,,,TRUE
13/03/2025,Mutton,3000,Bank_Cash,,03-2025,Paid,Sameer,,Inventory,0818,,COGS - NonVeg,Expense,0,,,,,,,,TRUE
13/03/2025,Mutton,2180,Bank,,03-2025,Paid,Sameer,,Inventory,0819,,COGS - NonVeg,Expense,0,,,,,,,,TRUE
13/03/2025,Vegetables,970,Bank_Cash,Onion,03-2025,Paid,Sameer,,Inventory,0820,,COGS - Veg,Expense,0,,,,,,,,TRUE
13/03/2025,Vegetables,200,Bank_Cash,Lemon,03-2025,Paid,Sameer,,Inventory,0821,,COGS - Veg,Expense,0,,,,,,,,TRUE
13/03/2025,Sales,1340,Cash,,03-2025,,,,Sales,0822,,Revenue,Income,0,,,,,,,,TRUE
13/03/2025,Sales,475,Card,,03-2025,,,,Sales,0823,,Revenue,Income,0,,,,,,,,TRUE
13/03/2025,Sales,12539,Wallet,,03-2025,,,,Sales,0824,,Revenue,Income,0,,,,,,,,TRUE
13/03/2025,Sales,285,Zomato Pay,,03-2025,,,,Sales,0825,,Revenue,Income,0,,,,,,,,TRUE
13/03/2025,Sales,5898,Online Sale,,03-2025,,,,Sales,0826,,Revenue,Income,0,,,,,,,,TRUE
13/03/2025,Kinners,60,Cash,,03-2025,Paid,Sameer,,Maintance,0827,,OpEx - Misc,Expense,0,,,,,,,,TRUE
13/03/2025,Tea,195,Bank_Cash,,03-2025,Paid,Sameer,,Staff Expenses,0828,,OpEx - Labor,Expense,0,,,,,,,,TRUE
13/03/2025,Petrol,585,Bank_Cash,,03-2025,Paid,Sameer,,Bike Maintance,0829,,OpEx - Maintenance,Expense,0,,,,,,,,TRUE
13/03/2025,Sales,20,Cash,Due Payment Recived,03-2025,,,,Sales,0830,,Revenue,Income,0,,,,,,,,TRUE
13/03/2025,Vegetables,819,Bank,,03-2025,Paid,Sameer,,Inventory,0831,,COGS - Veg,Expense,0,,,,,,,,TRUE
14/03/2025,Chicken,1455,Bank,,03-2025,Paid,Sameer,,Inventory,0832,,COGS - NonVeg,Expense,0,,,,,,,,TRUE
14/03/2025,Charcoal,840,Bank,,03-2025,Paid,Sameer,,Inventory,0833,,COGS - Fuel,Expense,0,,,,,,,,TRUE
14/03/2025,Grocery,4363,Bank,,03-2025,Paid,Sameer,,Inventory,0834,,COGS - Grocery,Expense,0,,,,,,,,TRUE
14/03/2025,Egg,1068,Cash,,03-2025,Paid,Sameer,,Grocery,0835,,COGS - Grocery,Expense,0,,,,,,,,TRUE
14/03/2025,Beverages,1200,Cash,,03-2025,Paid,Sameer,,Grocery,0836,,COGS - Grocery,Expense,0,,,,,,,,TRUE
14/03/2025,Dairy,1498,Bank,,03-2025,Paid,Sameer,,Inventory,0837,,COGS - Dairy,Expense,0,,,,,,,,TRUE
14/03/2025,Advance,500,Bank_Cash,Khenya,03-2025,Paid,Sameer,,Salary,0838,,OpEx - Labor,Expense,0,,,,,,,,TRUE
14/03/2025,Mutton,4840,Bank,,03-2025,Paid,Sameer,,Inventory,0839,,COGS - NonVeg,Expense,0,,,,,,,,TRUE
14/03/2025,Petrol,400,Bank_Cash,,03-2025,Paid,Sameer,,Bike Maintance,0840,,OpEx - Maintenance,Expense,0,,,,,,,,TRUE
14/03/2025,Vegetables,331,Bank,,03-2025,Paid,Sameer,,Inventory,0841,,COGS - Veg,Expense,0,,,,,,,,TRUE
14/03/2025,Sales,5235,Cash,,03-2025,,,,Sales,0842,,Revenue,Income,0,,,,,,,,TRUE
14/03/2025,Sales,1088,Card,,03-2025,,,,Sales,0843,,Revenue,Income,0,,,,,,,,TRUE
14/03/2025,Sales,775,UPI,,03-2025,,,,Sales,0844,,Revenue,Income,0,,,,,,,,TRUE
14/03/2025,Sales,34924,Wallet,,03-2025,,,,Sales,0845,,Revenue,Income,0,,,,,,,,TRUE
14/03/2025,Sales,130,Zomato Pay,,03-2025,,,,Sales,0846,,Revenue,Income,0,,,,,,,,TRUE
14/03/2025,Sales,4039,Online Sale,,03-2025,,,,Sales,0847,,Revenue,Income,0,,,,,,,,TRUE
14/03/2025,Advance,1000,Cash,Rajesh,03-2025,Paid,Sameer,,Salary,0848,,OpEx - Labor,Expense,0,,,,,,,,TRUE
14/03/2025,Advance,500,Cash,Ayub Bhai,03-2025,Paid,Sameer,,Salary,0849,,OpEx - Labor,Expense,0,,,,,,,,TRUE
14/03/2025,Tea,150,Bank_Cash,,03-2025,Paid,Sameer,,Staff Expenses,0850,,OpEx - Labor,Expense,0,,,,,,,,TRUE
14/03/2025,Kinners,17,Cash,,03-2025,Paid,Sameer,,Maintance,0851,,OpEx - Misc,Expense,0,,,,,,,,TRUE
15/03/2025,Grocery,4571,Bank,,03-2025,Paid,Sameer,,Inventory,0852,,COGS - Grocery,Expense,0,,,,,,,,TRUE
15/03/2025,Charcoal,840,Bank,,03-2025,Paid,Sameer,,Inventory,0853,,COGS - Fuel,Expense,0,,,,,,,,TRUE
15/03/2025,Chicken,6654,Bank,,03-2025,Paid,Sameer,,Inventory,0854,,COGS - NonVeg,Expense,0,,,,,,,,TRUE
15/03/2025,Mutton,5180,Bank,,03-2025,Paid,Sameer,,Inventory,0855,,COGS - NonVeg,Expense,0,,,,,,,,TRUE
15/03/2025,Beverages,1230,Bank,Cold Drinks,03-2025,Paid,Sameer,,Grocery,0856,,COGS - Grocery,Expense,0,,,,,,,,TRUE
15/03/2025,Vegetables,920,Bank_Cash,Onion,03-2025,Paid,Sameer,,Inventory,0857,,COGS - Veg,Expense,0,,,,,,,,TRUE
15/03/2025,Vegetables,669,Bank,,03-2025,Paid,Sameer,,Inventory,0858,,COGS - Veg,Expense,0,,,,,,,,TRUE
15/03/2025,Beverages,1300,Bank,Water Bottel,03-2025,Paid,Sameer,,Grocery,0859,,COGS - Grocery,Expense,0,,,,,,,,TRUE
15/03/2025,Sales,2905,Cash,,03-2025,,,,Sales,0860,,Revenue,Income,0,,,,,,,,TRUE
15/03/2025,Sales,739,UPI,,03-2025,,,,Sales,0861,,Revenue,Income,0,,,,,,,,TRUE
15/03/2025,Sales,20270,Wallet,,03-2025,,,,Sales,0862,,Revenue,Income,0,,,,,,,,TRUE
15/03/2025,Sales,503,Online Sale,,03-2025,,,,Sales,0863,,Revenue,Income,0,,,,,,,,TRUE
15/03/2025,Tea,120,Bank_Cash,,03-2025,Paid,Sameer,,Staff Expenses,0864,,OpEx - Labor,Expense,0,,,,,,,,TRUE
15/03/2025,Civil Work,70,Bank_Cash,,03-2025,Paid,Sameer,,Maintance,0865,,OpEx - Maintenance,Expense,0,,,,,,,,TRUE
15/03/2025,Vegetables,60,Bank_Cash,Papaya,03-2025,Paid,Sameer,,Inventory,0866,,COGS - Veg,Expense,0,,,,,,,,TRUE
15/03/2025,Kinners,5,Cash,,03-2025,Paid,Sameer,,Maintance,0867,,OpEx - Misc,Expense,0,,,,,,,,TRUE
15/03/2025,Dairy,1508,Bank,,03-2025,Paid,Sameer,,Inventory,0868,,COGS - Dairy,Expense,0,,,,,,,,TRUE
16/03/2025,Dairy,1088,Bank,Adarsh Dairy,03-2025,Paid,Sameer,,Inventory,0869,,COGS - Dairy,Expense,0,,,,,,,,TRUE
16/03/2025,Chicken,4644,Bank,Golden Chicken,03-2025,Paid,Sameer,,Inventory,0870,,COGS - NonVeg,Expense,0,,,,,,,,TRUE
16/03/2025,Beverages,1200,Cash,Water Bottle,03-2025,Paid,Sameer,,Grocery,0871,,COGS - Grocery,Expense,0,,,,,,,,TRUE
16/03/2025,Grocery,55,Cash,Noodles,03-2025,Paid,Sameer,,Inventory,0872,,COGS - Grocery,Expense,0,,,,,,,,TRUE
16/03/2025,Chamber Clean,1500,Bank_Cash,Vijay Chanber Cleaning,03-2025,Paid,Sameer,,Maintenance,0873,,OpEx - Maintenance,Expense,0,,,,,,,,TRUE
16/03/2025,Grocery,6677,Bank,Hyperpure,03-2025,Paid,Sameer,,Inventory,0874,,COGS - Grocery,Expense,0,,,,,,,,TRUE
16/03/2025,Mutton,2960,Bank,a1 ,03-2025,Paid,Sameer,,Inventory,0875,,COGS - NonVeg,Expense,0,,,,,,,,TRUE
16/03/2025,Sales,3548,Cash,Petpooja,03-2025,,,,Sales,0876,,Revenue,Income,0,,,,,,,,TRUE
16/03/2025,Sales,1200,Card,Petpooja,03-2025,,,,Sales,0877,,Revenue,Income,0,,,,,,,,TRUE
16/03/2025,Sales,430,UPI,Petpooja,03-2025,,,,Sales,0878,,Revenue,Income,0,,,,,,,,TRUE
16/03/2025,Sales,21202,Wallet,Petpooja,03-2025,,,,Sales,0879,,Revenue,Income,0,,,,,,,,TRUE
16/03/2025,Sales,3167,Online Sale,Swiggy&zomato,03-2025,,,,Sales,0880,,Revenue,Income,0,,,,,,,,TRUE
16/03/2025,Tea,120,Bank_Cash,,03-2025,Paid,Sameer,,Staff Expenses,0881,,OpEx - Labor,Expense,0,,,,,,,,TRUE
16/03/2025,Kinners,23,Cash,,03-2025,Paid,Sameer,,Maintance,0882,,OpEx - Misc,Expense,0,,,,,,,,TRUE
17/03/2025,Grocery,6793,Bank,Balaji,03-2025,Paid,Sameer,,Inventory,0883,,COGS - Grocery,Expense,0,,,,,,,,TRUE
17/03/2025,Dairy,613,Bank,Adarsh Dairy,03-2025,Paid,Sameer,,Inventory,0884,,COGS - Dairy,Expense,0,,,,,,,,TRUE
17/03/2025,Charcoal,840,Bank,Gyansheweri,03-2025,Paid,Sameer,,Inventory,0885,,COGS - Fuel,Expense,0,,,,,,,,TRUE
17/03/2025,Chicken,3245,Bank,Golden Chicken,03-2025,Paid,Sameer,,Inventory,0886,,COGS - NonVeg,Expense,0,,,,,,,,TRUE
17/03/2025,Bakery,1960,Bank_Cash,Pita Bread,03-2025,Paid,Sameer,,Grocery,0887,,COGS - Grocery,Expense,0,,,,,,,,TRUE
17/03/2025,Garbage Vehicle,1500,Bank_Cash,,03-2025,Paid,Sameer,,Fixed Maintance,0888,,OpEx - Maintenance,Expense,0,,,,,,,,TRUE
17/03/2025,Mutton,1700,Bank,A1,03-2025,Paid,Sameer,,Inventory,0889,,COGS - NonVeg,Expense,0,,,,,,,,TRUE
17/03/2025,Mutton,890,Bank_Cash,A1,03-2025,Paid,Sameer,,Inventory,0890,,COGS - NonVeg,Expense,0,,,,,,,,TRUE
17/03/2025,Dairy,550,Bank_Cash,Soya Chaap,03-2025,Paid,Sameer,,Inventory,0891,,COGS - Dairy,Expense,0,,,,,,,,TRUE
17/03/2025,Vegetables,537,Bank,Gatha,03-2025,Paid,Sameer,,Inventory,0892,,COGS - Veg,Expense,0,,,,,,,,TRUE
17/03/2025,Egg,935,Cash,Mulani Eggs,03-2025,Paid,Sameer,,Grocery,0893,,COGS - Grocery,Expense,0,,,,,,,,TRUE
17/03/2025,Sales,1050,Cash,Petpooja,03-2025,,,,Sales,0894,,Revenue,Income,0,,,,,,,,TRUE
17/03/2025,Sales,12564,Wallet,Petpooja,03-2025,,,,Sales,0895,,Revenue,Income,0,,,,,,,,TRUE
17/03/2025,Sales,150,Zomato Pay,Petpooja,03-2025,,,,Sales,0896,,Revenue,Income,0,,,,,,,,TRUE
17/03/2025,Sales,2598,Online Sale,Swiggy&zomato,03-2025,,,,Sales,0897,,Revenue,Income,0,,,,,,,,TRUE
17/03/2025,Tea,265,Bank_Cash,,03-2025,Paid,Sameer,,Staff Expenses,0898,,OpEx - Labor,Expense,0,,,,,,,,TRUE
17/03/2025,Kinners,15,Cash,,03-2025,Paid,Sameer,,Maintance,0899,,OpEx - Misc,Expense,0,,,,,,,,TRUE
18/03/2025,Dairy,809,Bank,Adarsh Dairy,03-2025,Paid,Sameer,,Inventory,0900,,COGS - Dairy,Expense,0,,,,,,,,TRUE
18/03/2025,Chicken,2236,Bank,Golden Chicken,03-2025,Paid,Sameer,,Inventory,0901,,COGS - NonVeg,Expense,0,,,,,,,,TRUE
18/03/2025,Bakery,175,Cash,Megic Bakery,03-2025,Paid,Sameer,,Grocery,0902,,COGS - Grocery,Expense,0,,,,,,,,TRUE
18/03/2025,Grocery,3750,Bank,Mumbai Brisata,03-2025,Paid,Sameer,,Inventory,0903,,COGS - Grocery,Expense,0,,,,,,,,TRUE
18/03/2025,Maintenance,600,Bank,Microwave Oven Repair,03-2025,Paid,Sameer,,Maintance,0904,,OpEx - Maintenance,Expense,0,,,,,,,,TRUE
18/03/2025,Sales,1805,Cash,Petpooja,03-2025,,,,Sales,0905,,Revenue,Income,0,,,,,,,,TRUE
18/03/2025,Sales,14284,Wallet,Petpooja,03-2025,,,,Sales,0906,,Revenue,Income,0,,,,,,,,TRUE
18/03/2025,Sales,1363,Online Sale,Swiggy&zomato,03-2025,,,,Sales,0907,,Revenue,Income,0,,,,,,,,TRUE
18/03/2025,Vegetables,498,Bank,Gatha,03-2025,Paid,Sameer,,Inventory,0908,,COGS - Veg,Expense,0,,,,,,,,TRUE
18/03/2025,Tea,125,Bank_Cash,,03-2025,Paid,Sameer,,Staff Expenses,0909,,OpEx - Labor,Expense,0,,,,,,,,TRUE
18/03/2025,Kinners,30,Cash,,03-2025,Paid,Sameer,,Maintance,0910,,OpEx - Misc,Expense,0,,,,,,,,TRUE
19/03/2025,Dairy,1084,Bank,Adarsh Dairy,03-2025,Paid,Sameer,,Inventory,0911,,COGS - Dairy,Expense,0,,,,,,,,TRUE
19/03/2025,Chicken,3352,Bank,Golden Chicken,03-2025,Paid,Sameer,,Inventory,0912,,COGS - NonVeg,Expense,0,,,,,,,,TRUE
19/03/2025,Charcoal,1680,Bank,Gyanshewri,03-2025,Paid,Sameer,,Inventory,0913,,COGS - Fuel,Expense,0,,,,,,,,TRUE
19/03/2025,Bakery,210,Bank_Cash,Megic,03-2025,Paid,Sameer,,Grocery,0914,,COGS - Grocery,Expense,0,,,,,,,,TRUE
19/03/2025,Grocery,110,Cash,Noodles,03-2025,Paid,Sameer,,Inventory,0915,,COGS - Grocery,Expense,0,,,,,,,,TRUE
19/03/2025,Grocery,2908,Bank,Balaji,03-2025,Paid,Sameer,,Inventory,0916,,COGS - Grocery,Expense,0,,,,,,,,TRUE
19/03/2025,Beverages,975,Bank_Cash,Cold Drinks,03-2025,Paid,Sameer,,Grocery,0917,,COGS - Grocery,Expense,0,,,,,,,,TRUE
19/03/2025,Maintenance,180,Bank_Cash,Mixer Repair,03-2025,Paid,Sameer,,Maintance,0918,,OpEx - Maintenance,Expense,0,,,,,,,,TRUE
19/03/2025,Disposable,4710,Bank,Anand,03-2025,Paid,Sameer,,Inventory,0919,,COGS - Packaging,Expense,0,,,,,,,,TRUE
19/03/2025,Donation,4000,Bank,Mela,03-2025,Paid,Sameer,,Maintance,0920,,OpEx - Misc,Expense,0,,,,,,,,TRUE
19/03/2025,Mutton,2960,Bank,a1,03-2025,Paid,Sameer,,Inventory,0921,,COGS - NonVeg,Expense,0,,,,,,,,TRUE
19/03/2025,Garbage Vehicle,700,Bank,Chiken Waitage,03-2025,Paid,Sameer,,Fixed Maintance,0922,,OpEx - Maintenance,Expense,0,,,,,,,,TRUE
19/03/2025,Vegetables,1043,Bank_Cash,Shree Bhairavnath,03-2025,Paid,Naseem,11/04/2025,Inventory,0923,,COGS - Veg,Expense,0,,,,,,,,TRUE
19/03/2025,Restaurant New Inventory,1560,Bank,Kheteshwar Trading,03-2025,Paid,Sameer,,New Inventory,0924,,OpEx - CapEx,Expense,0,,,,,,,,TRUE
19/03/2025,Petrol,100,Bank_Cash,Delivery,03-2025,Paid,Sameer,,Bike Maintance,0925,,OpEx - Maintenance,Expense,0,,,,,,,,TRUE
19/03/2025,Sales,1510,Cash,PetPooja,03-2025,,,,Sales,0926,,Revenue,Income,0,,,,,,,,TRUE
19/03/2025,Sales,11780,Wallet,PetPooja,03-2025,,,,Sales,0927,,Revenue,Income,0,,,,,,,,TRUE
19/03/2025,Sales,3235,Online Sale,Swiggy&zomato,03-2025,,,,Sales,0928,,Revenue,Income,0,,,,,,,,TRUE
19/03/2025,Tea,185,Bank_Cash,,03-2025,Paid,Sameer,,Staff Expenses,0929,,OpEx - Labor,Expense,0,,,,,,,,TRUE
19/03/2025,Dairy,60,Bank_Cash,Milk,03-2025,Paid,Sameer,,Inventory,0930,,COGS - Dairy,Expense,0,,,,,,,,TRUE
19/03/2025,Advance,600,Cash,Nasim Bhai Advance,03-2025,Paid,Sameer,,Salary,0931,,OpEx - Labor,Expense,0,,,,,,,,TRUE
20/03/2025,Chicken,3293,Bank,Golden Chicken,03-2025,Paid,Sameer,,Inventory,0932,,COGS - NonVeg,Expense,0,,,,,,,,TRUE
20/03/2025,Grocery,3498,Bank,Balaji,03-2025,Paid,Sameer,,Inventory,0933,,COGS - Grocery,Expense,0,,,,,,,,TRUE
20/03/2025,Mutton,4440,Bank,A1,03-2025,Paid,Sameer,,Inventory,0934,,COGS - NonVeg,Expense,0,,,,,,,,TRUE
20/03/2025,Restaurant New Inventory,1500,Bank,Flex Printing,03-2025,Paid,Sameer,,New Inventory,0935,,OpEx - CapEx,Expense,0,,,,,,,,TRUE
20/03/2025,Dairy,925,Bank,Adarsh Dairy,03-2025,Paid,Sameer,,Inventory,0936,,COGS - Dairy,Expense,0,,,,,,,,TRUE
20/03/2025,Bakery,210,Cash,Megic,03-2025,Paid,Sameer,,Grocery,0937,,COGS - Grocery,Expense,0,,,,,,,,TRUE
20/03/2025,Egg,420,Cash,Mulani,03-2025,Paid,Sameer,,Grocery,0938,,COGS - Grocery,Expense,0,,,,,,,,TRUE
20/03/2025,Sales,2080,Cash,PetPooja,03-2025,,,,Sales,0939,,Revenue,Income,0,,,,,,,,TRUE
20/03/2025,Sales,790,Card,PetPooja,03-2025,,,,Sales,0940,,Revenue,Income,0,,,,,,,,TRUE
20/03/2025,Sales,14847,Wallet,PetPooja,03-2025,,,,Sales,0941,,Revenue,Income,0,,,,,,,,TRUE
20/03/2025,Sales,1289,Online Sale,Swiggy&zomato,03-2025,,,,Sales,0942,,Revenue,Income,0,,,,,,,,TRUE
20/03/2025,Tea,150,Bank_Cash,,03-2025,Paid,Sameer,,Staff Expenses,0943,,OpEx - Labor,Expense,0,,,,,,,,TRUE
20/03/2025,Dairy,60,Bank_Cash,Milk,03-2025,Paid,Sameer,,Inventory,0944,,COGS - Dairy,Expense,0,,,,,,,,TRUE
20/03/2025,Vegetables,315,Bank,Gatha,03-2025,Paid,Sameer,,Inventory,0945,,COGS - Veg,Expense,0,,,,,,,,TRUE
21/03/2025,Charcoal,840,Bank,Gyanshewari,03-2025,Paid,Sameer,,Inventory,0946,,COGS - Fuel,Expense,0,,,,,,,,TRUE
21/03/2025,Beverages,1200,Cash,Om Enterpriese,03-2025,Paid,Sameer,,Grocery,0947,,COGS - Grocery,Expense,0,,,,,,,,TRUE
21/03/2025,Dairy,1318,Bank,Adarsh Dairy,03-2025,Paid,Sameer,,Inventory,0948,,COGS - Dairy,Expense,0,,,,,,,,TRUE
21/03/2025,Bakery,280,Cash,Pita Braed,03-2025,Paid,Sameer,,Grocery,0949,,COGS - Grocery,Expense,0,,,,,,,,TRUE
21/03/2025,Vegetables,640,Bank_Cash,Shree Bhairavnath,03-2025,Paid,Naseem,11/04/2025,Inventory,0950,,COGS - Veg,Expense,0,,,,,,,,TRUE
21/03/2025,Disposable,1335,Bank,Anand,03-2025,Paid,Sameer,,Inventory,0951,,COGS - Packaging,Expense,0,,,,,,,,TRUE
21/03/2025,Sales,7710,Cash,PetPooja,03-2025,,,,Sales,0952,,Revenue,Income,0,,,,,,,,TRUE
21/03/2025,Sales,1615,Card,PetPooja,03-2025,,,,Sales,0953,,Revenue,Income,0,,,,,,,,TRUE
21/03/2025,Sales,1740,UPI,PetPooja,03-2025,,,,Sales,0954,,Revenue,Income,0,,,,,,,,TRUE
21/03/2025,Sales,25241,Wallet,PetPooja,03-2025,,,,Sales,0955,,Revenue,Income,0,,,,,,,,TRUE
21/03/2025,Sales,3633,Online Sale,Swiggy&zomato,03-2025,,,,Sales,0956,,Revenue,Income,0,,,,,,,,TRUE
21/03/2025,Chicken,4024,Bank,Golden Chicken,03-2025,Paid,Sameer,,Inventory,0957,,COGS - NonVeg,Expense,0,,,,,,,,TRUE
21/03/2025,Mutton,3700,Bank,A1,03-2025,Paid,Sameer,,Inventory,0958,,COGS - NonVeg,Expense,0,,,,,,,,TRUE
21/03/2025,Tea,120,Bank_Cash,,03-2025,Paid,Sameer,,Staff Expenses,0959,,OpEx - Labor,Expense,0,,,,,,,,TRUE
21/03/2025,Civil Work,600,Bank_Cash,Welding ,03-2025,Paid,Sameer,,Maintance,0960,,OpEx - Maintenance,Expense,0,,,,,,,,TRUE
21/03/2025,Kinners,30,Cash,,03-2025,Paid,Sameer,,Maintance,0961,,OpEx - Misc,Expense,0,,,,,,,,TRUE
22/03/2025,Vegetables,794,Bank_Cash,Shree Bhairavnath,03-2025,Paid,Naseem,11/04/2025,Inventory,0962,,COGS - Veg,Expense,0,,,,,,,,TRUE
22/03/2025,Chicken,9466,Bank,Golden Chicken,03-2025,Paid,Sameer,,Inventory,0963,,COGS - NonVeg,Expense,0,,,,,,,,TRUE
22/03/2025,Dairy,2010,Bank,Adarsh Dairy,03-2025,Paid,Sameer,,Inventory,0964,,COGS - Dairy,Expense,0,,,,,,,,TRUE
22/03/2025,Petrol,400,Bank_Cash,Delivery,03-2025,Paid,Sameer,,Bike Maintance,0965,,OpEx - Maintenance,Expense,0,,,,,,,,TRUE
22/03/2025,Maintenance,80,Bank_Cash,Dinesh,03-2025,Paid,Sameer,,Maintance,0966,,OpEx - Maintenance,Expense,0,,,,,,,,TRUE
22/03/2025,Grocery,4039,Bank,Balaji,03-2025,Paid,Sameer,,Inventory,0967,,COGS - Grocery,Expense,0,,,,,,,,TRUE
22/03/2025,Advance,150,Bank_Cash,Akhil Salary,03-2025,Paid,Sameer,,Salary,0968,,OpEx - Labor,Expense,0,,,,,,,,TRUE
22/03/2025,Bakery,350,Cash,Pita Bread,03-2025,Paid,Sameer,,Grocery,0969,,COGS - Grocery,Expense,0,,,,,,,,TRUE
22/03/2025,Vegetables,1620,Bank_Cash,Onion,03-2025,Paid,Sameer,,Inventory,0970,,COGS - Veg,Expense,0,,,,,,,,TRUE
22/03/2025,Gas,10920,Bank,Sai Bharat Gas,03-2025,Paid,Sameer,,Fixed Maintance,0971,,OpEx - Utilities,Expense,0,,,,,,,,TRUE
22/03/2025,Electricity,21320,Bank,Electricity,03-2025,Paid,Sameer,,Fixed Maintance,0972,,OpEx - Utilities,Expense,0,,,,,,,,TRUE
22/03/2025,Egg,836,Cash,Mulani,03-2025,Paid,Sameer,,Grocery,0973,,COGS - Grocery,Expense,0,,,,,,,,TRUE
22/03/2025,Sales,7456,Cash,PetPooja,03-2025,,,,Sales,0974,,Revenue,Income,0,,,,,,,,TRUE
22/03/2025,Sales,3315,Card,PetPooja,03-2025,,,,Sales,0975,,Revenue,Income,0,,,,,,,,TRUE
22/03/2025,Sales,190,UPI,PetPooja,03-2025,,,,Sales,0976,,Revenue,Income,0,,,,,,,,TRUE
22/03/2025,Sales,21399,Wallet,PetPooja,03-2025,,,,Sales,0977,,Revenue,Income,0,,,,,,,,TRUE
22/03/2025,Sales,3118,Online Sale,Swiggy&zomato,03-2025,,,,Sales,0978,,Revenue,Income,0,,,,,,,,TRUE
22/03/2025,Momos,210,Bank_Cash,Mount,03-2025,Paid,Sameer,,Inventory,0979,,COGS - Inventory,Expense,0,,,,,,,,TRUE
22/03/2025,Tea,130,Bank_Cash,,03-2025,Paid,Sameer,,Staff Expenses,0980,,OpEx - Labor,Expense,0,,,,,,,,TRUE
22/03/2025,Mutton,2960,Bank_Cash,A1,03-2025,Paid,Sameer,,Inventory,0981,,COGS - NonVeg,Expense,0,,,,,,,,TRUE
22/03/2025,Vegetables,20,Cash,Pudina,03-2025,Paid,Sameer,,Inventory,0982,,COGS - Veg,Expense,0,,,,,,,,TRUE
23/03/2025,Dairy,1439,Bank,Adarsh Dairy,03-2025,Paid,Sameer,,Inventory,0983,,COGS - Dairy,Expense,0,,,,,,,,TRUE
23/03/2025,Chicken,6019,Bank,Golden Chicken,03-2025,Paid,Sameer,,Inventory,0984,,COGS - NonVeg,Expense,0,,,,,,,,TRUE
23/03/2025,Grocery,5525,Bank,Balaji,03-2025,Paid,Sameer,,Inventory,0985,,COGS - Grocery,Expense,0,,,,,,,,TRUE
23/03/2025,Vegetables,700,Bank_Cash,Shree Bhairavnath,03-2025,Paid,Naseem,11/04/2025,Inventory,0986,,COGS - Veg,Expense,0,,,,,,,,TRUE
23/03/2025,Bakery,350,Cash,Pita Bread,03-2025,Paid,Sameer,,Grocery,0987,,COGS - Grocery,Expense,0,,,,,,,,TRUE
23/03/2025,Grocery,110,Cash,Noodles,03-2025,Paid,Sameer,,Inventory,0988,,COGS - Grocery,Expense,0,,,,,,,,TRUE
23/03/2025,Mutton,2960,Bank_Cash,A1,03-2025,Paid,Sameer,,Inventory,0989,,COGS - NonVeg,Expense,0,,,,,,,,TRUE
23/03/2025,Dairy,550,Bank_Cash,Soya Chaap,03-2025,Paid,Sameer,,Inventory,0990,,COGS - Dairy,Expense,0,,,,,,,,TRUE
23/03/2025,Sales,9034,Cash,PetPooja,03-2025,,,,Sales,0991,,Revenue,Income,0,,,,,,,,TRUE
23/03/2025,Sales,1160,Card,PetPooja,03-2025,,,,Sales,0992,,Revenue,Income,0,,,,,,,,TRUE
23/03/2025,Sales,530,Due,Zolo Pg ,03-2025,,,,Sales,0993,,Revenue,Income,0,,,,,,,,TRUE
23/03/2025,Sales,1580,UPI,PetPooja,03-2025,,,,Sales,0994,,Revenue,Income,0,,,,,,,,TRUE
23/03/2025,Sales,20324,Wallet,PetPooja,03-2025,,,,Sales,0995,,Revenue,Income,0,,,,,,,,TRUE
23/03/2025,Sales,216,Online Sale,Swiggy&zomato,03-2025,,,,Sales,0996,,Revenue,Income,0,,,,,,,,TRUE
23/03/2025,Sales,844,Zomato Pay,PetPooja,03-2025,,,,Sales,0997,,Revenue,Income,0,,,,,,,,TRUE
23/03/2025,Tea,120,Bank_Cash,,03-2025,Paid,Sameer,,Staff Expenses,0998,,OpEx - Labor,Expense,0,,,,,,,,TRUE
23/03/2025,Kinners,24,Cash,,03-2025,Paid,Sameer,,Maintance,0999,,OpEx - Misc,Expense,0,,,,,,,,TRUE
24/03/2025,Grocery,1368,Bank,Balaji,03-2025,Paid,Sameer,,Inventory,1000,,COGS - Grocery,Expense,0,,,,,,,,TRUE
24/03/2025,Charcoal,1680,Bank,Gyanshewri,03-2025,Paid,Sameer,,Inventory,1001,,COGS - Fuel,Expense,0,,,,,,,,TRUE
24/03/2025,Dairy,2225,Bank,Adarsh Dairy,03-2025,Paid,Sameer,,Inventory,1002,,COGS - Dairy,Expense,0,,,,,,,,TRUE
24/03/2025,Vegetables,692,Bank_Cash,Shree Bhairavnath,03-2025,Paid,Naseem,11/04/2025,Inventory,1003,,COGS - Veg,Expense,0,,,,,,,,TRUE
24/03/2025,Bakery,280,Cash,Pita Bared,03-2025,Paid,Sameer,,Grocery,1004,,COGS - Grocery,Expense,0,,,,,,,,TRUE
24/03/2025,Beverages,1200,Bank_Cash,Water Bottel,03-2025,Paid,Sameer,,Grocery,1005,,COGS - Grocery,Expense,0,,,,,,,,TRUE
24/03/2025,Chicken,2854,Bank,Golden Chicken,03-2025,Paid,Sameer,,Inventory,1006,,COGS - NonVeg,Expense,0,,,,,,,,TRUE
24/03/2025,Grocery,6500,Bank,Kaju,03-2025,Paid,Sameer,,Inventory,1007,,COGS - Grocery,Expense,0,,,,,,,,TRUE
24/03/2025,Mutton,4000,Bank,A 1,03-2025,Paid,Sameer,,Inventory,1008,,COGS - NonVeg,Expense,0,,,,,,,,TRUE
24/03/2025,Mutton,440,Bank_Cash,A 1,03-2025,Paid,Sameer,,Inventory,1009,,COGS - NonVeg,Expense,0,,,,,,,,TRUE
24/03/2025,Sales,4295,Cash,Petpooja,03-2025,,,,Sales,1010,,Revenue,Income,0,,,,,,,,TRUE
24/03/2025,Sales,440,Card,Petpooja,03-2025,,,,Sales,1011,,Revenue,Income,0,,,,,,,,TRUE
24/03/2025,Sales,500,UPI,Petpooja,03-2025,,,,Sales,1012,,Revenue,Income,0,,,,,,,,TRUE
24/03/2025,Sales,9978,Wallet,Petpooja,03-2025,,,,Sales,1013,,Revenue,Income,0,,,,,,,,TRUE
24/03/2025,Sales,1725,Online Sale,Swiggy&zomato,03-2025,,,,Sales,1014,,Revenue,Income,0,,,,,,,,TRUE
24/03/2025,Dairy,130,Bank_Cash,Mava,03-2025,Paid,Sameer,,Inventory,1015,,COGS - Dairy,Expense,0,,,,,,,,TRUE
24/03/2025,Plumbing Work,65,Bank_Cash,Dinesh,03-2025,Paid,Sameer,,Maintance,1016,,OpEx - Maintenance,Expense,0,,,,,,,,TRUE
24/03/2025,Dairy,120,Bank_Cash,Milk,03-2025,Paid,Sameer,,Inventory,1017,,COGS - Dairy,Expense,0,,,,,,,,TRUE
24/03/2025,Tea,115,Bank_Cash,,03-2025,Paid,Sameer,,Staff Expenses,1018,,OpEx - Labor,Expense,0,,,,,,,,TRUE
24/03/2025,Kinners,15,Cash,,03-2025,Paid,Sameer,,Maintance,1019,,OpEx - Misc,Expense,0,,,,,,,,TRUE
25/03/2025,Chicken,3674,Bank,Golden Chicken,03-2025,Paid,Sameer,,Inventory,1020,,COGS - NonVeg,Expense,0,,,,,,,,TRUE
25/03/2025,Grocery,2754,Bank,Balaji,03-2025,Paid,Sameer,,Inventory,1021,,COGS - Grocery,Expense,0,,,,,,,,TRUE
25/03/2025,Dairy,660,Bank,Adarsh Dairy,03-2025,Paid,Sameer,,Inventory,1022,,COGS - Dairy,Expense,0,,,,,,,,TRUE
25/03/2025,Dairy,370,Bank_Cash,Milk&Bared,03-2025,Paid,Sameer,,Inventory,1023,,COGS - Dairy,Expense,0,,,,,,,,TRUE
25/03/2025,Mutton,2960,Bank,A1,03-2025,Paid,Sameer,,Inventory,1024,,COGS - NonVeg,Expense,0,,,,,,,,TRUE
25/03/2025,Momos,210,Cash,Mount ,03-2025,Paid,Sameer,,Inventory,1025,,COGS - Inventory,Expense,0,,,,,,,,TRUE
25/03/2025,Vegetables,464,Bank_Cash,Shree Bhairavnath,03-2025,Paid,Naseem,11/04/2025,Inventory,1026,,COGS - Veg,Expense,0,,,,,,,,TRUE
25/03/2025,Sales,1500,Cash,Petpooja,03-2025,,,,Sales,1027,,Revenue,Income,0,,,,,,,,TRUE
25/03/2025,Sales,2870,Card,Petpooja,03-2025,,,,Sales,1028,,Revenue,Income,0,,,,,,,,TRUE
25/03/2025,Sales,420,UPI,Petpooja,03-2025,,,,Sales,1029,,Revenue,Income,0,,,,,,,,TRUE
25/03/2025,Sales,18648,Wallet,Petpooja,03-2025,,,,Sales,1030,,Revenue,Income,0,,,,,,,,TRUE
25/03/2025,Sales,1241,Online Sale,Swiggy&zomato,03-2025,,,,Sales,1031,,Revenue,Income,0,,,,,,,,TRUE
25/03/2025,Tea,130,Bank_Cash,,03-2025,Paid,Sameer,,Staff Expenses,1032,,OpEx - Labor,Expense,0,,,,,,,,TRUE
25/03/2025,Advance,1000,Bank_Cash,Laxmi Bai Salary,03-2025,Paid,Sameer,,Salary,1033,,OpEx - Labor,Expense,0,,,,,,,,TRUE
25/03/2025,Kinners,40,Cash,,03-2025,Paid,Sameer,,Maintance,1034,,OpEx - Misc,Expense,0,,,,,,,,TRUE
26/03/2025,Dairy,1495,Bank,Adarsh Dairy,03-2025,Paid,Sameer,,Inventory,1035,,COGS - Dairy,Expense,0,,,,,,,,TRUE
26/03/2025,Charcoal,840,Bank,Gyanshewri,03-2025,Paid,Sameer,,Inventory,1036,,COGS - Fuel,Expense,0,,,,,,,,TRUE
26/03/2025,Chicken,4456,Bank,Golden Chicken,03-2025,Paid,Sameer,,Inventory,1037,,COGS - NonVeg,Expense,0,,,,,,,,TRUE
26/03/2025,Bakery,350,Cash,Pita Bread,03-2025,Paid,Sameer,,Grocery,1038,,COGS - Grocery,Expense,0,,,,,,,,TRUE
26/03/2025,Bakery,180,Bank_Cash,Bread,03-2025,Paid,Sameer,,Grocery,1039,,COGS - Grocery,Expense,0,,,,,,,,TRUE
26/03/2025,Beverages,1040,Bank_Cash,Cold Drinks,03-2025,Paid,Sameer,,Grocery,1040,,COGS - Grocery,Expense,0,,,,,,,,TRUE
26/03/2025,Egg,955,Cash,Mulani,03-2025,Paid,Sameer,,Grocery,1041,,COGS - Grocery,Expense,0,,,,,,,,TRUE
26/03/2025,Vegetables,507,Bank_Cash,Shree Bhairavnath,03-2025,Paid,Naseem,11/04/2025,Inventory,1042,,COGS - Veg,Expense,0,,,,,,,,TRUE
26/03/2025,Sales,4760,Cash,Petpooja,03-2025,,,,Sales,1043,,Revenue,Income,0,,,,,,,,TRUE
26/03/2025,Sales,155,Card,Petpooja,03-2025,,,,Sales,1044,,Revenue,Income,0,,,,,,,,TRUE
26/03/2025,Sales,14350,Wallet,Petpooja,03-2025,,,,Sales,1045,,Revenue,Income,0,,,,,,,,TRUE
26/03/2025,Sales,4601,Online Sale,Swiggy&zomato,03-2025,,,,Sales,1046,,Revenue,Income,0,,,,,,,,TRUE
26/03/2025,Tea,100,Bank_Cash,,03-2025,Paid,Sameer,,Staff Expenses,1047,,OpEx - Labor,Expense,0,,,,,,,,TRUE
26/03/2025,Vegetables,40,Cash,Pudina,03-2025,Paid,Sameer,,Inventory,1048,,COGS - Veg,Expense,0,,,,,,,,TRUE
26/03/2025,Kinners,15,Cash,,03-2025,Paid,Sameer,,Maintance,1049,,OpEx - Misc,Expense,0,,,,,,,,TRUE
27/03/2025,Chicken,6665,Bank,Golden Chicken,03-2025,Paid,Sameer,,Inventory,1050,,COGS - NonVeg,Expense,0,,,,,,,,TRUE
27/03/2025,Vegetables,355,Bank_Cash,Shree Bhairavnath,03-2025,Paid,Naseem,11/04/2025,Inventory,1051,,COGS - Veg,Expense,0,,,,,,,,TRUE
27/03/2025,Grocery,2865,Bank,Balaji,03-2025,Paid,Sameer,,Inventory,1052,,COGS - Grocery,Expense,0,,,,,,,,TRUE
27/03/2025,Dairy,943,Bank,Adarsh Dairy,03-2025,Paid,Sameer,,Inventory,1053,,COGS - Dairy,Expense,0,,,,,,,,TRUE
27/03/2025,Chapati,18980,Bank,,03-2025,Paid,Sameer,,Grocery,1054,,COGS - Grocery,Expense,0,,,,,,,,TRUE
27/03/2025,Bakery,175,Cash,Pita Bread,03-2025,Paid,Sameer,,Grocery,1055,,COGS - Grocery,Expense,0,,,,,,,,TRUE
27/03/2025,Vegetables,1020,Bank_Cash,Onion,03-2025,Paid,Sameer,,Inventory,1056,,COGS - Veg,Expense,0,,,,,,,,TRUE
27/03/2025,Mutton,2220,Bank_Cash,A1,03-2025,Paid,Sameer,,Inventory,1057,,COGS - NonVeg,Expense,0,,,,,,,,TRUE
27/03/2025,Disposable,3310,Bank,Anand,03-2025,Paid,Sameer,,Inventory,1058,,COGS - Packaging,Expense,0,,,,,,,,TRUE
27/03/2025,Sales,2640,Cash,Petpooja,03-2025,,,,Sales,1059,,Revenue,Income,0,,,,,,,,TRUE
27/03/2025,Sales,860,Card,Petpooja,03-2025,,,,Sales,1060,,Revenue,Income,0,,,,,,,,TRUE
27/03/2025,Sales,789,UPI,Petpooja,03-2025,,,,Sales,1061,,Revenue,Income,0,,,,,,,,TRUE
27/03/2025,Sales,11730,Wallet,Petpooja,03-2025,,,,Sales,1062,,Revenue,Income,0,,,,,,,,TRUE
27/03/2025,Sales,150,Zomato Pay,Petpooja,03-2025,,,,Sales,1063,,Revenue,Income,0,,,,,,,,TRUE
27/03/2025,Sales,785,Online Sale,Swiggy&zomato,03-2025,,,,Sales,1064,,Revenue,Income,0,,,,,,,,TRUE
27/03/2025,Tea,140,Bank_Cash,,03-2025,Paid,Sameer,,Staff Expenses,1065,,OpEx - Labor,Expense,0,,,,,,,,TRUE
27/03/2025,Kinners,15,Cash,,03-2025,Paid,Sameer,,Maintance,1066,,OpEx - Misc,Expense,0,,,,,,,,TRUE
28/03/2025,Bakery,175,Cash,Pita Braed,03-2025,Paid,Sameer,,Grocery,1067,,COGS - Grocery,Expense,0,,,,,,,,TRUE
28/03/2025,Beverages,1200,Bank_Cash,Water Bottel,03-2025,Paid,Sameer,,Grocery,1068,,COGS - Grocery,Expense,0,,,,,,,,TRUE
28/03/2025,Charcoal,1680,Bank,Gyanshewri,03-2025,Paid,Sameer,,Inventory,1069,,COGS - Fuel,Expense,0,,,,,,,,TRUE
28/03/2025,Vegetables,579,Bank_Cash,Shree Bhairavnath,03-2025,Paid,Naseem,11/04/2025,Inventory,1070,,COGS - Veg,Expense,0,,,,,,,,TRUE
28/03/2025,Dairy,846,Bank,Adarsh Dairy,03-2025,Paid,Sameer,,Inventory,1071,,COGS - Dairy,Expense,0,,,,,,,,TRUE
28/03/2025,Grocery,1767,Bank,Balaji,03-2025,Paid,Sameer,,Inventory,1072,,COGS - Grocery,Expense,0,,,,,,,,TRUE
28/03/2025,Chicken,1947,Bank,Golden Chicken,03-2025,Paid,Sameer,,Inventory,1073,,COGS - NonVeg,Expense,0,,,,,,,,TRUE
28/03/2025,Grocery,110,Cash,Noddles,03-2025,Paid,Sameer,,Inventory,1074,,COGS - Grocery,Expense,0,,,,,,,,TRUE
28/03/2025,Sales,1370,Cash,Petpooja,03-2025,,,,Sales,1075,,Revenue,Income,0,,,,,,,,TRUE
28/03/2025,Sales,1075,Card,Petpooja,03-2025,,,,Sales,1076,,Revenue,Income,0,,,,,,,,TRUE
28/03/2025,Sales,40,UPI,Petpooja,03-2025,,,,Sales,1077,,Revenue,Income,0,,,,,,,,TRUE
28/03/2025,Sales,17578,Wallet,Petpooja,03-2025,,,,Sales,1078,,Revenue,Income,0,,,,,,,,TRUE
28/03/2025,Sales,1992,Online Sale,Swiggy&zomato,03-2025,,,,Sales,1079,,Revenue,Income,0,,,,,,,,TRUE
28/03/2025,Tea,85,Cash,,03-2025,Paid,Sameer,,Staff Expenses,1080,,OpEx - Labor,Expense,0,,,,,,,,TRUE
28/03/2025,Petrol,1300,Bank_Cash,,03-2025,Paid,Sameer,,Bike Maintance,1081,,OpEx - Maintenance,Expense,0,,,,,,,,TRUE
29/03/2025,Chicken,4591,Bank,Golden Chicken,03-2025,Paid,Sameer,,Inventory,1082,,COGS - NonVeg,Expense,0,,,,,,,,TRUE
29/03/2025,Charcoal,840,Bank,Gyanshewri,03-2025,Paid,Sameer,,Inventory,1083,,COGS - Fuel,Expense,0,,,,,,,,TRUE
29/03/2025,Vegetables,666,Bank_Cash,Shree Bhairavnath,03-2025,Paid,Naseem,11/04/2025,Inventory,1084,,COGS - Veg,Expense,0,,,,,,,,TRUE
29/03/2025,Dairy,1031,Bank,Adarsh Dairy,03-2025,Paid,Sameer,,Inventory,1085,,COGS - Dairy,Expense,0,,,,,,,,TRUE
29/03/2025,Grocery,3255,Bank,Balaji,03-2025,Paid,Sameer,,Inventory,1086,,COGS - Grocery,Expense,0,,,,,,,,TRUE
29/03/2025,Dairy,550,Bank_Cash,Soya Chaap,03-2025,Paid,Sameer,,Inventory,1087,,COGS - Dairy,Expense,0,,,,,,,,TRUE
29/03/2025,Maintenance,350,Bank_Cash,Amplififer Repair,03-2025,Paid,Sameer,,Maintance,1088,,OpEx - Maintenance,Expense,0,,,,,,,,TRUE
29/03/2025,Egg,735,Bank_Cash,Mulani,03-2025,Paid,Sameer,,Grocery,1089,,COGS - Grocery,Expense,0,,,,,,,,TRUE
29/03/2025,Police,8500,Bank_Cash,,03-2025,Paid,Sameer,,Fixed Maintance,1090,,OpEx - Fixed,Expense,0,,,,,,,,TRUE
29/03/2025,Advance,6500,Bank,,03-2025,Paid,Sameer,,Salary,1091,,OpEx - Labor,Expense,0,,,,,,,,TRUE
29/03/2025,Tea,115,Bank_Cash,,03-2025,Paid,Sameer,,Staff Expenses,1092,,OpEx - Labor,Expense,0,,,,,,,,TRUE
29/03/2025,Kinners,40,Cash,Petpooja,03-2025,Paid,Sameer,,Maintance,1093,,OpEx - Misc,Expense,0,,,,,,,,TRUE
29/03/2025,Sales,2695,Cash,Petpooja,03-2025,,,,Sales,1094,,Revenue,Income,0,,,,,,,,TRUE
29/03/2025,Sales,1220,UPI,Petpooja,03-2025,,,,Sales,1095,,Revenue,Income,0,,,,,,,,TRUE
29/03/2025,Sales,11875,Wallet,Petpooja,03-2025,,,,Sales,1096,,Revenue,Income,0,,,,,,,,TRUE
29/03/2025,Sales,1190,Online Sale,Swiggy&zomato,03-2025,,,,Sales,1097,,Revenue,Income,0,,,,,,,,TRUE
29/03/2025,Bakery,105,Cash,Pita Braed,03-2025,Paid,Sameer,,Grocery,1098,,COGS - Grocery,Expense,0,,,,,,,,TRUE
30/03/2025,Advance,2500,Bank_Cash,Khenya,03-2025,Paid,Sameer,,Salary,1099,,OpEx - Labor,Expense,0,,,,,,,,TRUE
30/03/2025,Advance,1000,Bank_Cash,Ayub Bhai,03-2025,Paid,Sameer,,Salary,1100,,OpEx - Labor,Expense,0,,,,,,,,TRUE
30/03/2025,Vegetables,552,Bank_Cash,Shree Bhairavnath,03-2025,Paid,Naseem,11/04/2025,Inventory,1101,,COGS - Veg,Expense,0,,,,,,,,TRUE
30/03/2025,Dairy,393,Bank,Adarsh Dairy,03-2025,Paid,Sameer,,Inventory,1102,,COGS - Dairy,Expense,0,,,,,,,,TRUE
30/03/2025,Chicken,2324,Bank,Golden Chicken,03-2025,Paid,Sameer,,Inventory,1103,,COGS - NonVeg,Expense,0,,,,,,,,TRUE
30/03/2025,Grocery,3833,Bank,Balaji,03-2025,Paid,Sameer,,Inventory,1104,,COGS - Grocery,Expense,0,,,,,,,,TRUE
30/03/2025,Electric Work,300,Bank_Cash,Wire,03-2025,Paid,Sameer,,Maintance,1105,,OpEx - Maintenance,Expense,0,,,,,,,,TRUE
30/03/2025,Counter Cash,250,Cash,Cash Return Extra upi,03-2025,Paid,Sameer,,Excess Amount Return,1106,,Excess Amount Return,Expense,0,,,,,,,,TRUE
30/03/2025,Sales,3074,Cash,Petpooja,03-2025,,,,Sales,1107,,Revenue,Income,0,,,,,,,,TRUE
30/03/2025,Sales,420,UPI,Petpooja,03-2025,,,,Sales,1108,,Revenue,Income,0,,,,,,,,TRUE
30/03/2025,Sales,11538,Wallet,Petpooja,03-2025,,,,Sales,1109,,Revenue,Income,0,,,,,,,,TRUE
30/03/2025,Sales,1409,Online Sale,Swiggy&zomato,03-2025,,,,Sales,1110,,Revenue,Income,0,,,,,,,,TRUE
30/03/2025,Advance,1000,Bank_Cash,,03-2025,Paid,Sameer,,Salary,1111,,OpEx - Labor,Expense,0,,,,,,,,TRUE
30/03/2025,Kinners,24,Cash,,03-2025,Paid,Sameer,,Maintance,1112,,OpEx - Misc,Expense,0,,,,,,,,TRUE
30/03/2025,Tea,100,Bank_Cash,,03-2025,Paid,Sameer,,Staff Expenses,1113,,OpEx - Labor,Expense,0,,,,,,,,TRUE
31/03/2025,Bakery,320,Bank_Cash,Pita Bread,03-2025,Paid,Sameer,,Grocery,1114,,COGS - Grocery,Expense,0,,,,,,,,TRUE
31/03/2025,Charcoal,840,Bank,Gyanshewri,03-2025,Paid,Sameer,,Inventory,1115,,COGS - Fuel,Expense,0,,,,,,,,TRUE
31/03/2025,Chicken,2087,Bank,Golden Chicken,03-2025,Paid,Sameer,,Inventory,1116,,COGS - NonVeg,Expense,0,,,,,,,,TRUE
31/03/2025,Vegetables,249,Bank_Cash,Shree Bhairavnath,03-2025,Paid,Naseem,11/04/2025,Inventory,1117,,COGS - Veg,Expense,0,,,,,,,,TRUE
31/03/2025,Dairy,1168,Bank,Adarsh Dairy,03-2025,Paid,Sameer,,Inventory,1118,,COGS - Dairy,Expense,0,,,,,,,,TRUE
31/03/2025,Petrol,300,Bank_Cash,,03-2025,Paid,Sameer,,Bike Maintance,1119,,OpEx - Maintenance,Expense,0,,,,,,,,TRUE
31/03/2025,Dairy,550,Bank_Cash,Soya Chaap,03-2025,Paid,Sameer,,Inventory,1120,,COGS - Dairy,Expense,0,,,,,,,,TRUE
31/03/2025,Sales,3010,Cash,Petpooja,03-2025,,,,Sales,1121,,Revenue,Income,0,,,,,,,,TRUE
31/03/2025,Sales,2090,Card,Petpooja,03-2025,,,,Sales,1122,,Revenue,Income,0,,,,,,,,TRUE
31/03/2025,Sales,1760,UPI,Petpooja,03-2025,,,,Sales,1123,,Revenue,Income,0,,,,,,,,TRUE
31/03/2025,Sales,19284,Wallet,Petpooja,03-2025,,,,Sales,1124,,Revenue,Income,0,,,,,,,,TRUE
31/03/2025,Sales,1992,Online Sale,Swiggy&zomato,03-2025,,,,Sales,1125,,Revenue,Income,0,,,,,,,,TRUE
31/03/2025,Dairy,90,Bank_Cash,,03-2025,Paid,Sameer,,Inventory,1126,,COGS - Dairy,Expense,0,,,,,,,,TRUE
31/03/2025,Tea,110,Cash,,03-2025,Paid,Sameer,,Staff Expenses,1127,,OpEx - Labor,Expense,0,,,,,,,,TRUE
01/04/2025,Chicken,6295,Bank,Golden Chicken,04-2025,Paid,Bank,07/04/2025,Inventory,1128,,COGS - NonVeg,Expense,0,,,,,,,,TRUE
01/04/2025,Vegetables,510,Bank_Cash,Shree Bhairavnath,04-2025,Paid,Naseem,11/04/2025,Inventory,1129,,COGS - Veg,Expense,0,,,,,,,,TRUE
01/04/2025,Dairy,1675,Bank,Adarsh Dairy,04-2025,Paid,Bank,19/04/2025,Inventory,1130,,COGS - Dairy,Expense,0,,,,,,,,TRUE
01/04/2025,Grocery,3051,Bank,Balaji,04-2025,Paid,Bank,07/04/2025,Inventory,1131,,COGS - Grocery,Expense,0,,,,,,,,TRUE
01/04/2025,Advance,2000,Bank_Cash,Juber,04-2025,Paid,Naseem,01/04/2025,Salary,1132,,OpEx - Labor,Expense,0,,,,,,,,TRUE
01/04/2025,Stationary,100,Bank_Cash,Newspaper,04-2025,Paid,Naseem,01/04/2025,Inventory,1133,,COGS - Inventory,Expense,0,,,,,,,,TRUE
01/04/2025,Sales,2684,Cash,Petpooja,04-2025,,,,Sales,1134,,Revenue,Income,0,,,,,,,,TRUE
01/04/2025,Sales,400,Card,Petpooja,04-2025,,,,Sales,1135,,Revenue,Income,0,,,,,,,,TRUE
01/04/2025,Sales,450,UPI,Petpooja,04-2025,,,,Sales,1136,,Revenue,Income,0,,,,,,,,TRUE
01/04/2025,Sales,6869,Wallet,Petpooja,04-2025,,,,Sales,1137,,Revenue,Income,0,,,,,,,,TRUE
01/04/2025,Sales,4194,Online Sale,Swiggy&zomato,04-2025,,,,Sales,1138,,Revenue,Income,0,,,,,,,,TRUE
01/04/2025,Advance,5000,Bank_Cash,Rajesh,04-2025,Paid,Naseem,01/04/2025,Salary,1139,,OpEx - Labor,Expense,0,,,,,,,,TRUE
01/04/2025,Tea,120,Bank_Cash,,04-2025,Paid,Naseem,01/04/2025,Staff Expenses,1140,,OpEx - Labor,Expense,0,,,,,,,,TRUE
01/04/2025,Kinners,34,Cash,,04-2025,Paid,Sameer,01/04/2025,Maintance,1141,,OpEx - Misc,Expense,0,,,,,,,,TRUE
02/04/2025,Grocery,2173,Bank,Balaji,04-2025,Paid,Bank,07/04/2025,Inventory,1142,,COGS - Grocery,Expense,0,,,,,,,,TRUE
02/04/2025,Chicken,982,Bank,Golden Chicken,04-2025,Paid,Bank,07/04/2025,Inventory,1143,,COGS - NonVeg,Expense,0,,,,,,,,TRUE
02/04/2025,Egg,580,Cash,Mulani,04-2025,Paid,Sameer,02/04/2025,Grocery,1144,,COGS - Grocery,Expense,0,,,,,,,,TRUE
02/04/2025,Beverages,2208,Bank,Cold Drinks,04-2025,Paid,Shakil,02/04/2025,Grocery,1145,,COGS - Grocery,Expense,0,,,,,,,,TRUE
02/04/2025,Mutton,400,Bank_Cash,A1,04-2025,Paid,Shakil,02/04/2025,Inventory,1146,,COGS - NonVeg,Expense,0,,,,,,,,TRUE
02/04/2025,Vegetables,353,Bank_Cash,Shree Bhairavnath,04-2025,Paid,Naseem,11/04/2025,Inventory,1147,,COGS - Veg,Expense,0,,,,,,,,TRUE
02/04/2025,Vegetables,920,Bank_Cash,Onion,04-2025,Paid,Naseem,02/04/2025,Inventory,1148,,COGS - Veg,Expense,0,,,,,,,,TRUE
02/04/2025,Charcoal,1680,Bank,Gyanshewri,04-2025,Paid,Bank,05/04/2025,Inventory,1149,,COGS - Fuel,Expense,0,,,,,,,,TRUE
02/04/2025,Tea,130,Bank_Cash,,04-2025,Paid,Naseem,02/04/2025,Staff Expenses,1150,,OpEx - Labor,Expense,0,,,,,,,,TRUE
02/04/2025,Maintenance,280,Bank_Cash,,04-2025,Paid,Naseem,02/04/2025,Maintance,1151,,OpEx - Maintenance,Expense,0,,,,,,,,TRUE
02/04/2025,Dairy,60,Bank_Cash,Milk,04-2025,Paid,Naseem,02/04/2025,Inventory,1152,,COGS - Dairy,Expense,0,,,,,,,,TRUE
02/04/2025,Sales,2145,Cash,Petpooja,04-2025,,,,Sales,1153,,Revenue,Income,0,,,,,,,,TRUE
02/04/2025,Sales,320,UPI,Petpooja,04-2025,,,,Sales,1154,,Revenue,Income,0,,,,,,,,TRUE
02/04/2025,Sales,11687,Wallet,Petpooja,04-2025,,,,Sales,1155,,Revenue,Income,0,,,,,,,,TRUE
02/04/2025,Sales,430,Zomato Pay,Petpooja,04-2025,,,,Sales,1156,,Revenue,Income,0,,,,,,,,TRUE
02/04/2025,Sales,2832,Online Sale,Swiggy&zomato,04-2025,,,,Sales,1157,,Revenue,Income,0,,,,,,,,TRUE
02/04/2025,Bakery,315,Cash,Pita Bread,04-2025,Paid,Sameer,02/04/2025,Grocery,1158,,COGS - Grocery,Expense,0,,,,,,,,TRUE
02/04/2025,Vegetables,30,Cash,Pudina,04-2025,Paid,Sameer,02/04/2025,Inventory,1159,,COGS - Veg,Expense,0,,,,,,,,TRUE
02/04/2025,Dairy,270,Bank,Adarsh Dairy,04-2025,Paid,Bank,19/04/2025,Inventory,1160,,COGS - Dairy,Expense,0,,,,,,,,TRUE
02/04/2025,Gas,1770,Bank,Sai Bharat,04-2025,Paid,Bank,12/04/2025,Fixed Maintance,1161,,OpEx - Utilities,Expense,0,,,,,,,,TRUE
03/04/2025,Grocery,110,Cash,Noodles,04-2025,Paid,Sameer,03/04/2025,Inventory,1162,,COGS - Grocery,Expense,0,,,,,,,,TRUE
03/04/2025,Gas,1770,Bank,Sai Bharat,04-2025,Paid,Bank,12/04/2025,Fixed Maintance,1163,,OpEx - Utilities,Expense,0,,,,,,,,TRUE
03/04/2025,Dairy,696,Bank,Adarsh Dairy,04-2025,Paid,Bank,19/04/2025,Inventory,1164,,COGS - Dairy,Expense,0,,,,,,,,TRUE
03/04/2025,Vegetables,496,Bank_Cash,Shree Bhairavnath,04-2025,Paid,Naseem,11/04/2025,Inventory,1165,,COGS - Veg,Expense,0,,,,,,,,TRUE
03/04/2025,Chicken,3103,Bank,Golden Chicken,04-2025,Paid,Bank,07/04/2025,Inventory,1166,,COGS - NonVeg,Expense,0,,,,,,,,TRUE
03/04/2025,Grocery,2523,Bank,Balaji,04-2025,Paid,Bank,09/04/2025,Inventory,1167,,COGS - Grocery,Expense,0,,,,,,,,TRUE
03/04/2025,Bakery,70,Bank_Cash,Braed,04-2025,Paid,Naseem,03/04/2025,Grocery,1168,,COGS - Grocery,Expense,0,,,,,,,,TRUE
03/04/2025,Beverages,1200,Cash,Water Bottel,04-2025,Paid,Sameer,03/04/2025,Grocery,1169,,COGS - Grocery,Expense,0,,,,,,,,TRUE
03/04/2025,Bakery,175,Cash,Pita Bread,04-2025,Paid,Sameer,03/04/2025,Grocery,1170,,COGS - Grocery,Expense,0,,,,,,,,TRUE
03/04/2025,Kinners,15,Cash,Kinners,04-2025,Paid,Sameer,03/04/2025,Maintance,1171,,OpEx - Misc,Expense,0,,,,,,,,TRUE
03/04/2025,Garbage Vehicle,1500,Bank,,04-2025,Paid,Shakil,03/04/2025,Fixed Maintance,1172,,OpEx - Maintenance,Expense,0,,,,,,,,TRUE
03/04/2025,Tea,130,Bank_Cash,,04-2025,Paid,Naseem,03/04/2025,Staff Expenses,1173,,OpEx - Labor,Expense,0,,,,,,,,TRUE
03/04/2025,Sales,2320,Cash,Petpooja,04-2025,,,,Sales,1174,,Revenue,Income,0,,,,,,,,TRUE
03/04/2025,Sales,2220,UPI,Petpooja,04-2025,,,,Sales,1175,,Revenue,Income,0,,,,,,,,TRUE
03/04/2025,Sales,10313,Wallet,Petpooja,04-2025,,,,Sales,1176,,Revenue,Income,0,,,,,,,,TRUE
03/04/2025,Sales,2869,Online Sale,Swiggy&zomato,04-2025,,,,Sales,1177,,Revenue,Income,0,,,,,,,,TRUE
03/04/2025,Dairy,220,Bank_Cash,Chipotle Souce,04-2025,Paid,Naseem,03/04/2025,Inventory,1178,,COGS - Dairy,Expense,0,,,,,,,,TRUE
04/04/2025,Vegetables,361,Bank,Gatha,04-2025,Paid,Shakil,03/05/2025,Inventory,1179,,COGS - Veg,Expense,0,,,,,,,,TRUE
04/04/2025,Chicken,4305,Bank,Golden Chicken,04-2025,Paid,Bank,09/04/2025,Inventory,1180,,COGS - NonVeg,Expense,0,,,,,,,,TRUE
04/04/2025,Grocery,646,Bank,Balaji,04-2025,Paid,Bank,09/04/2025,Inventory,1181,,COGS - Grocery,Expense,0,,,,,,,,TRUE
04/04/2025,Mutton,1480,Bank,A1,04-2025,Paid,Shakil,04/04/2025,Inventory,1182,,COGS - NonVeg,Expense,0,,,,,,,,TRUE
04/04/2025,Dairy,645,Bank,Adarsh Dairy,04-2025,Paid,Bank,19/04/2025,Inventory,1183,,COGS - Dairy,Expense,0,,,,,,,,TRUE
04/04/2025,Electricity,19710,Bank,Electricity,04-2025,Paid,Bank,,Fixed Maintance,1184,,OpEx - Utilities,Expense,0,,,,,,,,TRUE
04/04/2025,Electric Work,60,Cash,Aux Cable,04-2025,Paid,Sameer,04/04/2025,Maintance,1185,,OpEx - Maintenance,Expense,0,,,,,,,,TRUE
04/04/2025,Donation,1000,Bank,Donation,04-2025,Paid,Shakil,04/04/2025,Maintance,1186,,OpEx - Misc,Expense,0,,,,,,,,TRUE
04/04/2025,Sales,2970,Cash,Petpooja,04-2025,,,,Sales,1187,,Revenue,Income,0,,,,,,,,TRUE
04/04/2025,Sales,790,Card,Petpooja,04-2025,,,,Sales,1188,,Revenue,Income,0,,,,,,,,TRUE
04/04/2025,Sales,290,UPI,Petpooja,04-2025,,,,Sales,1189,,Revenue,Income,0,,,,,,,,TRUE
04/04/2025,Sales,17036,Wallet,Petpooja,04-2025,,,,Sales,1190,,Revenue,Income,0,,,,,,,,TRUE
04/04/2025,Sales,360,Zomato Pay,Petpooja,04-2025,,,,Sales,1191,,Revenue,Income,0,,,,,,,,TRUE
04/04/2025,Sales,2785,Online Sale,Swiggy&zomato,04-2025,,,,Sales,1192,,Revenue,Income,0,,,,,,,,TRUE
04/04/2025,Counter Cash,60,Cash,Extra Upi Return,04-2025,Paid,Sameer,04/04/2025,Excess Amount Return,1193,,Excess Amount Return,Expense,0,,,,,,,,TRUE
04/04/2025,Tea,100,Bank_Cash,Staff,04-2025,Paid,Naseem,04/04/2025,Staff Expenses,1194,,OpEx - Labor,Expense,0,,,,,,,,TRUE
04/04/2025,Gas,1770,Bank,Sai Bharat,04-2025,Paid,Bank,12/04/2025,Fixed Maintance,1195,,OpEx - Utilities,Expense,0,,,,,,,,TRUE
04/04/2025,Kinners,30,Cash,Kinners,04-2025,Paid,Sameer,04/04/2025,Maintance,1196,,OpEx - Misc,Expense,0,,,,,,,,TRUE
04/04/2025,Vegetables,20,Cash,Pudina,04-2025,Paid,Sameer,04/04/2025,Inventory,1197,,COGS - Veg,Expense,0,,,,,,,,TRUE
04/04/2025,Advance,10000,Bank,Vijay,04-2025,Paid,Bank,04/04/2025,Salary,1198,,OpEx - Labor,Expense,0,,,,,,,,TRUE
05/04/2025,Chicken,2775,Bank,Golden Chicken,04-2025,Paid,Bank,09/04/2025,Inventory,1199,,COGS - NonVeg,Expense,0,,,,,,,,TRUE
05/04/2025,Charcoal,840,Bank,Gyanshewri,04-2025,Paid,Bank,22/04/2025,Inventory,1200,,COGS - Fuel,Expense,0,,,,,,,,TRUE
05/04/2025,Dairy,1617,Bank,Adarsh Dairy,04-2025,Paid,Bank,19/04/2025,Inventory,1201,,COGS - Dairy,Expense,0,,,,,,,,TRUE
05/04/2025,Bakery,350,Cash,Pita Bread,04-2025,Paid,Sameer,05/04/2025,Grocery,1202,,COGS - Grocery,Expense,0,,,,,,,,TRUE
05/04/2025,Grocery,110,Cash,Noodles,04-2025,Paid,Sameer,05/04/2025,Inventory,1203,,COGS - Grocery,Expense,0,,,,,,,,TRUE
05/04/2025,Grocery,2381,Bank,Balaji,04-2025,Paid,Bank,09/04/2025,Inventory,1204,,COGS - Grocery,Expense,0,,,,,,,,TRUE
05/04/2025,Dairy,900,Cash,Soya Chaap & Paratha,04-2025,Paid,Sameer,05/04/2025,Inventory,1205,,COGS - Dairy,Expense,0,,,,,,,,TRUE
05/04/2025,Disposable,1185,Bank,Anand,04-2025,Paid,Bank,24/04/2025,Inventory,1206,,COGS - Packaging,Expense,0,,,,,,,,TRUE
05/04/2025,Plumbing Work,240,Bank_Cash,Dinesh,04-2025,Paid,Naseem,05/04/2025,Maintance,1207,,OpEx - Maintenance,Expense,0,,,,,,,,TRUE
05/04/2025,Vegetables,254,Bank,Gatha,04-2025,Paid,Shakil,03/05/2025,Inventory,1208,,COGS - Veg,Expense,0,,,,,,,,TRUE
05/04/2025,Advance,5000,Bank_Cash,Laxmi Bai Salary,04-2025,Paid,Naseem,05/04/2025,Salary,1209,,OpEx - Labor,Expense,0,,,,,,,,TRUE
05/04/2025,Sales,3444,Cash,Petpooja,04-2025,,,,Sales,1210,,Revenue,Income,0,,,,,,,,TRUE
05/04/2025,Sales,1425,Card,Petpooja,04-2025,,,,Sales,1211,,Revenue,Income,0,,,,,,,,TRUE
05/04/2025,Sales,18895,Wallet,Petpooja,04-2025,,,,Sales,1212,,Revenue,Income,0,,,,,,,,TRUE
05/04/2025,Sales,3771,Online Sale,Swiggy&zomato,04-2025,,,,Sales,1213,,Revenue,Income,0,,,,,,,,TRUE
05/04/2025,Sales,480,UPI,Petpooja,04-2025,,,,Sales,1214,,Revenue,Income,0,,,,,,,,TRUE
05/04/2025,Tea,140,Bank_Cash,Staff,04-2025,Paid,Naseem,05/04/2025,Staff Expenses,1215,,OpEx - Labor,Expense,0,,,,,,,,TRUE
05/04/2025,Kinners,34,Cash,Kinners,04-2025,Paid,Sameer,05/04/2025,Maintance,1216,,OpEx - Misc,Expense,0,,,,,,,,TRUE
05/04/2025,Police,2000,Bank,Police,04-2025,Paid,Shakil,05/04/2025,Fixed Maintance,1217,,OpEx - Fixed,Expense,0,,,,,,,,TRUE
05/04/2025,Advance,374,Bank,Vijay,04-2025,Paid,Bank,05/04/2025,Salary,1218,,OpEx - Labor,Expense,0,,,,,,,,TRUE
06/04/2025,Grocery,555,Bank,Balaji,04-2025,Paid,Bank,13/04/2025,Inventory,1219,,COGS - Grocery,Expense,0,,,,,,,,TRUE
06/04/2025,Vegetables,592,Bank,Gatha,04-2025,Paid,Shakil,03/05/2025,Inventory,1220,,COGS - Veg,Expense,0,,,,,,,,TRUE
06/04/2025,Chicken,2693,Bank,Golden Chicken,04-2025,Paid,Bank,13/04/2025,Inventory,1221,,COGS - NonVeg,Expense,0,,,,,,,,TRUE
06/04/2025,Dairy,1216,Bank,Adarsh Dairy,04-2025,Paid,Bank,19/04/2025,Inventory,1222,,COGS - Dairy,Expense,0,,,,,,,,TRUE
06/04/2025,Vegetables,870,Bank_Cash,Onion,04-2025,Paid,Naseem,06/04/2025,Inventory,1223,,COGS - Veg,Expense,0,,,,,,,,TRUE
06/04/2025,Beverages,1200,Cash,Water Bottel,04-2025,Paid,Sameer,06/04/2025,Grocery,1224,,COGS - Grocery,Expense,0,,,,,,,,TRUE
06/04/2025,Egg,320,Cash,Baramati,04-2025,Paid,Sameer,06/04/2025,Grocery,1225,,COGS - Grocery,Expense,0,,,,,,,,TRUE
06/04/2025,Sales,2725,Cash,Petpooja,04-2025,,,,Sales,1226,,Revenue,Income,0,,,,,,,,TRUE
06/04/2025,Sales,280,Card,Petpooja,04-2025,,,,Sales,1227,,Revenue,Income,0,,,,,,,,TRUE
06/04/2025,Sales,1214,UPI,Petpooja,04-2025,,,,Sales,1228,,Revenue,Income,0,,,,,,,,TRUE
06/04/2025,Sales,19500,Wallet,Petpooja,04-2025,,,,Sales,1229,,Revenue,Income,0,,,,,,,,TRUE
06/04/2025,Sales,1407,Online Sale,Swiggy&zomato,04-2025,,,,Sales,1230,,Revenue,Income,0,,,,,,,,TRUE
06/04/2025,Tea,105,Cash,Staff,04-2025,Paid,Sameer,06/04/2025,Staff Expenses,1231,,OpEx - Labor,Expense,0,,,,,,,,TRUE
07/04/2025,Charcoal,840,Bank,Gyanshewri,04-2025,Paid,Bank,22/04/2025,Inventory,1232,,COGS - Fuel,Expense,0,,,,,,,,TRUE
07/04/2025,Dairy,1653,Bank,Adarsh Dairy,04-2025,Paid,Bank,19/04/2025,Inventory,1233,,COGS - Dairy,Expense,0,,,,,,,,TRUE
07/04/2025,Chicken,4603,Bank,Golden Chicken,04-2025,Paid,Bank,13/04/2025,Inventory,1234,,COGS - NonVeg,Expense,0,,,,,,,,TRUE
07/04/2025,Grocery,1256,Bank,Balaji,04-2025,Paid,Bank,13/04/2025,Inventory,1235,,COGS - Grocery,Expense,0,,,,,,,,TRUE
07/04/2025,Bakery,455,Cash,Pita Bread,04-2025,Paid,Sameer,07/04/2025,Grocery,1236,,COGS - Grocery,Expense,0,,,,,,,,TRUE
07/04/2025,Egg,705,Cash,Mulani,04-2025,Paid,Sameer,07/04/2025,Grocery,1237,,COGS - Grocery,Expense,0,,,,,,,,TRUE
07/04/2025,Vegetables,386,Bank,Gatha,04-2025,Paid,Shakil,03/05/2025,Inventory,1238,,COGS - Veg,Expense,0,,,,,,,,TRUE
07/04/2025,Sales,6595,Cash,Petpooja,04-2025,,,,Sales,1239,,Revenue,Income,0,,,,,,,,TRUE
07/04/2025,Sales,1970,Card,Petpooja,04-2025,,,,Sales,1240,,Revenue,Income,0,,,,,,,,TRUE
07/04/2025,Sales,3595,UPI,Petpooja,04-2025,,,,Sales,1241,,Revenue,Income,0,,,,,,,,TRUE
07/04/2025,Sales,11194,Wallet,Petpooja,04-2025,,,,Sales,1242,,Revenue,Income,0,,,,,,,,TRUE
07/04/2025,Sales,690,Zomato Pay,Petpooja,04-2025,,,,Sales,1243,,Revenue,Income,0,,,,,,,,TRUE
07/04/2025,Sales,2728,Online Sale,Swiggy&zomato,04-2025,,,,Sales,1244,,Revenue,Income,0,,,,,,,,TRUE
07/04/2025,Tea,100,Bank_Cash,Staff,04-2025,Paid,Naseem,07/04/2025,Staff Expenses,1245,,OpEx - Labor,Expense,0,,,,,,,,TRUE
07/04/2025,Vegetables,40,Bank_Cash,Salary Patta,04-2025,Paid,Naseem,07/04/2025,Inventory,1246,,COGS - Veg,Expense,0,,,,,,,,TRUE
07/04/2025,Gas,1770,Bank,Sai Bharat,04-2025,Paid,Bank,12/04/2025,Fixed Maintance,1247,,OpEx - Utilities,Expense,0,,,,,,,,TRUE
07/04/2025,Dairy,60,Bank_Cash,Milk,04-2025,Paid,Naseem,07/04/2025,Inventory,1248,,COGS - Dairy,Expense,0,,,,,,,,TRUE
07/04/2025,Kinners,35,Cash,Kinners,04-2025,Paid,Sameer,07/04/2025,Maintance,1249,,OpEx - Misc,Expense,0,,,,,,,,TRUE
08/04/2025,Dairy,955,Bank,Adarsh Dairy,04-2025,Paid,Bank,19/04/2025,Inventory,1250,,COGS - Dairy,Expense,0,,,,,,,,TRUE
08/04/2025,Grocery,2998,Bank,Balaji,04-2025,Paid,Bank,15/04/2025,Inventory,1251,,COGS - Grocery,Expense,0,,,,,,,,TRUE
08/04/2025,Chicken,3238,Bank,Golden Chicken,04-2025,Paid,Bank,15/04/2025,Inventory,1252,,COGS - NonVeg,Expense,0,,,,,,,,TRUE
08/04/2025,Bakery,350,Cash,Pita Bread,04-2025,Paid,Sameer,08/04/2025,Grocery,1253,,COGS - Grocery,Expense,0,,,,,,,,TRUE
08/04/2025,Mutton,750,Bank_Cash,A1,04-2025,Paid,Naseem,08/04/2025,Inventory,1254,,COGS - NonVeg,Expense,0,,,,,,,,TRUE
08/04/2025,Gas,1740,Bank,Sai Bharat,04-2025,Paid,Bank,12/04/2025,Fixed Maintance,1255,,OpEx - Utilities,Expense,0,,,,,,,,TRUE
08/04/2025,Petrol,300,Bank_Cash,Delivery,04-2025,Paid,Naseem,08/04/2025,Bike Maintance,1256,,OpEx - Maintenance,Expense,0,,,,,,,,TRUE
08/04/2025,Tea,200,Bank_Cash,Staff,04-2025,Paid,Naseem,08/04/2025,Staff Expenses,1257,,OpEx - Labor,Expense,0,,,,,,,,TRUE
08/04/2025,Sales,1810,Cash,Petpooja,04-2025,,,,Sales,1258,,Revenue,Income,0,,,,,,,,TRUE
08/04/2025,Sales,11739,Wallet,Petpooja,04-2025,,,,Sales,1259,,Revenue,Income,0,,,,,,,,TRUE
08/04/2025,Sales,550,Zomato Pay,Petpooja,04-2025,,,,Sales,1260,,Revenue,Income,0,,,,,,,,TRUE
08/04/2025,Sales,2358,Online Sale,Swiggy&zomato,04-2025,,,,Sales,1261,,Revenue,Income,0,,,,,,,,TRUE
08/04/2025,Kinners,10,Cash,Kinners,04-2025,Paid,Sameer,08/04/2025,Maintance,1262,,OpEx - Misc,Expense,0,,,,,,,,TRUE
08/04/2025,Vegetables,362,Bank,Gatha,04-2025,Paid,Shakil,03/05/2025,Inventory,1263,,COGS - Veg,Expense,0,,,,,,,,TRUE
09/04/2025,Grocery,3533,Bank,Balaji,04-2025,Paid,Bank,16/04/2025,Inventory,1264,,COGS - Grocery,Expense,0,,,,,,,,TRUE
09/04/2025,Dairy,375,Bank,Adarsh Dairy,04-2025,Paid,Bank,19/04/2025,Inventory,1265,,COGS - Dairy,Expense,0,,,,,,,,TRUE
09/04/2025,Chicken,3607,Bank,Golden Chicken,04-2025,Paid,Bank,19/04/2025,Inventory,1266,,COGS - NonVeg,Expense,0,,,,,,,,TRUE
09/04/2025,Egg,690,Cash,Mulani,04-2025,Paid,Sameer,09/04/2025,Grocery,1267,,COGS - Grocery,Expense,0,,,,,,,,TRUE
09/04/2025,Sales,5600,Cash,Petpooja,04-2025,,,,Sales,1268,,Revenue,Income,0,,,,,,,,TRUE
09/04/2025,Sales,1370,Card,Petpooja,04-2025,,,,Sales,1269,,Revenue,Income,0,,,,,,,,TRUE
09/04/2025,Sales,1260,UPI,Petpooja,04-2025,,,,Sales,1270,,Revenue,Income,0,,,,,,,,TRUE
09/04/2025,Sales,13055,Wallet,Petpooja,04-2025,,,,Sales,1271,,Revenue,Income,0,,,,,,,,TRUE
09/04/2025,Sales,860,Zomato Pay,Petpooja,04-2025,,,,Sales,1272,,Revenue,Income,0,,,,,,,,TRUE
09/04/2025,Sales,2057,Online Sale,Swiggy&zomato,04-2025,,,,Sales,1273,,Revenue,Income,0,,,,,,,,TRUE
09/04/2025,Tea,100,Bank_Cash,Staff,04-2025,Paid,Naseem,09/04/2025,Staff Expenses,1274,,OpEx - Labor,Expense,0,,,,,,,,TRUE
09/04/2025,Maintenance,250,Bank_Cash,Knife Repair,04-2025,Paid,Naseem,09/04/2025,Maintance,1275,,OpEx - Maintenance,Expense,0,,,,,,,,TRUE
09/04/2025,Advance,1000,Bank_Cash,Rajesh,04-2025,Paid,Naseem,09/04/2025,Salary,1276,,OpEx - Labor,Expense,0,,,,,,,,TRUE
09/04/2025,Kinners,10,Cash,Kinners,04-2025,Paid,Naseem,09/04/2025,Maintance,1277,,OpEx - Misc,Expense,0,,,,,,,,TRUE
09/04/2025,Vegetables,344,Bank,Gatha,04-2025,Paid,Shakil,03/05/2025,Inventory,1278,,COGS - Veg,Expense,0,,,,,,,,TRUE
10/04/2025,Vegetables,568,Bank,Gatha,04-2025,Paid,Shakil,03/05/2025,Inventory,1279,,COGS - Veg,Expense,0,,,,,,,,TRUE
10/04/2025,Chicken,4333,Bank,Golden Chicken,04-2025,Paid,Bank,15/04/2025,Inventory,1280,,COGS - NonVeg,Expense,0,,,,,,,,TRUE
10/04/2025,Beverages,1200,Cash,Water Bottel,04-2025,Paid,Sameer,10/04/2025,Grocery,1281,,COGS - Grocery,Expense,0,,,,,,,,TRUE
10/04/2025,Grocery,2906,Bank,Balaji,04-2025,Paid,Bank,16/04/2025,Inventory,1282,,COGS - Grocery,Expense,0,,,,,,,,TRUE
10/04/2025,Bakery,525,Cash,Pita Bread,04-2025,Paid,Sameer,10/04/2025,Grocery,1283,,COGS - Grocery,Expense,0,,,,,,,,TRUE
10/04/2025,Disposable,5140,Bank,Anand,04-2025,Paid,Bank,24/04/2025,Inventory,1284,,COGS - Packaging,Expense,0,,,,,,,,TRUE
10/04/2025,Sales,4635,Cash,Petpooja,04-2025,,,,Sales,1285,,Revenue,Income,0,,,,,,,,TRUE
10/04/2025,Sales,1155,Card,Petpooja,04-2025,,,,Sales,1286,,Revenue,Income,0,,,,,,,,TRUE
10/04/2025,Sales,500,UPI,Petpooja,04-2025,,,,Sales,1287,,Revenue,Income,0,,,,,,,,TRUE
10/04/2025,Sales,9400,Wallet,Petpooja,04-2025,,,,Sales,1288,,Revenue,Income,0,,,,,,,,TRUE
10/04/2025,Sales,1048,Zomato Pay,Petpooja,04-2025,,,,Sales,1289,,Revenue,Income,0,,,,,,,,TRUE
10/04/2025,Sales,4223,Online Sale,Swiggy&zomato,04-2025,,,,Sales,1290,,Revenue,Income,0,,,,,,,,TRUE
10/04/2025,Mutton,1480,Bank_Cash,A1,04-2025,Paid,Naseem,10/04/2025,Inventory,1291,,COGS - NonVeg,Expense,0,,,,,,,,TRUE
10/04/2025,Dairy,420,Bank_Cash,Paratha,04-2025,Paid,Naseem,10/04/2025,Inventory,1292,,COGS - Dairy,Expense,0,,,,,,,,TRUE
10/04/2025,Tea,200,Bank_Cash,Staff,04-2025,Paid,Naseem,10/04/2025,Staff Expenses,1293,,OpEx - Labor,Expense,0,,,,,,,,TRUE
10/04/2025,Kinners,10,Cash,Kinners,04-2025,Paid,Sameer,10/04/2025,Maintance,1294,,OpEx - Misc,Expense,0,,,,,,,,TRUE
10/04/2025,Dairy,1126,Bank,Adarsh Dairy,04-2025,Paid,Bank,19/04/2025,Inventory,1295,,COGS - Dairy,Expense,0,,,,,,,,TRUE
11/04/2025,Bakery,175,Cash,Pita Bread,04-2025,Paid,Sameer,11/04/2025,Grocery,1296,,COGS - Grocery,Expense,0,,,,,,,,TRUE
11/04/2025,Grocery,110,Cash,Noodles,04-2025,Paid,Sameer,11/04/2025,Inventory,1297,,COGS - Grocery,Expense,0,,,,,,,,TRUE
11/04/2025,Dairy,1331,Bank,Adarsh Dairy,04-2025,Paid,Bank,03/05/2025,Inventory,1298,,COGS - Dairy,Expense,0,,,,,,,,TRUE
11/04/2025,Chicken,3806,Bank,Golden Chicken,04-2025,Paid,Bank,16/04/2025,Inventory,1299,,COGS - NonVeg,Expense,0,,,,,,,,TRUE
11/04/2025,Grocery,1081,Bank,Balaji,04-2025,Paid,Bank,19/04/2025,Inventory,1300,,COGS - Grocery,Expense,0,,,,,,,,TRUE
11/04/2025,Charcoal,1680,Bank,Gyanshewri,04-2025,Paid,Bank,22/04/2025,Inventory,1301,,COGS - Fuel,Expense,0,,,,,,,,TRUE
11/04/2025,Dairy,650,Bank_Cash,Soya Chaap & Sauce,04-2025,Paid,Naseem,11/04/2025,Inventory,1302,,COGS - Dairy,Expense,0,,,,,,,,TRUE
11/04/2025,Vegetables,470,Bank,Gatha,04-2025,Paid,Shakil,03/05/2025,Inventory,1303,,COGS - Veg,Expense,0,,,,,,,,TRUE
11/04/2025,Sales,1815,Cash,Petpooja,04-2025,,,,Sales,1304,,Revenue,Income,0,,,,,,,,TRUE
11/04/2025,Sales,650,Card,Petpooja,04-2025,,,,Sales,1305,,Revenue,Income,0,,,,,,,,TRUE
11/04/2025,Sales,420,UPI,Petpooja,04-2025,,,,Sales,1306,,Revenue,Income,0,,,,,,,,TRUE
11/04/2025,Sales,18114,Wallet,Petpooja,04-2025,,,,Sales,1307,,Revenue,Income,0,,,,,,,,TRUE
11/04/2025,Sales,2949,Online Sale,Swiggy&zomato,04-2025,,,,Sales,1308,,Revenue,Income,0,,,,,,,,TRUE
11/04/2025,Kinners,10,Cash,Kinners,04-2025,Paid,Sameer,11/04/2025,Maintance,1309,,OpEx - Misc,Expense,0,,,,,,,,TRUE
11/04/2025,Maintenance,90,Bank_Cash,Knife Repair,04-2025,Paid,Naseem,11/04/2025,Maintance,1310,,OpEx - Maintenance,Expense,0,,,,,,,,TRUE
11/04/2025,Tea,130,Bank_Cash,Staff,04-2025,Paid,Naseem,11/04/2025,Staff Expenses,1311,,OpEx - Labor,Expense,0,,,,,,,,TRUE
12/04/2025,Charcoal,840,Bank,Gyanshewri,04-2025,Paid,Bank,22/04/2025,Inventory,1312,,COGS - Fuel,Expense,0,,,,,,,,TRUE
12/04/2025,Chicken,2969,Bank,Golden Chicken,04-2025,Paid,Bank,16/04/2025,Inventory,1313,,COGS - NonVeg,Expense,0,,,,,,,,TRUE
12/04/2025,Dairy,595,Bank,Adarsh Dairy,04-2025,Paid,Bank,03/05/2025,Inventory,1314,,COGS - Dairy,Expense,0,,,,,,,,TRUE
12/04/2025,Internet,600,Cash,Internet,04-2025,Paid,Sameer,12/04/2025,Fixed Maintance,1315,,OpEx - Utilities,Expense,0,,,,,,,,TRUE
12/04/2025,Plumbing Work,545,Bank_Cash,Plumbing Work,04-2025,Paid,Naseem,12/04/2025,Maintance,1316,,OpEx - Maintenance,Expense,0,,,,,,,,TRUE
12/04/2025,Gas,1780,Bank,Sai Bharat,04-2025,Paid,Bank,23/04/2025,Fixed Maintance,1317,,OpEx - Utilities,Expense,0,,,,,,,,TRUE
12/04/2025,Sales,3210,Cash,Petpooja,04-2025,,,,Sales,1318,,Revenue,Income,0,,,,,,,,TRUE
12/04/2025,Sales,705,Card,Petpooja,04-2025,,,,Sales,1319,,Revenue,Income,0,,,,,,,,TRUE
12/04/2025,Sales,689,UPI,Petpooja,04-2025,,,,Sales,1320,,Revenue,Income,0,,,,,,,,TRUE
12/04/2025,Sales,10788,Wallet,Petpooja,04-2025,,,,Sales,1321,,Revenue,Income,0,,,,,,,,TRUE
12/04/2025,Sales,3982,Online Sale,Swiggy&zomato,04-2025,,,,Sales,1322,,Revenue,Income,0,,,,,,,,TRUE
12/04/2025,Tea,155,Bank_Cash,Staff,04-2025,Paid,Naseem,12/04/2025,Staff Expenses,1323,,OpEx - Labor,Expense,0,,,,,,,,TRUE
12/04/2025,Vegetables,366,Bank,Gatha,04-2025,Paid,Shakil,03/05/2025,Inventory,1324,,COGS - Veg,Expense,0,,,,,,,,TRUE
12/04/2025,Kinners,10,Cash,Kinners,04-2025,Paid,Naseem,12/04/2025,Maintance,1325,,OpEx - Misc,Expense,0,,,,,,,,TRUE
13/04/2025,Grocery,3060,Bank,Balaji,04-2025,Paid,Bank,19/04/2025,Inventory,1326,,COGS - Grocery,Expense,0,,,,,,,,TRUE
13/04/2025,Dairy,1163,Bank,Adarsh Dairy,04-2025,Paid,Bank,03/05/2025,Inventory,1327,,COGS - Dairy,Expense,0,,,,,,,,TRUE
13/04/2025,Chicken,3550,Bank,Golden Chicken,04-2025,Paid,Bank,19/04/2025,Inventory,1328,,COGS - NonVeg,Expense,0,,,,,,,,TRUE
13/04/2025,Mutton,1880,Bank_Cash,A1,04-2025,Paid,Naseem,13/04/2025,Inventory,1329,,COGS - NonVeg,Expense,0,,,,,,,,TRUE
13/04/2025,Dairy,445,Bank_Cash,Chipotle Souce,04-2025,Paid,Naseem,13/04/2025,Inventory,1330,,COGS - Dairy,Expense,0,,,,,,,,TRUE
13/04/2025,Plumbing Work,765,Bank_Cash,Plumbing Work,04-2025,Paid,Naseem,13/04/2025,Maintance,1331,,OpEx - Maintenance,Expense,0,,,,,,,,TRUE
13/04/2025,Beverages,1950,Bank_Cash,Cold Drinks,04-2025,Paid,Naseem,13/04/2025,Grocery,1332,,COGS - Grocery,Expense,0,,,,,,,,TRUE
13/04/2025,Vegetables,332,Bank,Shree Bhairavnath,04-2025,Paid,Bank,13/05/2025,Inventory,1333,,COGS - Veg,Expense,0,,,,,,,,TRUE
13/04/2025,Gas,1780,Bank,Sai Bharat,04-2025,Paid,Bank,23/04/2025,Fixed Maintance,1334,,OpEx - Utilities,Expense,0,,,,,,,,TRUE
13/04/2025,Sales,3355,Cash,Petpooja,04-2025,,,,Sales,1335,,Revenue,Income,0,,,,,,,,TRUE
13/04/2025,Sales,935,Card,Petpooja,04-2025,,,,Sales,1336,,Revenue,Income,0,,,,,,,,TRUE
13/04/2025,Sales,80,UPI,Petpooja,04-2025,,,,Sales,1337,,Revenue,Income,0,,,,,,,,TRUE
13/04/2025,Sales,20748,Wallet,Petpooja,04-2025,,,,Sales,1338,,Revenue,Income,0,,,,,,,,TRUE
13/04/2025,Sales,800,Zomato Pay,Petpooja,04-2025,,,,Sales,1339,,Revenue,Income,0,,,,,,,,TRUE
13/04/2025,Sales,3352,Online Sale,Swiggy&zomato,04-2025,,,,Sales,1340,,Revenue,Income,0,,,,,,,,TRUE
13/04/2025,Tea,160,Bank_Cash,staff,04-2025,Paid,Naseem,13/04/2025,Staff Expenses,1341,,OpEx - Labor,Expense,0,,,,,,,,TRUE
13/04/2025,Kinners,5,Cash,Kinners,04-2025,Paid,Sameer,13/04/2025,Maintance,1342,,OpEx - Misc,Expense,0,,,,,,,,TRUE
13/04/2025,Petrol,1650,Cash,Delivery,04-2025,Paid,Sameer,13/04/2025,Bike Maintance,1343,,OpEx - Maintenance,Expense,0,,,,,,,,TRUE
14/04/2025,Bakery,455,Cash,Pita Bread,04-2025,Paid,Sameer,14/04/2025,Grocery,1344,,COGS - Grocery,Expense,0,,,,,,,,TRUE
14/04/2025,Chicken,3086,Bank,Golden Chicken,04-2025,Paid,Bank,19/04/2025,Inventory,1345,,COGS - NonVeg,Expense,0,,,,,,,,TRUE
14/04/2025,Charcoal,1680,Bank,Gyanshewri,04-2025,Paid,Bank,22/04/2025,Inventory,1346,,COGS - Fuel,Expense,0,,,,,,,,TRUE
14/04/2025,Dairy,710,Bank,Adarsh Dairy,04-2025,Paid,Bank,03/05/2025,Inventory,1347,,COGS - Dairy,Expense,0,,,,,,,,TRUE
14/04/2025,Grocery,2780,Bank,Balaji,04-2025,Paid,Bank,23/04/2025,Inventory,1348,,COGS - Grocery,Expense,0,,,,,,,,TRUE
14/04/2025,Grocery,110,Cash,Noodles,04-2025,Paid,Sameer,14/04/2025,Inventory,1349,,COGS - Grocery,Expense,0,,,,,,,,TRUE
14/04/2025,Vegetables,344,Bank,Shree Bhairavnath,04-2025,Paid,Bank,13/05/2025,Inventory,1350,,COGS - Veg,Expense,0,,,,,,,,TRUE
14/04/2025,Egg,800,Cash,Mulani,04-2025,Paid,Sameer,14/04/2025,Grocery,1351,,COGS - Grocery,Expense,0,,,,,,,,TRUE
14/04/2025,Petrol,500,Bank_Cash,Delivery,04-2025,Paid,Naseem,14/04/2025,Bike Maintance,1352,,OpEx - Maintenance,Expense,0,,,,,,,,TRUE
14/04/2025,Momos,210,Bank_Cash,Mount,04-2025,Paid,Naseem,14/04/2025,Inventory,1353,,COGS - Inventory,Expense,0,,,,,,,,TRUE
14/04/2025,Dairy,60,Bank_Cash,Milk,04-2025,Paid,Naseem,14/04/2025,Inventory,1354,,COGS - Dairy,Expense,0,,,,,,,,TRUE
14/04/2025,Sales,3600,Cash,Petpooja,04-2025,,,,Sales,1355,,Revenue,Income,0,,,,,,,,TRUE
14/04/2025,Sales,1379,UPI,Petpooja,04-2025,,,,Sales,1356,,Revenue,Income,0,,,,,,,,TRUE
14/04/2025,Sales,8364,Wallet,Petpooja,04-2025,,,,Sales,1357,,Revenue,Income,0,,,,,,,,TRUE
14/04/2025,Sales,2630,Online Sale,Swiggy&zomato,04-2025,,,,Sales,1358,,Revenue,Income,0,,,,,,,,TRUE
14/04/2025,Kinners,15,Cash,Kinners,04-2025,Paid,Sameer,14/04/2025,Maintance,1359,,OpEx - Misc,Expense,0,,,,,,,,TRUE
14/04/2025,Tea,130,Bank_Cash,staff,04-2025,Paid,Naseem,14/04/2025,Staff Expenses,1360,,OpEx - Labor,Expense,0,,,,,,,,TRUE
14/04/2025,Vegetables,20,Cash,Pudina,04-2025,Paid,Sameer,14/04/2025,Inventory,1361,,COGS - Veg,Expense,0,,,,,,,,TRUE
15/04/2025,Dairy,353,Bank,Adarsh Dairy,04-2025,Paid,Bank,03/05/2025,Inventory,1362,,COGS - Dairy,Expense,0,,,,,,,,TRUE
15/04/2025,Grocery,5788,Bank,Hyperpure,04-2025,Paid,Shakil,15/04/2025,Inventory,1363,,COGS - Grocery,Expense,0,,,,,,,,TRUE
15/04/2025,Chicken,2044,Bank,Golden Chicken,04-2025,Paid,Bank,19/04/2025,Inventory,1364,,COGS - NonVeg,Expense,0,,,,,,,,TRUE
15/04/2025,Grocery,3765,Bank,Balaji,04-2025,Paid,Bank,23/04/2025,Inventory,1365,,COGS - Grocery,Expense,0,,,,,,,,TRUE
15/04/2025,Tea,125,Cash,staff,04-2025,Paid,Sameer,15/04/2025,Staff Expenses,1366,,OpEx - Labor,Expense,0,,,,,,,,TRUE
15/04/2025,Advance,500,Cash,Wakil,04-2025,Paid,Sameer,15/04/2025,Salary,1367,,OpEx - Labor,Expense,0,,,,,,,,TRUE
15/04/2025,Vegetables,30,Cash,Pudina,04-2025,Paid,Sameer,15/04/2025,Inventory,1368,,COGS - Veg,Expense,0,,,,,,,,TRUE
15/04/2025,Gas,1780,Bank,Sai Bharat,04-2025,Paid,Bank,23/04/2025,Fixed Maintance,1369,,OpEx - Utilities,Expense,0,,,,,,,,TRUE
15/04/2025,Vegetables,260,Bank,Shree Bhairavnath,04-2025,Paid,Bank,13/05/2025,Inventory,1370,,COGS - Veg,Expense,0,,,,,,,,TRUE
15/04/2025,Maintenance,20,Cash,Dinesh,04-2025,Paid,Sameer,15/04/2025,Maintance,1371,,OpEx - Maintenance,Expense,0,,,,,,,,TRUE
15/04/2025,Sales,2875,Cash,Petpooja,04-2025,,,,Sales,1372,,Revenue,Income,0,,,,,,,,TRUE
15/04/2025,Sales,1080,Card,Petpooja,04-2025,,,,Sales,1373,,Revenue,Income,0,,,,,,,,TRUE
15/04/2025,Sales,870,UPI,Petpooja,04-2025,,,,Sales,1374,,Revenue,Income,0,,,,,,,,TRUE
15/04/2025,Sales,12030,Wallet,Petpooja,04-2025,,,,Sales,1375,,Revenue,Income,0,,,,,,,,TRUE
15/04/2025,Sales,2142,Online Sale,Swiggy&zomato,04-2025,,,,Sales,1376,,Revenue,Income,0,,,,,,,,TRUE
16/04/2025,Chicken,4801,Bank,Golden Chicken,04-2025,Paid,Bank,24/04/2025,Inventory,1377,,COGS - NonVeg,Expense,0,,,,,,,,TRUE
16/04/2025,Dairy,870,Bank,Adarsh Dairy,04-2025,Paid,Bank,03/05/2025,Inventory,1378,,COGS - Dairy,Expense,0,,,,,,,,TRUE
16/04/2025,Charcoal,840,Bank,Gyanshewri,04-2025,Paid,Bank,22/04/2025,Inventory,1379,,COGS - Fuel,Expense,0,,,,,,,,TRUE
16/04/2025,Grocery,2414,Bank,Balaji,04-2025,Paid,Bank,23/04/2025,Inventory,1380,,COGS - Grocery,Expense,0,,,,,,,,TRUE
16/04/2025,Bakery,280,Cash,Pita Bread,04-2025,Paid,Sameer,16/04/2025,Grocery,1381,,COGS - Grocery,Expense,0,,,,,,,,TRUE
16/04/2025,Water 20 Ltrs,2610,Bank,Shree Sai,04-2025,Paid,Bank,16/04/2025,Inventory,1382,,COGS - Utilities,Expense,0,,,,,,,,TRUE
16/04/2025,Beverages,1200,Cash,Water Bottel,04-2025,Paid,Sameer,16/04/2025,Grocery,1383,,COGS - Grocery,Expense,0,,,,,,,,TRUE
16/04/2025,Vegetables,574,Bank,Shree Bhairavnath,04-2025,Paid,Bank,13/05/2025,Inventory,1384,,COGS - Veg,Expense,0,,,,,,,,TRUE
16/04/2025,Sales,2760,Cash,Petpooja,04-2025,,,,Sales,1385,,Revenue,Income,0,,,,,,,,TRUE
16/04/2025,Sales,1270,Card,Petpooja,04-2025,,,,Sales,1386,,Revenue,Income,0,,,,,,,,TRUE
16/04/2025,Sales,2600,UPI,Petpooja,04-2025,,,,Sales,1387,,Revenue,Income,0,,,,,,,,TRUE
16/04/2025,Sales,9818,Wallet,Petpooja,04-2025,,,,Sales,1388,,Revenue,Income,0,,,,,,,,TRUE
16/04/2025,Sales,1457,Online Sale,Swiggy&zomato,04-2025,,,,Sales,1389,,Revenue,Income,0,,,,,,,,TRUE
16/04/2025,Tea,160,Bank_Cash,staff,04-2025,Paid,Naseem,16/04/2025,Staff Expenses,1390,,OpEx - Labor,Expense,0,,,,,,,,TRUE
16/04/2025,Restaurant New Inventory,540,Bank_Cash,"Mouse,Keybord & Bulb",04-2025,Paid,Naseem,16/04/2025,New Inventory,1391,,OpEx - CapEx,Expense,0,,,,,,,,TRUE
16/04/2025,Counter Cash,40,Cash,Extra Upi Return,04-2025,Paid,Sameer,16/04/2025,Excess Amount Return,1392,,Excess Amount Return,Expense,0,,,,,,,,TRUE
16/04/2025,Maintenance,40,Cash,Acid,04-2025,Paid,Sameer,16/04/2025,Maintance,1393,,OpEx - Maintenance,Expense,0,,,,,,,,TRUE
16/04/2025,Advance,1000,Bank,Vijay,04-2025,Paid,Bank,16/04/2025,Salary,1394,,OpEx - Labor,Expense,0,,,,,,,,TRUE
17/04/2025,Dairy,1233,Bank,Adarsh Dairy,04-2025,Paid,Bank,03/05/2025,Inventory,1395,,COGS - Dairy,Expense,0,,,,,,,,TRUE
17/04/2025,Chicken,3338,Bank,Golden Chicken,04-2025,Paid,Bank,24/04/2025,Inventory,1396,,COGS - NonVeg,Expense,0,,,,,,,,TRUE
17/04/2025,Grocery,505,Bank,Balaji,04-2025,Paid,Bank,23/04/2025,Inventory,1397,,COGS - Grocery,Expense,0,,,,,,,,TRUE
17/04/2025,Bakery,280,Cash,Pita Bread,04-2025,Paid,Sameer,17/04/2025,Grocery,1398,,COGS - Grocery,Expense,0,,,,,,,,TRUE
17/04/2025,Disposable,2275,Bank,Anand,04-2025,Paid,Bank,03/05/2025,Inventory,1399,,COGS - Packaging,Expense,0,,,,,,,,TRUE
17/04/2025,Vegetables,970,Bank_Cash,Onion,04-2025,Paid,Sameer,17/04/2025,Inventory,1400,,COGS - Veg,Expense,0,,,,,,,,TRUE
17/04/2025,Vegetables,468,Bank,Shree Bhairavnath,04-2025,Paid,Bank,13/05/2025,Inventory,1401,,COGS - Veg,Expense,0,,,,,,,,TRUE
17/04/2025,Gas,1780,Bank,Sai Bharat,04-2025,Paid,Bank,23/04/2025,Fixed Maintance,1402,,OpEx - Utilities,Expense,0,,,,,,,,TRUE
17/04/2025,Sales,2440,Cash,Petpooja,04-2025,,,,Sales,1403,,Revenue,Income,0,,,,,,,,TRUE
17/04/2025,Sales,12833,Wallet,Petpooja,04-2025,,,,Sales,1404,,Revenue,Income,0,,,,,,,,TRUE
17/04/2025,Sales,990,Zomato Pay,Petpooja,04-2025,,,,Sales,1405,,Revenue,Income,0,,,,,,,,TRUE
17/04/2025,Sales,1100,Online Sale,Swiggy&zomato,04-2025,,,,Sales,1406,,Revenue,Income,0,,,,,,,,TRUE
17/04/2025,Kinners,10,Cash,Kinners,04-2025,Paid,Sameer,17/04/2025,Maintance,1407,,OpEx - Misc,Expense,0,,,,,,,,TRUE
17/04/2025,Tea,120,Bank_Cash,staff,04-2025,Paid,Naseem,17/04/2025,Staff Expenses,1408,,OpEx - Labor,Expense,0,,,,,,,,TRUE
17/04/2025,Maintenance,60,Bank_Cash,Hardwear,04-2025,Paid,Naseem,17/04/2025,Maintance,1409,,OpEx - Maintenance,Expense,0,,,,,,,,TRUE
17/04/2025,Advance,4000,Bank,Vijay,04-2025,Paid,Bank,17/04/2025,Salary,1410,,OpEx - Labor,Expense,0,,,,,,,,TRUE
18/04/2025,Charcoal,1680,Bank,Gyanshewri,04-2025,Paid,Bank,22/04/2025,Inventory,1411,,COGS - Fuel,Expense,0,,,,,,,,TRUE
18/04/2025,Chicken,2080,Bank,Golden Chicken,04-2025,Paid,Bank,24/04/2025,Inventory,1412,,COGS - NonVeg,Expense,0,,,,,,,,TRUE
18/04/2025,Grocery,744,Bank,Balaji,04-2025,Paid,Bank,28/04/2025,Inventory,1413,,COGS - Grocery,Expense,0,,,,,,,,TRUE
18/04/2025,Dairy,438,Bank,Adarsh Dairy,04-2025,Paid,Bank,03/05/2025,Inventory,1414,,COGS - Dairy,Expense,0,,,,,,,,TRUE
18/04/2025,Grocery,110,Cash,Noodles,04-2025,Paid,Sameer,18/04/2025,Inventory,1415,,COGS - Grocery,Expense,0,,,,,,,,TRUE
18/04/2025,Bakery,140,Cash,Pita Bread,04-2025,Paid,Sameer,18/04/2025,Grocery,1416,,COGS - Grocery,Expense,0,,,,,,,,TRUE
18/04/2025,Vegetables,242,Bank,Shree Bhairavnath,04-2025,Paid,Bank,13/05/2025,Inventory,1417,,COGS - Veg,Expense,0,,,,,,,,TRUE
18/04/2025,Sales,2575,Cash,Petpooja,04-2025,,,,Sales,1418,,Revenue,Income,0,,,,,,,,TRUE
18/04/2025,Sales,260,UPI,Petpooja,04-2025,,,,Sales,1419,,Revenue,Income,0,,,,,,,,TRUE
18/04/2025,Sales,15888,Wallet,Petpooja,04-2025,,,,Sales,1420,,Revenue,Income,0,,,,,,,,TRUE
18/04/2025,Sales,310,Zomato Pay,Petpooja,04-2025,,,,Sales,1421,,Revenue,Income,0,,,,,,,,TRUE
18/04/2025,Sales,1973,Online Sale,Swiggy&zomato,04-2025,,,,Sales,1422,,Revenue,Income,0,,,,,,,,TRUE
18/04/2025,Tea,150,Bank_Cash,staff,04-2025,Paid,Naseem,18/04/2025,Staff Expenses,1423,,OpEx - Labor,Expense,0,,,,,,,,TRUE
18/04/2025,Gas,1780,Bank,Sai Bharat,04-2025,Paid,Bank,23/04/2025,Fixed Maintance,1424,,OpEx - Utilities,Expense,0,,,,,,,,TRUE
18/04/2025,Kinners,25,Cash,Kinners,04-2025,Paid,Sameer,18/04/2025,Maintance,1425,,OpEx - Misc,Expense,0,,,,,,,,TRUE
18/04/2025,Maintenance,950,Bank_Cash,Spring For Door,04-2025,Paid,Naseem,18/04/2025,Maintance,1426,,OpEx - Maintenance,Expense,0,,,,,,,,TRUE
19/04/2025,Bakery,175,Cash,Pita Bread,04-2025,Paid,Sameer,19/04/2025,Grocery,1427,,COGS - Grocery,Expense,0,,,,,,,,TRUE
19/04/2025,Dairy,496,Bank,Adarsh Dairy,04-2025,Paid,Bank,03/05/2025,Inventory,1428,,COGS - Dairy,Expense,0,,,,,,,,TRUE
19/04/2025,Chicken,1813,Bank,Golden Chicken,04-2025,Paid,Bank,24/04/2025,Inventory,1429,,COGS - NonVeg,Expense,0,,,,,,,,TRUE
19/04/2025,Vegetables,307,Bank,Shree Bhairavnath,04-2025,Paid,Bank,13/05/2025,Inventory,1430,,COGS - Veg,Expense,0,,,,,,,,TRUE
19/04/2025,Maintenance,1500,Bank_Cash,Door Repair,04-2025,Paid,Naseem,19/04/2025,Maintance,1431,,OpEx - Maintenance,Expense,0,,,,,,,,TRUE
19/04/2025,Garbage Vehicle,700,Bank_Cash,Garbage,04-2025,Paid,Naseem,19/04/2025,Fixed Maintance,1432,,OpEx - Maintenance,Expense,0,,,,,,,,TRUE
19/04/2025,Egg,680,Cash,Mulani,04-2025,Paid,Sameer,19/04/2025,Grocery,1433,,COGS - Grocery,Expense,0,,,,,,,,TRUE
19/04/2025,Maintenance,495,Bank_Cash,Hardwear,04-2025,Paid,Naseem,19/04/2025,Maintance,1434,,OpEx - Maintenance,Expense,0,,,,,,,,TRUE
19/04/2025,Sales,3970,Cash,Petpooja,04-2025,,,,Sales,1435,,Revenue,Income,0,,,,,,,,TRUE
19/04/2025,Sales,1035,Card,Petpooja,04-2025,,,,Sales,1436,,Revenue,Income,0,,,,,,,,TRUE
19/04/2025,Sales,300,UPI,Petpooja,04-2025,,,,Sales,1437,,Revenue,Income,0,,,,,,,,TRUE
19/04/2025,Sales,15463,Wallet,Petpooja,04-2025,,,,Sales,1438,,Revenue,Income,0,,,,,,,,TRUE
19/04/2025,Sales,4119,Online Sale,Petpooja,04-2025,,,,Sales,1439,,Revenue,Income,0,,,,,,,,TRUE
19/04/2025,Gas,1780,Bank,Sai Bharat,04-2025,Paid,Bank,23/04/2025,Fixed Maintance,1440,,OpEx - Utilities,Expense,0,,,,,,,,TRUE
19/04/2025,Tea,155,Bank_Cash,staff,04-2025,Paid,,,Staff Expenses,1441,,OpEx - Labor,Expense,0,,,,,,,,TRUE
19/04/2025,Kinners,15,Cash,Kinners,04-2025,Paid,,,Maintance,1442,,OpEx - Misc,Expense,0,,,,,,,,TRUE
20/04/2025,Dairy,899,Bank,Adarsh Dairy,04-2025,Paid,Bank,03/05/2025,Inventory,1443,,COGS - Dairy,Expense,0,,,,,,,,TRUE
20/04/2025,Bakery,175,Cash,Pita Bread,04-2025,Paid,Sameer,20/04/2025,Grocery,1444,,COGS - Grocery,Expense,0,,,,,,,,TRUE
20/04/2025,Grocery,3092,Bank,Balaji,04-2025,Paid,Bank,28/04/2025,Inventory,1445,,COGS - Grocery,Expense,0,,,,,,,,TRUE
20/04/2025,Vegetables,870,Bank_Cash,Onion,04-2025,Paid,Naseem,20/04/2025,Inventory,1446,,COGS - Veg,Expense,0,,,,,,,,TRUE
20/04/2025,Dairy,760,Bank_Cash,soya Chaap & Paratha,04-2025,Paid,Naseem,20/04/2025,Inventory,1447,,COGS - Dairy,Expense,0,,,,,,,,TRUE
20/04/2025,Mutton,1480,Bank_Cash,A1,04-2025,Paid,Naseem,20/04/2025,Inventory,1448,,COGS - NonVeg,Expense,0,,,,,,,,TRUE
20/04/2025,Chicken,3301,Bank,Golden Chicken,04-2025,Paid,Bank,27/04/2025,Inventory,1449,,COGS - NonVeg,Expense,0,,,,,,,,TRUE
20/04/2025,Gas,1780,Bank,Sai Bharat,04-2025,Paid,Bank,23/04/2025,Fixed Maintance,1450,,OpEx - Utilities,Expense,0,,,,,,,,TRUE
20/04/2025,Vegetables,434,Bank,Shree Bhairavnath,04-2025,Paid,Bank,13/05/2025,Inventory,1451,,COGS - Veg,Expense,0,,,,,,,,TRUE
20/04/2025,Sales,6045,Cash,Petpooja,04-2025,,,,Sales,1452,,Revenue,Income,0,,,,,,,,TRUE
20/04/2025,Sales,1330,Card,Petpooja,04-2025,,,,Sales,1453,,Revenue,Income,0,,,,,,,,TRUE
20/04/2025,Sales,1684,UPI,Petpooja,04-2025,,,,Sales,1454,,Revenue,Income,0,,,,,,,,TRUE
20/04/2025,Sales,23339,Wallet,Petpooja,04-2025,,,,Sales,1455,,Revenue,Income,0,,,,,,,,TRUE
20/04/2025,Sales,830,Zomato Pay,Petpooja,04-2025,,,,Sales,1456,,Revenue,Income,0,,,,,,,,TRUE
20/04/2025,Sales,1437,Online Sale,Swiggy&zomato,04-2025,,,,Sales,1457,,Revenue,Income,0,,,,,,,,TRUE
20/04/2025,Tea,140,Bank_Cash,staff,04-2025,Paid,Naseem,20/04/2025,Staff Expenses,1458,,OpEx - Labor,Expense,0,,,,,,,,TRUE
20/04/2025,Stationary,100,Bank_Cash,News Paper,04-2025,Paid,Naseem,20/04/2025,Inventory,1459,,COGS - Inventory,Expense,0,,,,,,,,TRUE
20/04/2025,Kinners,20,Cash,Kinners,04-2025,Paid,Sameer,20/04/2025,Maintance,1460,,OpEx - Misc,Expense,0,,,,,,,,TRUE
21/04/2025,Beverages,1200,Cash,Water Bottel,04-2025,Paid,Sameer,21/04/2025,Grocery,1461,,COGS - Grocery,Expense,0,,,,,,,,TRUE
21/04/2025,Bakery,245,Cash,Pita Bread,04-2025,Paid,Sameer,21/04/2025,Grocery,1462,,COGS - Grocery,Expense,0,,,,,,,,TRUE
21/04/2025,Grocery,5205,Bank,Balaji,04-2025,Paid,Bank,28/04/2025,Inventory,1463,,COGS - Grocery,Expense,0,,,,,,,,TRUE
21/04/2025,Chicken,5365,Bank,Golden Chicken,04-2025,Paid,Bank,27/04/2025,Inventory,1464,,COGS - NonVeg,Expense,0,,,,,,,,TRUE
21/04/2025,Dairy,1369,Bank,Adarsh Dairy,04-2025,Paid,Bank,13/05/2025,Inventory,1465,,COGS - Dairy,Expense,0,,,,,,,,TRUE
21/04/2025,Vegetables,444,Bank,Shree Bhairavnath,04-2025,Paid,Bank,13/05/2025,Inventory,1466,,COGS - Veg,Expense,0,,,,,,,,TRUE
21/04/2025,Sales,3440,Cash,Petpooja,04-2025,,,,Sales,1467,,Revenue,Income,0,,,,,,,,TRUE
21/04/2025,Sales,380,Card,Petpooja,04-2025,,,,Sales,1468,,Revenue,Income,0,,,,,,,,TRUE
21/04/2025,Sales,980,UPI,Petpooja,04-2025,,,,Sales,1469,,Revenue,Income,0,,,,,,,,TRUE
21/04/2025,Sales,10210,Wallet,Petpooja,04-2025,,,,Sales,1470,,Revenue,Income,0,,,,,,,,TRUE
21/04/2025,Sales,1047,Online Sale,Swiggy&zomato,04-2025,,,,Sales,1471,,Revenue,Income,0,,,,,,,,TRUE
21/04/2025,Advance,9728,Bank_Cash,Staff Salary,04-2025,Paid,Naseem,21/04/2025,Salary,1472,,OpEx - Labor,Expense,0,,,,,,,,TRUE
21/04/2025,Tea,147,Bank_Cash,Staff,04-2025,Paid,Naseem,21/04/2025,Staff Expenses,1473,,OpEx - Labor,Expense,0,,,,,,,,TRUE
22/04/2025,Grocery,2200,Bank,Balaji,04-2025,Paid,Bank,28/04/2025,Inventory,1474,,COGS - Grocery,Expense,0,,,,,,,,TRUE
22/04/2025,Chicken,3096,Bank,Golden Chicken,04-2025,Paid,Bank,27/04/2025,Inventory,1475,,COGS - NonVeg,Expense,0,,,,,,,,TRUE
22/04/2025,Bakery,175,Cash,Pita Bread,04-2025,Paid,Sameer,22/04/2025,Grocery,1476,,COGS - Grocery,Expense,0,,,,,,,,TRUE
22/04/2025,Dairy,835,Bank,Adarsh Dairy,04-2025,Paid,Bank,13/05/2025,Inventory,1477,,COGS - Dairy,Expense,0,,,,,,,,TRUE
22/04/2025,Gas,1780,Bank,Sai Bharat,04-2025,Paid,Bank,02/05/2025,Fixed Maintance,1478,,OpEx - Utilities,Expense,0,,,,,,,,TRUE
22/04/2025,Sales,2650,Cash,Petpooja,04-2025,,,,Sales,1479,,Revenue,Income,0,,,,,,,,TRUE
22/04/2025,Sales,1079,Card,Petpooja,04-2025,,,,Sales,1480,,Revenue,Income,0,,,,,,,,TRUE
22/04/2025,Sales,990,UPI,Petpooja,04-2025,,,,Sales,1481,,Revenue,Income,0,,,,,,,,TRUE
22/04/2025,Sales,6657,Wallet,Petpooja,04-2025,,,,Sales,1482,,Revenue,Income,0,,,,,,,,TRUE
22/04/2025,Sales,4056,Online Sale,Swiggy&zomato,04-2025,,,,Sales,1483,,Revenue,Income,0,,,,,,,,TRUE
22/04/2025,Kinners,45,Cash,Kinners,04-2025,Paid,Sameer,22/04/2025,Maintance,1484,,OpEx - Misc,Expense,0,,,,,,,,TRUE
22/04/2025,Tea,150,Bank_Cash,Staff ,04-2025,Paid,Naseem,22/04/2025,Staff Expenses,1485,,OpEx - Labor,Expense,0,,,,,,,,TRUE
22/04/2025,Vegetables,30,Cash,Pudina,04-2025,Paid,Naseem,22/04/2025,Inventory,1486,,COGS - Veg,Expense,0,,,,,,,,TRUE
22/04/2025,Vegetables,439,Bank,Shree Bhairavnath,04-2025,Paid,Bank,13/05/2025,Inventory,1487,,COGS - Veg,Expense,0,,,,,,,,TRUE
23/04/2025,Vegetables,183,Bank,Shree Bhairavnath,04-2025,Paid,Bank,13/05/2025,Inventory,1488,,COGS - Veg,Expense,0,,,,,,,,TRUE
23/04/2025,Dairy,621,Bank,Adarsh Dairy,04-2025,Paid,Bank,13/05/2025,Inventory,1489,,COGS - Dairy,Expense,0,,,,,,,,TRUE
23/04/2025,Chicken,1140,Bank,Golden Chicken,04-2025,Paid,Bank,27/04/2025,Inventory,1490,,COGS - NonVeg,Expense,0,,,,,,,,TRUE
23/04/2025,Charcoal,840,Bank,Gyanshewri,04-2025,Paid,Bank,10/05/2025,Inventory,1491,,COGS - Fuel,Expense,0,,,,,,,,TRUE
23/04/2025,Grocery,334,Bank,Balaji,04-2025,Paid,Bank,28/04/2025,Inventory,1492,,COGS - Grocery,Expense,0,,,,,,,,TRUE
23/04/2025,Bakery,350,Cash,Pita Bread,04-2025,Paid,Sameer,23/04/2025,Grocery,1493,,COGS - Grocery,Expense,0,,,,,,,,TRUE
23/04/2025,Advance,1000,Bank_Cash,Khenya,04-2025,Paid,Naseem,23/04/2025,Salary,1494,,OpEx - Labor,Expense,0,,,,,,,,TRUE
23/04/2025,Beverages,1950,Bank_Cash,Cold Drinks,04-2025,Paid,Naseem,23/04/2025,Grocery,1495,,COGS - Grocery,Expense,0,,,,,,,,TRUE
23/04/2025,Vegetables,30,Cash,Pudina,04-2025,Paid,Sameer,23/04/2025,Inventory,1496,,COGS - Veg,Expense,0,,,,,,,,TRUE
23/04/2025,Advance,516,Bank,Junaid,04-2025,Paid,Bank,23/04/2025,Salary,1497,,OpEx - Labor,Expense,0,,,,,,,,TRUE
23/04/2025,Petrol,415,Bank_Cash,Delivery,04-2025,Paid,Naseem,23/04/2025,Bike Maintance,1498,,OpEx - Maintenance,Expense,0,,,,,,,,TRUE
23/04/2025,Restaurant New Inventory,790,Bank_Cash,New Amplifier,04-2025,Paid,Naseem,23/04/2025,New Inventory,1499,,OpEx - CapEx,Expense,0,,,,,,,,TRUE
23/04/2025,Tea,185,Bank_Cash,Staff,04-2025,Paid,Naseem,23/04/2025,Staff Expenses,1500,,OpEx - Labor,Expense,0,,,,,,,,TRUE
23/04/2025,Sales,2610,Cash,Petpooja,04-2025,,,,Sales,1501,,Revenue,Income,0,,,,,,,,TRUE
23/04/2025,Sales,935,Card,Petpooja,04-2025,,,,Sales,1502,,Revenue,Income,0,,,,,,,,TRUE
23/04/2025,Sales,520,UPI,Petpooja,04-2025,,,,Sales,1503,,Revenue,Income,0,,,,,,,,TRUE
23/04/2025,Sales,10840,Wallet,Petpooja,04-2025,,,,Sales,1504,,Revenue,Income,0,,,,,,,,TRUE
23/04/2025,Sales,1192,Online Sale,Swiggy&zomato,04-2025,,,,Sales,1505,,Revenue,Income,0,,,,,,,,TRUE
23/04/2025,Kinners,10,Cash,Kinners,04-2025,Paid,Sameer,23/04/2025,Maintance,1506,,OpEx - Misc,Expense,0,,,,,,,,TRUE
24/04/2025,Dairy,446,Bank,Adarsh Dairy,04-2025,Paid,Bank,13/05/2025,Inventory,1507,,COGS - Dairy,Expense,0,,,,,,,,TRUE
24/04/2025,Chicken,2232,Bank,Golden Chicken,04-2025,Paid,Bank,27/04/2025,Inventory,1508,,COGS - NonVeg,Expense,0,,,,,,,,TRUE
24/04/2025,Grocery,905,Bank,Balaji,04-2025,Paid,Bank,28/04/2025,Inventory,1509,,COGS - Grocery,Expense,0,,,,,,,,TRUE
24/04/2025,Mutton,1480,Bank_Cash,A1,04-2025,Paid,Naseem,24/04/2025,Inventory,1510,,COGS - NonVeg,Expense,0,,,,,,,,TRUE
24/04/2025,Bakery,105,Cash,Pita Bread,04-2025,Paid,Sameer,24/04/2025,Grocery,1511,,COGS - Grocery,Expense,0,,,,,,,,TRUE
24/04/2025,Vegetables,222,Bank,Shree Bhairavnath,04-2025,Paid,Bank,13/05/2025,Inventory,1512,,COGS - Veg,Expense,0,,,,,,,,TRUE
24/04/2025,Sales,1415,Cash,Petpooja,04-2025,,,,Sales,1513,,Revenue,Income,0,,,,,,,,TRUE
24/04/2025,Sales,210,Card,Petpooja,04-2025,,,,Sales,1514,,Revenue,Income,0,,,,,,,,TRUE
24/04/2025,Sales,9193,Wallet,Petpooja,04-2025,,,,Sales,1515,,Revenue,Income,0,,,,,,,,TRUE
24/04/2025,Sales,730,Online Sale,Swiggy&zomato,04-2025,,,,Sales,1516,,Revenue,Income,0,,,,,,,,TRUE
24/04/2025,Tea,150,Bank_Cash,Staff,04-2025,Paid,Naseem,24/04/2025,Staff Expenses,1517,,OpEx - Labor,Expense,0,,,,,,,,TRUE
24/04/2025,Kinners,10,Cash,Kinners,04-2025,Paid,Sameer,24/04/2025,Maintance,1518,,OpEx - Misc,Expense,0,,,,,,,,TRUE
24/04/2025,Petrol,400,Bank_Cash,Delivery,04-2025,Paid,Naseem,24/04/2025,Bike Maintance,1519,,OpEx - Maintenance,Expense,0,,,,,,,,TRUE
25/04/2025,Chicken,1712,Bank,Golden Chicken,04-2025,Paid,Bank,02/05/2025,Inventory,1520,,COGS - NonVeg,Expense,0,,,,,,,,TRUE
25/04/2025,Bakery,175,Cash,Pita Bread,04-2025,Paid,Sameer,25/04/2025,Grocery,1521,,COGS - Grocery,Expense,0,,,,,,,,TRUE
25/04/2025,Charcoal,1680,Bank,Gyanshewri,04-2025,Paid,Bank,10/05/2025,Inventory,1522,,COGS - Fuel,Expense,0,,,,,,,,TRUE
25/04/2025,Dairy,335,Bank,Adarsh Dairy,04-2025,Paid,Bank,13/05/2025,Inventory,1523,,COGS - Dairy,Expense,0,,,,,,,,TRUE
25/04/2025,Grocery,276,Bank,Balaji,04-2025,Paid,Bank,28/04/2025,Inventory,1524,,COGS - Grocery,Expense,0,,,,,,,,TRUE
25/04/2025,Grocery,4500,Bank,Brisata,04-2025,Paid,Bank,25/04/2025,Inventory,1525,,COGS - Grocery,Expense,0,,,,,,,,TRUE
25/04/2025,Dairy,620,Bank_Cash,Paneer & Paratha,04-2025,Paid,Naseem,25/04/2025,Inventory,1526,,COGS - Dairy,Expense,0,,,,,,,,TRUE
25/04/2025,Vegetables,390,Bank,Shree Bhairavnath,04-2025,Paid,Bank,13/05/2025,Inventory,1527,,COGS - Veg,Expense,0,,,,,,,,TRUE
25/04/2025,Egg,675,Cash,Mulani,04-2025,Paid,Sameer,25/04/2025,Grocery,1528,,COGS - Grocery,Expense,0,,,,,,,,TRUE
25/04/2025,Sales,3210,Cash,Petpooja,04-2025,,,,Sales,1529,,Revenue,Income,0,,,,,,,,TRUE
25/04/2025,Sales,1105,Card,Petpooja,04-2025,,,,Sales,1530,,Revenue,Income,0,,,,,,,,TRUE
25/04/2025,Sales,2310,UPI,Petpooja,04-2025,,,,Sales,1531,,Revenue,Income,0,,,,,,,,TRUE
25/04/2025,Sales,20503,Wallet,Petpooja,04-2025,,,,Sales,1532,,Revenue,Income,0,,,,,,,,TRUE
25/04/2025,Sales,5009,Online Sale,Swiggy&zomato,04-2025,,,,Sales,1533,,Revenue,Income,0,,,,,,,,TRUE
25/04/2025,Tea,140,Bank_Cash,Staff,04-2025,Paid,Naseem,25/04/2025,Staff Expenses,1534,,OpEx - Labor,Expense,0,,,,,,,,TRUE
25/04/2025,Kinners,10,Cash,Kinners,04-2025,Paid,Sameer,25/04/2025,Maintance,1535,,OpEx - Misc,Expense,0,,,,,,,,TRUE
25/04/2025,Momos,210,Bank_Cash,Mount Momos,04-2025,Paid,Naseem,25/04/2025,Inventory,1536,,COGS - Inventory,Expense,0,,,,,,,,TRUE
26/04/2025,Bakery,210,Cash,Pita Bread,04-2025,Paid,Sameer,26/04/2025,Grocery,1537,,COGS - Grocery,Expense,0,,,,,,,,TRUE
26/04/2025,Chicken,6034,Bank,Golden Chicken,04-2025,Paid,Bank,02/05/2025,Inventory,1538,,COGS - NonVeg,Expense,0,,,,,,,,TRUE
26/04/2025,Grocery,4692,Bank,Balaji,04-2025,Paid,Bank,02/05/2025,Inventory,1539,,COGS - Grocery,Expense,0,,,,,,,,TRUE
26/04/2025,Beverages,2000,Bank_Cash,Water Bottel,04-2025,Paid,Naseem,26/04/2025,Grocery,1540,,COGS - Grocery,Expense,0,,,,,,,,TRUE
26/04/2025,Disposable,4055,Bank,Anand,04-2025,Paid,Bank,17/05/2025,Inventory,1541,,COGS - Packaging,Expense,0,,,,,,,,TRUE
26/04/2025,Gas,1780,Bank,Sai Bharat,04-2025,Paid,Bank,02/05/2025,Fixed Maintance,1542,,OpEx - Utilities,Expense,0,,,,,,,,TRUE
26/04/2025,Vegetables,573,Bank,Shree Bhairavnath,04-2025,Paid,Bank,13/05/2025,Inventory,1543,,COGS - Veg,Expense,0,,,,,,,,TRUE
26/04/2025,Dairy,1830,Bank,Adarsh Dairy,04-2025,Paid,Bank,13/05/2025,Inventory,1544,,COGS - Dairy,Expense,0,,,,,,,,TRUE
26/04/2025,Dairy,85,Bank_Cash,Butter,04-2025,Paid,Naseem,26/04/2025,Inventory,1545,,COGS - Dairy,Expense,0,,,,,,,,TRUE
26/04/2025,Sales,3760,Cash,Petpooja,04-2025,,,,Sales,1546,,Revenue,Income,0,,,,,,,,TRUE
26/04/2025,Sales,2320,Card,Petpooja,04-2025,,,,Sales,1547,,Revenue,Income,0,,,,,,,,TRUE
26/04/2025,Sales,230,UPI,Petpooja,04-2025,,,,Sales,1548,,Revenue,Income,0,,,,,,,,TRUE
26/04/2025,Sales,17575,Wallet,Petpooja,04-2025,,,,Sales,1549,,Revenue,Income,0,,,,,,,,TRUE
26/04/2025,Sales,989,Online Sale,Swiggy&zomato,04-2025,,,,Sales,1550,,Revenue,Income,0,,,,,,,,TRUE
26/04/2025,Tea,165,Bank_Cash,Staff,04-2025,Paid,Naseem,26/04/2025,Staff Expenses,1551,,OpEx - Labor,Expense,0,,,,,,,,TRUE
26/04/2025,Restaurant New Inventory,600,Bank_Cash,New Speaker,04-2025,Paid,Naseem,26/04/2025,New Inventory,1552,,OpEx - CapEx,Expense,0,,,,,,,,TRUE
27/04/2025,Chicken,4506,Bank,Golden Chicken,04-2025,Paid,Bank,02/05/2025,Inventory,1553,,COGS - NonVeg,Expense,0,,,,,,,,TRUE
27/04/2025,Dairy,1189,Bank,Adarsh Dairy,04-2025,Paid,Bank,13/05/2025,Inventory,1554,,COGS - Dairy,Expense,0,,,,,,,,TRUE
27/04/2025,Grocery,1802,Bank,Balaji,04-2025,Paid,Bank,02/05/2025,Inventory,1555,,COGS - Grocery,Expense,0,,,,,,,,TRUE
27/04/2025,Grocery,110,Cash,Noodles,04-2025,Paid,Sameer,27/04/2025,Inventory,1556,,COGS - Grocery,Expense,0,,,,,,,,TRUE
27/04/2025,Bakery,175,Cash,Pita Bread,04-2025,Paid,Sameer,27/04/2025,Grocery,1557,,COGS - Grocery,Expense,0,,,,,,,,TRUE
27/04/2025,Vegetables,20,Cash,Pudina,04-2025,Paid,Sameer,,Inventory,1558,,COGS - Veg,Expense,0,,,,,,,,TRUE
27/04/2025,Vegetables,669,Bank,Shree Bhairavnath,04-2025,Paid,Bank,13/05/2025,Inventory,1559,,COGS - Veg,Expense,0,,,,,,,,TRUE
27/04/2025,Sales,3455,Cash,Petpooja,04-2025,,,,Sales,1560,,Revenue,Income,0,,,,,,,,TRUE
27/04/2025,Sales,1590,Card,Petpooja,04-2025,,,,Sales,1561,,Revenue,Income,0,,,,,,,,TRUE
27/04/2025,Sales,540,UPI,Petpooja,04-2025,,,,Sales,1562,,Revenue,Income,0,,,,,,,,TRUE
27/04/2025,Sales,14092,Wallet,Petpooja,04-2025,,,,Sales,1563,,Revenue,Income,0,,,,,,,,TRUE
27/04/2025,Sales,5317,Online Sale,Swiggy&zomato,04-2025,,,,Sales,1564,,Revenue,Income,0,,,,,,,,TRUE
27/04/2025,Gas,1780,Bank,Sai Bharat,04-2025,Paid,Bank,02/05/2025,Fixed Maintance,1565,,OpEx - Utilities,Expense,0,,,,,,,,TRUE
27/04/2025,Dairy,550,Bank_Cash,Soya Chaap ,04-2025,Paid,Naseem,27/04/2025,Inventory,1566,,COGS - Dairy,Expense,0,,,,,,,,TRUE
27/04/2025,Tea,150,Bank_Cash,Staff,04-2025,Paid,Naseem,27/04/2025,Staff Expenses,1567,,OpEx - Labor,Expense,0,,,,,,,,TRUE
28/04/2025,Chicken,2739,Bank,Golden Chicken,04-2025,Paid,Bank,02/05/2025,Inventory,1568,,COGS - NonVeg,Expense,0,,,,,,,,TRUE
28/04/2025,Dairy,1365,Bank,Adarsh Dairy,04-2025,Paid,Bank,13/05/2025,Inventory,1569,,COGS - Dairy,Expense,0,,,,,,,,TRUE
28/04/2025,Charcoal,1680,Bank,Gyanshewri,04-2025,Paid,Bank,10/05/2025,Inventory,1570,,COGS - Fuel,Expense,0,,,,,,,,TRUE
28/04/2025,Vegetables,442,Bank,Shree Bhairavnath,04-2025,Paid,Bank,13/05/2025,Inventory,1571,,COGS - Veg,Expense,0,,,,,,,,TRUE
28/04/2025,Grocery,5239,Bank,Balaji,04-2025,Paid,Bank,02/05/2025,Inventory,1572,,COGS - Grocery,Expense,0,,,,,,,,TRUE
28/04/2025,Bakery,105,Cash,Pita Bread,04-2025,Paid,Sameer,28/04/2025,Grocery,1573,,COGS - Grocery,Expense,0,,,,,,,,TRUE
28/04/2025,Vegetables,830,Bank_Cash,Onion & Papaya,04-2025,Paid,Naseem,28/04/2025,Inventory,1574,,COGS - Veg,Expense,0,,,,,,,,TRUE
28/04/2025,Gas,1780,Bank,Sai Bharat,04-2025,Paid,Bank,02/05/2025,Fixed Maintance,1575,,OpEx - Utilities,Expense,0,,,,,,,,TRUE
28/04/2025,Sales,5320,Cash,Petpooja,04-2025,,,,Sales,1576,,Revenue,Income,0,,,,,,,,TRUE
28/04/2025,Sales,350,UPI,Petpooja,04-2025,,,,Sales,1577,,Revenue,Income,0,,,,,,,,TRUE
28/04/2025,Sales,12895,Wallet,Petpooja,04-2025,,,,Sales,1578,,Revenue,Income,0,,,,,,,,TRUE
28/04/2025,Sales,1487,Online Sale,Swiggy&zomato,04-2025,,,,Sales,1579,,Revenue,Income,0,,,,,,,,TRUE
28/04/2025,Kinners,15,Cash,Kinners,04-2025,Paid,Sameer,28/04/2025,Maintance,1580,,OpEx - Misc,Expense,0,,,,,,,,TRUE
28/04/2025,Tea,120,Bank_Cash,Staff,04-2025,Paid,Naseem,28/04/2025,Staff Expenses,1581,,OpEx - Labor,Expense,0,,,,,,,,TRUE
29/04/2025,Dairy,783,Bank,Adarsh Dairy,04-2025,Paid,Bank,13/05/2025,Inventory,1582,,COGS - Dairy,Expense,0,,,,,,,,TRUE
29/04/2025,Grocery,1502,Bank,Balaji,04-2025,Paid,Bank,02/05/2025,Inventory,1583,,COGS - Grocery,Expense,0,,,,,,,,TRUE
29/04/2025,Grocery,520,Bank_Cash,hyperpure,04-2025,Paid,Naseem,29/04/2025,Inventory,1584,,COGS - Grocery,Expense,0,,,,,,,,TRUE
29/04/2025,Vegetables,324,Bank,Shree Bhairavnath,04-2025,Paid,Bank,13/05/2025,Inventory,1585,,COGS - Veg,Expense,0,,,,,,,,TRUE
29/04/2025,Chicken,3188,Bank,Golden Chicken,04-2025,Paid,Bank,02/05/2025,Inventory,1586,,COGS - NonVeg,Expense,0,,,,,,,,TRUE
29/04/2025,Bakery,140,Cash,Pita Bread,04-2025,Paid,Sameer,29/04/2025,Grocery,1587,,COGS - Grocery,Expense,0,,,,,,,,TRUE
29/04/2025,Dairy,350,Bank_Cash,Paratha,04-2025,Paid,Naseem,29/04/2025,Inventory,1588,,COGS - Dairy,Expense,0,,,,,,,,TRUE
29/04/2025,Sales,4929,Cash,Petpooja,04-2025,,,,Sales,1589,,Revenue,Income,0,,,,,,,,TRUE
29/04/2025,Sales,155,Card,Petpooja,04-2025,,,,Sales,1590,,Revenue,Income,0,,,,,,,,TRUE
29/04/2025,Sales,150,UPI,Petpooja,04-2025,,,,Sales,1591,,Revenue,Income,0,,,,,,,,TRUE
29/04/2025,Sales,11364,Wallet,Petpooja,04-2025,,,,Sales,1592,,Revenue,Income,0,,,,,,,,TRUE
29/04/2025,Sales,1255,Zomato Pay,Petpooja,04-2025,,,,Sales,1593,,Revenue,Income,0,,,,,,,,TRUE
29/04/2025,Sales,1358,Online Sale,Swiggy&zomato,04-2025,,,,Sales,1594,,Revenue,Income,0,,,,,,,,TRUE
29/04/2025,Kinners,29,Cash,Kinners,04-2025,Paid,Sameer,29/04/2025,Maintance,1595,,OpEx - Misc,Expense,0,,,,,,,,TRUE
29/04/2025,Tea,130,Bank_Cash,Staff,04-2025,Paid,Sameer,29/04/2025,Staff Expenses,1596,,OpEx - Labor,Expense,0,,,,,,,,TRUE
29/04/2025,Vegetables,10,Cash,Pudina,04-2025,Paid,Sameer,29/04/2025,Inventory,1597,,COGS - Veg,Expense,0,,,,,,,,TRUE
30/04/2025,Grocery,720,Bank,Balaji,04-2025,Paid,Bank,05/05/2025,Inventory,1598,,COGS - Grocery,Expense,0,,,,,,,,TRUE
30/04/2025,Charcoal,840,Bank,Gyanshewri,04-2025,Paid,Bank,10/05/2025,Inventory,1599,,COGS - Fuel,Expense,0,,,,,,,,TRUE
30/04/2025,Chicken,3465,Bank,Golden Chicken,04-2025,Paid,Bank,05/05/2025,Inventory,1600,,COGS - NonVeg,Expense,0,,,,,,,,TRUE
30/04/2025,Beverages,975,Bank_Cash,Cold Drinks,04-2025,Paid,Naseem,30/04/2025,Grocery,1601,,COGS - Grocery,Expense,0,,,,,,,,TRUE
30/04/2025,Bakery,315,Cash,Pita Bread,04-2025,Paid,Sameer,30/04/2025,Grocery,1602,,COGS - Grocery,Expense,0,,,,,,,,TRUE
30/04/2025,Vegetables,420,Bank,Shree Bhairavnath,04-2025,Paid,Bank,13/05/2025,Inventory,1603,,COGS - Veg,Expense,0,,,,,,,,TRUE
30/04/2025,Gas,1780,Bank,Sai Bharat,04-2025,Paid,Bank,02/05/2025,Fixed Maintance,1604,,OpEx - Utilities,Expense,0,,,,,,,,TRUE
30/04/2025,Sales,3140,Cash,Petpooja,04-2025,,,,Sales,1605,,Revenue,Income,0,,,,,,,,TRUE
30/04/2025,Sales,15392,Wallet,Petpooja,04-2025,,,,Sales,1606,,Revenue,Income,0,,,,,,,,TRUE
30/04/2025,Sales,810,Zomato Pay,Petpooja,04-2025,,,,Sales,1607,,Revenue,Income,0,,,,,,,,TRUE
30/04/2025,Sales,4336,Online Sale,Swiggy&zomato,04-2025,,,,Sales,1608,,Revenue,Income,0,,,,,,,,TRUE
30/04/2025,Dairy,783,Bank,Adarsh Dairy,04-2025,Paid,Bank,13/05/2025,Inventory,1609,,COGS - Dairy,Expense,0,,,,,,,,TRUE
30/04/2025,Egg,710,Cash,Mulani,04-2025,Paid,Sameer,30/04/2025,Grocery,1610,,COGS - Grocery,Expense,0,,,,,,,,TRUE
30/04/2025,Kinners,15,Cash,Kinners,04-2025,Paid,Sameer,30/04/2025,Maintance,1611,,OpEx - Misc,Expense,0,,,,,,,,TRUE
30/04/2025,Tea,125,Bank_Cash,Staff,04-2025,Paid,Naseem,30/04/2025,Staff Expenses,1612,,OpEx - Labor,Expense,0,,,,,,,,TRUE
01/05/2025,Dairy,616,Bank,Adarsh Dairy,05-2025,Paid,Bank,19/05/2025,Inventory,1613,,COGS - Dairy,Expense,0,,,,,,,,TRUE
01/05/2025,Vegetables,453,Bank,Shree Bhairavnath,05-2025,Paid,Bank,13/05/2025,Inventory,1614,,COGS - Veg,Expense,0,,,,,,,,TRUE
01/05/2025,Chicken,3259,Bank,Golden Chicken,05-2025,Paid,Bank,05/05/2025,Inventory,1615,,COGS - NonVeg,Expense,0,,,,,,,,TRUE
01/05/2025,Grocery,3105,Bank,Balaji,05-2025,Paid,Bank,05/05/2025,Inventory,1616,,COGS - Grocery,Expense,0,,,,,,,,TRUE
01/05/2025,Grocery,110,Cash,Noodles,05-2025,Paid,Sameer,01/05/2025,Inventory,1617,,COGS - Grocery,Expense,0,,,,,,,,TRUE
01/05/2025,Police,8500,Bank_Cash,Police,05-2025,Paid,Naseem,01/05/2025,Fixed Maintance,1618,,OpEx - Fixed,Expense,0,,,,,,,,TRUE
01/05/2025,Dairy,30,Bank_Cash,Milk,05-2025,Paid,Naseem,01/05/2025,Inventory,1619,,COGS - Dairy,Expense,0,,,,,,,,TRUE
01/05/2025,Garbage Vehicle,1500,Bank_Cash,Garbage,05-2025,Paid,Naseem,01/05/2025,Fixed Maintance,1620,,OpEx - Maintenance,Expense,0,,,,,,,,TRUE
01/05/2025,Petrol,310,Bank_Cash,Nasim Bhai,05-2025,Paid,Naseem,01/05/2025,Bike Maintance,1621,,OpEx - Maintenance,Expense,0,,,,,,,,TRUE
01/05/2025,Petrol,1075,Bank_Cash,Shakil Sair,05-2025,Paid,Naseem,01/05/2025,Bike Maintance,1622,,OpEx - Maintenance,Expense,0,,,,,,,,TRUE
01/05/2025,Sales,2744,Cash,Petpooja,05-2025,,,,Sales,1623,,Revenue,Income,0,,,,,,,,TRUE
01/05/2025,Sales,210,Card,Petpooja,05-2025,,,,Sales,1624,,Revenue,Income,0,,,,,,,,TRUE
01/05/2025,Sales,100,UPI,Petpooja,05-2025,,,,Sales,1625,,Revenue,Income,0,,,,,,,,TRUE
01/05/2025,Sales,21405,Wallet,Petpooja,05-2025,,,,Sales,1626,,Revenue,Income,0,,,,,,,,TRUE
01/05/2025,Sales,3655,Online Sale,Swiggy&zomato,05-2025,,,,Sales,1627,,Revenue,Income,0,,,,,,,,TRUE
01/05/2025,Kinners,34,Cash,Kinners,05-2025,Paid,Sameer,01/05/2025,Maintance,1628,,OpEx - Misc,Expense,0,,,,,,,,TRUE
01/05/2025,Tea,135,Bank_Cash,Staff,05-2025,Paid,Naseem,01/05/2025,Staff Expenses,1629,,OpEx - Labor,Expense,0,,,,,,,,TRUE
02/05/2025,Dairy,1310,Bank,Adarsh Dairy,05-2025,Paid,Bank,19/05/2025,Inventory,1630,,COGS - Dairy,Expense,0,,,,,,,,TRUE
02/05/2025,Charcoal,840,Bank,Gyanshewri,05-2025,Paid,Bank,10/05/2025,Inventory,1631,,COGS - Fuel,Expense,0,,,,,,,,TRUE
02/05/2025,Bakery,420,Bank_Cash,Pita Bread,05-2025,Paid,Naseem,02/05/2025,Grocery,1632,,COGS - Grocery,Expense,0,,,,,,,,TRUE
02/05/2025,Mutton,2420,Bank_Cash,A1,05-2025,Paid,Naseem,02/05/2025,Inventory,1633,,COGS - NonVeg,Expense,0,,,,,,,,TRUE
02/05/2025,Chicken,5087,Bank,Golden Chicken,05-2025,Paid,Bank,05/05/2025,Inventory,1634,,COGS - NonVeg,Expense,0,,,,,,,,TRUE
02/05/2025,Beverages,1200,Bank_Cash,Water Bottel,05-2025,Paid,Naseem,01/05/2025,Grocery,1635,,COGS - Grocery,Expense,0,,,,,,,,TRUE
02/05/2025,Hotel Commision,1034,Bank,Cornet,05-2025,Paid,Bank,02/05/2025,Fixed Maintance,1636,,OpEx - Admin,Expense,0,,,,,,,,TRUE
02/05/2025,Advance,10000,Bank,Rajesh,05-2025,Paid,Bank,02/05/2025,Salary,1637,,OpEx - Labor,Expense,0,,,,,,,,TRUE
02/05/2025,Egg,740,Cash,Mulani,05-2025,Paid,Sameer,02/05/2025,Grocery,1638,,COGS - Grocery,Expense,0,,,,,,,,TRUE
02/05/2025,Vegetables,530,Bank,Shree Bhairavnath,05-2025,Paid,Bank,13/05/2025,Inventory,1639,,COGS - Veg,Expense,0,,,,,,,,TRUE
02/05/2025,Sales,3895,Cash,Petpooja,05-2025,,,,Sales,1640,,Revenue,Income,0,,,,,,,,TRUE
02/05/2025,Sales,685,Card,Petpooja,05-2025,,,,Sales,1641,,Revenue,Income,0,,,,,,,,TRUE
02/05/2025,Sales,18194,Wallet,Petpooja,05-2025,,,,Sales,1642,,Revenue,Income,0,,,,,,,,TRUE
02/05/2025,Sales,1480,Online Sale,Swiggy&zomato,05-2025,,,,Sales,1643,,Revenue,Income,0,,,,,,,,TRUE
02/05/2025,Tea,155,Bank_Cash,Tea,05-2025,Paid,Naseem,02/05/2025,Staff Expenses,1644,,OpEx - Labor,Expense,0,,,,,,,,TRUE
02/05/2025,Kinners,10,Cash,Kinners,05-2025,Paid,Sameer,02/05/2025,Maintance,1645,,OpEx - Misc,Expense,0,,,,,,,,TRUE
03/05/2025,Chicken,3816,Bank,Golden Chicken,05-2025,Paid,Bank,10/05/2025,Inventory,1646,,COGS - NonVeg,Expense,0,,,,,,,,TRUE
03/05/2025,Vegetables,447,Bank,Shree Bhairavnath,05-2025,Paid,Bank,13/05/2025,Inventory,1647,,COGS - Veg,Expense,0,,,,,,,,TRUE
03/05/2025,Dairy,810,Bank,Adarsh Dairy,05-2025,Paid,Bank,19/05/2025,Inventory,1648,,COGS - Dairy,Expense,0,,,,,,,,TRUE
03/05/2025,Grocery,2477,Bank,Balaji,05-2025,Paid,Bank,05/05/2025,Inventory,1649,,COGS - Grocery,Expense,0,,,,,,,,TRUE
03/05/2025,Bakery,210,Cash,Pita Bread,05-2025,Paid,Sameer,03/05/2025,Grocery,1650,,COGS - Grocery,Expense,0,,,,,,,,TRUE
03/05/2025,Beverages,2340,Bank_Cash,Cold Drinks,05-2025,Paid,Naseem,03/05/2025,Grocery,1651,,COGS - Grocery,Expense,0,,,,,,,,TRUE
03/05/2025,Vegetables,40,Bank_Cash,Green Chilli,05-2025,Paid,Naseem,03/05/2025,Inventory,1652,,COGS - Veg,Expense,0,,,,,,,,TRUE
03/05/2025,Sales,2390,Cash,Petpooja,05-2025,,,,Sales,1653,,Revenue,Income,0,,,,,,,,TRUE
03/05/2025,Sales,1460,Card,Petpooja,05-2025,,,,Sales,1654,,Revenue,Income,0,,,,,,,,TRUE
03/05/2025,Sales,1310,UPI,Petpooja,05-2025,,,,Sales,1655,,Revenue,Income,0,,,,,,,,TRUE
03/05/2025,Sales,25259,Wallet,Petpooja,05-2025,,,,Sales,1656,,Revenue,Income,0,,,,,,,,TRUE
03/05/2025,Sales,2810,Online Sale,Swiggy&zomato,05-2025,,,,Sales,1657,,Revenue,Income,0,,,,,,,,TRUE
03/05/2025,Tea,160,Bank_Cash,Staff,05-2025,Paid,Naseem,03/05/2025,Staff Expenses,1658,,OpEx - Labor,Expense,0,,,,,,,,TRUE
03/05/2025,Maintenance,40,Bank_Cash,Hardwear,05-2025,Paid,Naseem,03/05/2025,Maintance,1659,,OpEx - Maintenance,Expense,0,,,,,,,,TRUE
03/05/2025,Gas,3520,Bank,Sai Bharat,05-2025,Paid,Bank,22/05/2025,Fixed Maintance,1660,,OpEx - Utilities,Expense,0,,,,,,,,TRUE
04/05/2025,Bakery,245,Cash,Pita Bread,05-2025,Paid,Sameer,04/05/2025,Grocery,1661,,COGS - Grocery,Expense,0,,,,,,,,TRUE
04/05/2025,Dairy,1571,Bank,Adarsh Dairy,05-2025,Paid,Bank,19/05/2025,Inventory,1662,,COGS - Dairy,Expense,0,,,,,,,,TRUE
04/05/2025,Chicken,6811,Bank,Golden Chicken,05-2025,Paid,Bank,10/05/2025,Inventory,1663,,COGS - NonVeg,Expense,0,,,,,,,,TRUE
04/05/2025,Grocery,110,Cash,Noodles,05-2025,Paid,Sameer,04/05/2025,Inventory,1664,,COGS - Grocery,Expense,0,,,,,,,,TRUE
04/05/2025,Dairy,550,Bank_Cash,Soya Chaap ,05-2025,Paid,Naseem,04/05/2025,Inventory,1665,,COGS - Dairy,Expense,0,,,,,,,,TRUE
04/05/2025,Vegetables,570,Bank_Cash,Onion,05-2025,Paid,Naseem,04/05/2025,Inventory,1666,,COGS - Veg,Expense,0,,,,,,,,TRUE
04/05/2025,Grocery,128,Bank,Balaji,05-2025,Paid,Bank,12/05/2025,Inventory,1667,,COGS - Grocery,Expense,0,,,,,,,,TRUE
04/05/2025,Police,2000,Bank_Cash,Police,05-2025,Paid,Naseem,04/05/2025,Fixed Maintance,1668,,OpEx - Fixed,Expense,0,,,,,,,,TRUE
04/05/2025,Vegetables,706,Bank,Shree Bhairavnath,05-2025,Paid,Bank,13/05/2025,Inventory,1669,,COGS - Veg,Expense,0,,,,,,,,TRUE
04/05/2025,Egg,465,Cash,Mulani,05-2025,Paid,Sameer,04/05/2025,Grocery,1670,,COGS - Grocery,Expense,0,,,,,,,,TRUE
04/05/2025,Sales,4645,Cash,Petpooja,05-2025,,,,Sales,1671,,Revenue,Income,0,,,,,,,,TRUE
04/05/2025,Sales,2525,UPI,Petpooja,05-2025,,,,Sales,1672,,Revenue,Income,0,,,,,,,,TRUE
04/05/2025,Sales,20117,Wallet,Petpooja,05-2025,,,,Sales,1673,,Revenue,Income,0,,,,,,,,TRUE
04/05/2025,Sales,4239,Online Sale,Swiggy&zomato,05-2025,,,,Sales,1674,,Revenue,Income,0,,,,,,,,TRUE
04/05/2025,Tea,130,Bank_Cash,Staff,05-2025,Paid,Naseem,04/05/2025,Staff Expenses,1675,,OpEx - Labor,Expense,0,,,,,,,,TRUE
04/05/2025,Kinners,25,Cash,Kinners,05-2025,Paid,Sameer,04/05/2025,Maintance,1676,,OpEx - Misc,Expense,0,,,,,,,,TRUE
04/05/2025,Advance,5000,Bank,Juber,05-2025,Paid,Shakil,04/05/2025,Salary,1677,,OpEx - Labor,Expense,0,,,,,,,,TRUE
04/05/2025,Advance,1000,Bank_Cash,Juber,05-2025,Paid,Naseem,04/05/2025,Salary,1678,,OpEx - Labor,Expense,0,,,,,,,,TRUE
05/05/2025,Chicken,3744,Bank,Golden Chicken,05-2025,Paid,Bank,10/05/2025,Inventory,1679,,COGS - NonVeg,Expense,0,,,,,,,,TRUE
05/05/2025,Vegetables,506,Bank,Shree Bhairavnath,05-2025,Paid,Bank,13/05/2025,Inventory,1680,,COGS - Veg,Expense,0,,,,,,,,TRUE
05/05/2025,Grocery,6989,Bank,Balaji,05-2025,Paid,Bank,12/05/2025,Inventory,1681,,COGS - Grocery,Expense,0,,,,,,,,TRUE
05/05/2025,Dairy,980,Bank,Adarsh Dairy,05-2025,Paid,Bank,19/05/2025,Inventory,1682,,COGS - Dairy,Expense,0,,,,,,,,TRUE
05/05/2025,Charcoal,1680,Bank,Gyanshewri,05-2025,Paid,Bank,10/05/2025,Inventory,1683,,COGS - Fuel,Expense,0,,,,,,,,TRUE
05/05/2025,Bakery,245,Cash,Pita Bread,05-2025,Paid,Sameer,05/05/2025,Grocery,1684,,COGS - Grocery,Expense,0,,,,,,,,TRUE
05/05/2025,Water 20 Ltrs,2220,Bank,Water 20 Ltrs,05-2025,Paid,Bank,05/05/2025,Inventory,1685,,COGS - Utilities,Expense,0,,,,,,,,TRUE
05/05/2025,Electricity,23960,Bank,Electricity,05-2025,Unpaid,,,Fixed Maintance,1686,,OpEx - Utilities,Expense,0,,,,,,,,TRUE
05/05/2025,Beverages,700,Bank,Water Bottel,05-2025,Paid,Shakil,05/05/2025,Grocery,1687,,COGS - Grocery,Expense,0,,,,,,,,TRUE
05/05/2025,Beverages,20,Cash,Water Bottel,05-2025,Paid,Sameer,05/05/2025,Grocery,1688,,COGS - Grocery,Expense,0,,,,,,,,TRUE
05/05/2025,Dairy,445,Bank_Cash,Chipotli Sauce,05-2025,Paid,Naseem,05/05/2025,Inventory,1689,,COGS - Dairy,Expense,0,,,,,,,,TRUE
05/05/2025,Petrol,300,Bank_Cash,Nasim Bhai,05-2025,Paid,Naseem,05/05/2025,Bike Maintance,1690,,OpEx - Maintenance,Expense,0,,,,,,,,TRUE
05/05/2025,Sales,2934,Cash,Petpooja,05-2025,,,,Sales,1691,,Revenue,Income,0,,,,,,,,TRUE
05/05/2025,Sales,825,Card,Petpooja,05-2025,,,,Sales,1692,,Revenue,Income,0,,,,,,,,TRUE
05/05/2025,Sales,850,UPI,Petpooja,05-2025,,,,Sales,1693,,Revenue,Income,0,,,,,,,,TRUE
05/05/2025,Sales,7842,Wallet,Petpooja,05-2025,,,,Sales,1694,,Revenue,Income,0,,,,,,,,TRUE
05/05/2025,Sales,400,Zomato Pay,Petpooja,05-2025,,,,Sales,1695,,Revenue,Income,0,,,,,,,,TRUE
05/05/2025,Sales,566,Online Sale,Swiggy&zomato,05-2025,,,,Sales,1696,,Revenue,Income,0,,,,,,,,TRUE
05/05/2025,Kinners,19,Cash,Kinners,05-2025,Paid,Sameer,05/05/2025,Maintance,1697,,OpEx - Misc,Expense,0,,,,,,,,TRUE
05/05/2025,Tea,105,Bank_Cash,Satff,05-2025,Paid,Naseem,05/05/2025,Staff Expenses,1698,,OpEx - Labor,Expense,0,,,,,,,,TRUE
06/05/2025,Dairy,791,Bank,Adarsh Dairy,05-2025,Paid,Bank,19/05/2025,Inventory,1699,,COGS - Dairy,Expense,0,,,,,,,,TRUE
06/05/2025,Chicken,2775,Bank,Golden Chicken,05-2025,Paid,Bank,13/05/2025,Inventory,1700,,COGS - NonVeg,Expense,0,,,,,,,,TRUE
06/05/2025,Vegetables,288,Bank,Shree Bhairavnath,05-2025,Paid,Bank,13/05/2025,Inventory,1701,,COGS - Veg,Expense,0,,,,,,,,TRUE
06/05/2025,Bakery,140,Cash,Pita Bread,05-2025,Paid,Sameer,06/05/2025,Grocery,1702,,COGS - Grocery,Expense,0,,,,,,,,TRUE
06/05/2025,Advance,5000,Bank,Rajesh,05-2025,Paid,Shakil,06/05/2025,Salary,1703,,OpEx - Labor,Expense,0,,,,,,,,TRUE
06/05/2025,Egg,480,Cash,Mulani,05-2025,Paid,Sameer,06/05/2025,Grocery,1704,,COGS - Grocery,Expense,0,,,,,,,,TRUE
06/05/2025,Sales,1225,Cash,Petpooja,05-2025,,,,Sales,1705,,Revenue,Income,0,,,,,,,,TRUE
06/05/2025,Sales,480,Card,Petpooja,05-2025,,,,Sales,1706,,Revenue,Income,0,,,,,,,,TRUE
06/05/2025,Sales,1810,UPI,Petpooja,05-2025,,,,Sales,1707,,Revenue,Income,0,,,,,,,,TRUE
06/05/2025,Sales,12675,Wallet,Petpooja,05-2025,,,,Sales,1708,,Revenue,Income,0,,,,,,,,TRUE
06/05/2025,Sales,535,Zomato Pay,Petpooja,05-2025,,,,Sales,1709,,Revenue,Income,0,,,,,,,,TRUE
06/05/2025,Sales,2336,Online Sale,Swiggy&zomato,05-2025,,,,Sales,1710,,Revenue,Income,0,,,,,,,,TRUE
06/05/2025,Tea,150,Bank_Cash,Staff,05-2025,Paid,Naseem,06/05/2025,Staff Expenses,1711,,OpEx - Labor,Expense,0,,,,,,,,TRUE
06/05/2025,Maintenance,900,Bank_Cash,Bike Repair,05-2025,Paid,Naseem,06/05/2025,Maintance,1712,,OpEx - Maintenance,Expense,0,,,,,,,,TRUE
06/05/2025,Kinners,5,Cash,Kinners,05-2025,Paid,Sameer,06/05/2025,Maintance,1713,,OpEx - Misc,Expense,0,,,,,,,,TRUE
06/05/2025,Advance,5000,Bank_Cash,Laxmi Bai Salary,05-2025,Paid,Naseem,06/05/2025,Salary,1714,,OpEx - Labor,Expense,0,,,,,,,,TRUE
07/05/2025,Vegetables,597,Bank,Shree Bhairavnath,05-2025,Paid,Bank,13/05/2025,Inventory,1715,,COGS - Veg,Expense,0,,,,,,,,TRUE
07/05/2025,Dairy,776,Bank,Adarsh Dairy,05-2025,Paid,Bank,19/05/2025,Inventory,1716,,COGS - Dairy,Expense,0,,,,,,,,TRUE
07/05/2025,Beverages,210,Cash,Pita Bread,05-2025,Paid,,,Grocery,1717,,COGS - Grocery,Expense,0,,,,,,,,TRUE
07/05/2025,Disposable,4815,Bank,Anand,05-2025,Paid,Bank,27/05/2025,Inventory,1718,,COGS - Packaging,Expense,0,,,,,,,,TRUE
07/05/2025,Charcoal,1680,Bank,Gyanshewri,05-2025,Paid,Bank,10/05/2025,Inventory,1719,,COGS - Fuel,Expense,0,,,,,,,,TRUE
07/05/2025,Grocery,2947,Bank,Balaji,05-2025,Paid,Bank,12/05/2025,Inventory,1720,,COGS - Grocery,Expense,0,,,,,,,,TRUE
07/05/2025,Chicken,2949,Bank,Golden Chicken,05-2025,Paid,Bank,13/05/2025,Inventory,1721,,COGS - NonVeg,Expense,0,,,,,,,,TRUE
07/05/2025,Gas,1760,Bank,Sai Bharat,05-2025,Paid,Bank,22/05/2025,Fixed Maintance,1722,,OpEx - Utilities,Expense,0,,,,,,,,TRUE
07/05/2025,Sales,5790,Cash,petpooja,05-2025,,,,Sales,1723,,Revenue,Income,0,,,,,,,,TRUE
07/05/2025,Sales,60,UPI,petpooja,05-2025,,,,Sales,1724,,Revenue,Income,0,,,,,,,,TRUE
07/05/2025,Sales,15728,Wallet,petpooja,05-2025,,,,Sales,1725,,Revenue,Income,0,,,,,,,,TRUE
07/05/2025,Sales,450,Zomato Pay,petpooja,05-2025,,,,Sales,1726,,Revenue,Income,0,,,,,,,,TRUE
07/05/2025,Sales,1799,Online Sale,Swiggy&zomato,05-2025,,,,Sales,1727,,Revenue,Income,0,,,,,,,,TRUE
07/05/2025,Advance,1000,Bank_Cash,Laxmi Bai Salary,05-2025,Paid,Naseem,07/05/2025,Salary,1728,,OpEx - Labor,Expense,0,,,,,,,,TRUE
07/05/2025,Vegetables,20,Cash,Pudina,05-2025,Paid,Sameer,07/05/2025,Inventory,1729,,COGS - Veg,Expense,0,,,,,,,,TRUE
07/05/2025,Tea,145,Cash,Staff,05-2025,Paid,Sameer,07/05/2025,Staff Expenses,1730,,OpEx - Labor,Expense,0,,,,,,,,TRUE
07/05/2025,Advance,5000,Bank,Vijay,05-2025,Paid,Bank,07/05/2025,Salary,1731,,OpEx - Labor,Expense,0,,,,,,,,TRUE
08/05/2025,Chicken,4325,Bank,Golden Chicken,05-2025,Paid,Bank,16/05/2025,Inventory,1732,,COGS - NonVeg,Expense,0,,,,,,,,TRUE
08/05/2025,Dairy,518,Bank,Adarsh Dairy,05-2025,Paid,Bank,19/05/2025,Inventory,1733,,COGS - Dairy,Expense,0,,,,,,,,TRUE
08/05/2025,Grocery,2638,Bank,Balaji,05-2025,Paid,Bank,12/05/2025,Inventory,1734,,COGS - Grocery,Expense,0,,,,,,,,TRUE
08/05/2025,Mutton,2220,Bank_Cash,A1,05-2025,Paid,Naseem,08/05/2025,Inventory,1735,,COGS - NonVeg,Expense,0,,,,,,,,TRUE
08/05/2025,Vegetables,415,Bank,Shree Bhairavnath,05-2025,Paid,Bank,13/05/2025,Inventory,1736,,COGS - Veg,Expense,0,,,,,,,,TRUE
08/05/2025,Gas,1760,Bank,Sai Bharat,05-2025,Paid,Bank,22/05/2025,Fixed Maintance,1737,,OpEx - Utilities,Expense,0,,,,,,,,TRUE
08/05/2025,Tea,145,Bank_Cash,Staff,05-2025,Paid,Naseem,08/05/2025,Staff Expenses,1738,,OpEx - Labor,Expense,0,,,,,,,,TRUE
08/05/2025,Sales,800,Cash,petpooja,05-2025,,,,Sales,1739,,Revenue,Income,0,,,,,,,,TRUE
08/05/2025,Sales,11090,Wallet,petpooja,05-2025,,,,Sales,1740,,Revenue,Income,0,,,,,,,,TRUE
08/05/2025,Sales,460,Zomato Pay,petpooja,05-2025,,,,Sales,1741,,Revenue,Income,0,,,,,,,,TRUE
08/05/2025,Sales,1305,Online Sale,Swiggy&zomato,05-2025,,,,Sales,1742,,Revenue,Income,0,,,,,,,,TRUE
09/05/2025,Dairy,1180,Bank,Adarsh Dairy,05-2025,Paid,Bank,19/05/2025,Inventory,1743,,COGS - Dairy,Expense,0,,,,,,,,TRUE
09/05/2025,Vegetables,248,Bank,Shree Bhairavnath,05-2025,Paid,Bank,13/05/2025,Inventory,1744,,COGS - Veg,Expense,0,,,,,,,,TRUE
09/05/2025,Charcoal,1680,Bank,Gyanshewri,05-2025,Paid,Bank,24/05/2025,Inventory,1745,,COGS - Fuel,Expense,0,,,,,,,,TRUE
09/05/2025,Chicken,2694,Bank,Golden Chicken,05-2025,Paid,Bank,16/05/2025,Inventory,1746,,COGS - NonVeg,Expense,0,,,,,,,,TRUE
09/05/2025,Maintenance,120,Bank_Cash,Casting Soda,05-2025,Paid,Naseem,09/05/2025,Maintance,1747,,OpEx - Maintenance,Expense,0,,,,,,,,TRUE
09/05/2025,Sales,2500,Cash,petpooja,05-2025,,,,Sales,1748,,Revenue,Income,0,,,,,,,,TRUE
09/05/2025,Sales,894,Card,petpooja,05-2025,,,,Sales,1749,,Revenue,Income,0,,,,,,,,TRUE
09/05/2025,Sales,750,UPI,petpooja,05-2025,,,,Sales,1750,,Revenue,Income,0,,,,,,,,TRUE
09/05/2025,Sales,13726,Wallet,petpooja,05-2025,,,,Sales,1751,,Revenue,Income,0,,,,,,,,TRUE
09/05/2025,Sales,5379,Online Sale,Swiggy&zomato,05-2025,,,,Sales,1752,,Revenue,Income,0,,,,,,,,TRUE
09/05/2025,Tea,130,Bank_Cash,Staff,05-2025,Paid,Naseem,09/05/2025,Staff Expenses,1753,,OpEx - Labor,Expense,0,,,,,,,,TRUE
10/05/2025,Dairy,683,Bank,Adarsh Dairy,05-2025,Paid,Bank,19/05/2025,Inventory,1754,,COGS - Dairy,Expense,0,,,,,,,,TRUE
10/05/2025,Vegetables,344,Bank,Shree Bhairavnath,05-2025,Paid,Bank,13/05/2025,Inventory,1755,,COGS - Veg,Expense,0,,,,,,,,TRUE
10/05/2025,Chicken,2576,Bank,Golden Chicken,05-2025,Paid,Bank,16/05/2025,Inventory,1756,,COGS - NonVeg,Expense,0,,,,,,,,TRUE
10/05/2025,Grocery,110,Cash,Noodles,05-2025,Paid,Sameer,10/05/2025,Inventory,1757,,COGS - Grocery,Expense,0,,,,,,,,TRUE
10/05/2025,Beverages,585,Cash,Cold Drinks,05-2025,Paid,Sameer,10/05/2025,Grocery,1758,,COGS - Grocery,Expense,0,,,,,,,,TRUE
10/05/2025,Gas,1760,Bank,Sai Bharat,05-2025,Paid,Bank,22/05/2025,Fixed Maintance,1759,,OpEx - Utilities,Expense,0,,,,,,,,TRUE
10/05/2025,Beverages,810,Cash,Water Bottel,05-2025,Paid,Naseem,10/05/2025,Grocery,1760,,COGS - Grocery,Expense,0,,,,,,,,TRUE
10/05/2025,Vegetables,60,Bank_Cash,Papaya,05-2025,Paid,Naseem,10/05/2025,Inventory,1761,,COGS - Veg,Expense,0,,,,,,,,TRUE
10/05/2025,Mutton,1140,Bank_Cash,A1,05-2025,Paid,Naseem,10/05/2025,Inventory,1762,,COGS - NonVeg,Expense,0,,,,,,,,TRUE
10/05/2025,Momos,210,Bank_Cash,Mount,05-2025,Paid,Naseem,10/05/2025,Inventory,1763,,COGS - Inventory,Expense,0,,,,,,,,TRUE
10/05/2025,Sales,6055,Cash,petpooja,05-2025,,,,Sales,1764,,Revenue,Income,0,,,,,,,,TRUE
10/05/2025,Sales,980,Card,petpooja,05-2025,,,,Sales,1765,,Revenue,Income,0,,,,,,,,TRUE
10/05/2025,Sales,3650,UPI,petpooja,05-2025,,,,Sales,1766,,Revenue,Income,0,,,,,,,,TRUE
10/05/2025,Sales,13508,Wallet,petpooja,05-2025,,,,Sales,1767,,Revenue,Income,0,,,,,,,,TRUE
10/05/2025,Sales,1494,Online Sale,Swiggy&zomato,05-2025,,,,Sales,1768,,Revenue,Income,0,,,,,,,,TRUE
10/05/2025,Sales,1520,Due,Zolo Pg ,05-2025,,,,Sales,1769,,Revenue,Income,0,,,,,,,,TRUE
10/05/2025,Tea,125,Bank_Cash,Staff,05-2025,Paid,Naseem,10/05/2025,Staff Expenses,1770,,OpEx - Labor,Expense,0,,,,,,,,TRUE
10/05/2025,Kinners,15,Cash,Kinners,05-2025,Paid,Sameer,10/05/2025,Maintance,1771,,OpEx - Misc,Expense,0,,,,,,,,TRUE
11/05/2025,Dairy,853,Bank,Adarsh Dairy,05-2025,Paid,Bank,04/06/2025,Inventory,1772,,COGS - Dairy,Expense,0,,,,,,,,TRUE
11/05/2025,Grocery,5426,Bank,Balaji,05-2025,Paid,Bank,17/05/2025,Inventory,1773,,COGS - Grocery,Expense,0,,,,,,,,TRUE
11/05/2025,Vegetables,484,Bank,shree Bhairavnath,05-2025,Paid,Bank,13/05/2025,Inventory,1774,,COGS - Veg,Expense,0,,,,,,,,TRUE
11/05/2025,Chicken,3059,Bank,Golden Chicken,05-2025,Paid,Bank,16/05/2025,Inventory,1775,,COGS - NonVeg,Expense,0,,,,,,,,TRUE
11/05/2025,Vegetables,670,Bank_Cash,Onion,05-2025,Paid,Naseem,11/05/2025,Inventory,1776,,COGS - Veg,Expense,0,,,,,,,,TRUE
11/05/2025,Dairy,680,Bank_Cash,Soya Chaap & Paratha,05-2025,Paid,Naseem,11/05/2025,Inventory,1777,,COGS - Dairy,Expense,0,,,,,,,,TRUE
11/05/2025,Gas,1760,Bank,Sai Bharat,05-2025,Paid,Bank,22/05/2025,Fixed Maintance,1778,,OpEx - Utilities,Expense,0,,,,,,,,TRUE
11/05/2025,Egg,825,Cash,Mulani,05-2025,Paid,Sameer,11/05/2025,Grocery,1779,,COGS - Grocery,Expense,0,,,,,,,,TRUE
11/05/2025,Sales,1950,Cash,Petpooja,05-2025,,,,Sales,1780,,Revenue,Income,0,,,,,,,,TRUE
11/05/2025,Sales,1445,Card,Petpooja,05-2025,,,,Sales,1781,,Revenue,Income,0,,,,,,,,TRUE
11/05/2025,Sales,280,UPI,Petpooja,05-2025,,,,Sales,1782,,Revenue,Income,0,,,,,,,,TRUE
11/05/2025,Sales,18547,Wallet,Petpooja,05-2025,,,,Sales,1783,,Revenue,Income,0,,,,,,,,TRUE
11/05/2025,Sales,2198,Online Sale,Swiggy&zomato,05-2025,,,,Sales,1784,,Revenue,Income,0,,,,,,,,TRUE
11/05/2025,Tea,150,Bank_Cash,Staff,05-2025,Paid,Naseem,11/05/2025,Staff Expenses,1785,,OpEx - Labor,Expense,0,,,,,,,,TRUE
11/05/2025,Kinners,25,Cash,Kinners,05-2025,Paid,Naseem,11/05/2025,Maintance,1786,,OpEx - Misc,Expense,0,,,,,,,,TRUE
12/05/2025,Dairy,790,Bank,Adarsh Dairy,05-2025,Paid,Bank,04/06/2025,Inventory,1787,,COGS - Dairy,Expense,0,,,,,,,,TRUE
12/05/2025,Charcoal,1680,Bank,Gyanshewri,05-2025,Paid,Bank,24/05/2025,Inventory,1788,,COGS - Fuel,Expense,0,,,,,,,,TRUE
12/05/2025,Grocery,4547,Bank,Balaji,05-2025,Paid,Bank,17/05/2025,Inventory,1789,,COGS - Grocery,Expense,0,,,,,,,,TRUE
12/05/2025,Chicken,3613,Bank,Golden Chicken,05-2025,Paid,Bank,17/05/2025,Inventory,1790,,COGS - NonVeg,Expense,0,,,,,,,,TRUE
12/05/2025,Grocery,150,Bank_Cash,Peri Peri Masala,05-2025,Paid,Naseem,12/05/2025,Inventory,1791,,COGS - Grocery,Expense,0,,,,,,,,TRUE
12/05/2025,Mutton,2220,Bank_Cash,A1,05-2025,Paid,Naseem,12/05/2025,Inventory,1792,,COGS - NonVeg,Expense,0,,,,,,,,TRUE
12/05/2025,Stationary,130,Bank_Cash,News Paper,05-2025,Paid,Naseem,12/05/2025,Inventory,1793,,COGS - Inventory,Expense,0,,,,,,,,TRUE
12/05/2025,Vegetables,648,Bank,shree Bhairavnath,05-2025,Paid,Bank,01/06/2025,Inventory,1794,,COGS - Veg,Expense,0,,,,,,,,TRUE
12/05/2025,Sales,3370,Cash,Petpooja,05-2025,,,,Sales,1795,,Revenue,Income,0,,,,,,,,TRUE
12/05/2025,Sales,420,UPI,Petpooja,05-2025,,,,Sales,1796,,Revenue,Income,0,,,,,,,,TRUE
12/05/2025,Sales,9270,Wallet,Petpooja,05-2025,,,,Sales,1797,,Revenue,Income,0,,,,,,,,TRUE
12/05/2025,Sales,1165,Zomato Pay,Petpooja,05-2025,,,,Sales,1798,,Revenue,Income,0,,,,,,,,TRUE
12/05/2025,Sales,913,Online Sale,Swiggy&zomato,05-2025,,,,Sales,1799,,Revenue,Income,0,,,,,,,,TRUE
12/05/2025,Kinners,20,Cash,Kinners,05-2025,Paid,Sameer,12/05/2025,Maintance,1800,,OpEx - Misc,Expense,0,,,,,,,,TRUE
12/05/2025,Tea,150,Bank_Cash,Staff,05-2025,Paid,Naseem,12/05/2025,Staff Expenses,1801,,OpEx - Labor,Expense,0,,,,,,,,TRUE
12/05/2025,Petrol,300,Bank_Cash,Nasim Bhai,05-2025,Paid,Naseem,12/05/2025,Bike Maintance,1802,,OpEx - Maintenance,Expense,0,,,,,,,,TRUE
13/05/2025,Chicken,795,Bank,Golden Chicken,05-2025,Paid,Bank,17/05/2025,Inventory,1803,,COGS - NonVeg,Expense,0,,,,,,,,TRUE
13/05/2025,Grocery,2443,Bank,Balaji,05-2025,Paid,Bank,17/05/2025,Inventory,1804,,COGS - Grocery,Expense,0,,,,,,,,TRUE
13/05/2025,Dairy,939,Bank,Adarsh Dairy,05-2025,Paid,Bank,04/06/2025,Inventory,1805,,COGS - Dairy,Expense,0,,,,,,,,TRUE
13/05/2025,Vegetables,325,Bank,shree Bhairavnath,05-2025,Paid,Bank,01/06/2025,Inventory,1806,,COGS - Veg,Expense,0,,,,,,,,TRUE
13/05/2025,Sales,4000,Cash,Petpooja,05-2025,,,,Sales,1807,,Revenue,Income,0,,,,,,,,TRUE
13/05/2025,Sales,435,Card,Petpooja,05-2025,,,,Sales,1808,,Revenue,Income,0,,,,,,,,TRUE
13/05/2025,Sales,290,UPI,Petpooja,05-2025,,,,Sales,1809,,Revenue,Income,0,,,,,,,,TRUE
13/05/2025,Sales,9214,Wallet,Petpooja,05-2025,,,,Sales,1810,,Revenue,Income,0,,,,,,,,TRUE
13/05/2025,Sales,3658,Online Sale,Swiggy&zomato,05-2025,,,,Sales,1811,,Revenue,Income,0,,,,,,,,TRUE
13/05/2025,Petrol,200,Bank_Cash,Umesh Sir,05-2025,Paid,Naseem,13/05/2025,Bike Maintance,1812,,OpEx - Maintenance,Expense,0,,,,,,,,TRUE
13/05/2025,Tea,150,Bank_Cash,Staff,05-2025,Paid,Naseem,13/05/2025,Staff Expenses,1813,,OpEx - Labor,Expense,0,,,,,,,,TRUE
14/05/2025,Charcoal,840,Bank,Gyanshewri,05-2025,Paid,Bank,24/05/2025,Inventory,1814,,COGS - Fuel,Expense,0,,,,,,,,TRUE
14/05/2025,Grocery,1950,Bank,Balaji,05-2025,Paid,Bank,20/05/2025,Inventory,1815,,COGS - Grocery,Expense,0,,,,,,,,TRUE
14/05/2025,Dairy,925,Bank,Adarsh Dairy,05-2025,Paid,Bank,04/06/2025,Inventory,1816,,COGS - Dairy,Expense,0,,,,,,,,TRUE
14/05/2025,Chicken,4004,Bank,Golden Chicken,05-2025,Paid,Bank,20/05/2025,Inventory,1817,,COGS - NonVeg,Expense,0,,,,,,,,TRUE
14/05/2025,Chapati,6000,Bank_Cash,Chapati,05-2025,Paid,Naseem,14/05/2025,Grocery,1818,,COGS - Grocery,Expense,0,,,,,,,,TRUE
14/05/2025,Beverages,585,Cash,Cold Drinks,05-2025,Paid,Sameer,14/05/2025,Grocery,1819,,COGS - Grocery,Expense,0,,,,,,,,TRUE
14/05/2025,Beverages,900,Bank_Cash,Water Bottel,05-2025,Paid,Naseem,14/05/2025,Grocery,1820,,COGS - Grocery,Expense,0,,,,,,,,TRUE
14/05/2025,Vegetables,193,Bank,shree Bhairavnath,05-2025,Paid,Bank,01/06/2025,Inventory,1821,,COGS - Veg,Expense,0,,,,,,,,TRUE
14/05/2025,Disposable,2340,Bank,Anand,05-2025,Paid,Bank,04/06/2025,Inventory,1822,,COGS - Packaging,Expense,0,,,,,,,,TRUE
14/05/2025,Sales,3225,Cash,Petpooja,05-2025,,,,Sales,1823,,Revenue,Income,0,,,,,,,,TRUE
14/05/2025,Sales,1120,Card,Petpooja,05-2025,,,,Sales,1824,,Revenue,Income,0,,,,,,,,TRUE
14/05/2025,Sales,170,Due,Khenya,05-2025,,,,Sales,1825,,Revenue,Income,0,,,,,,,,TRUE
14/05/2025,Sales,5050,UPI,Petpooja,05-2025,,,,Sales,1826,,Revenue,Income,0,,,,,,,,TRUE
14/05/2025,Sales,10134,Wallet,Petpooja,05-2025,,,,Sales,1827,,Revenue,Income,0,,,,,,,,TRUE
14/05/2025,Sales,989,Online Sale,Swiggy&zomato,05-2025,,,,Sales,1828,,Revenue,Income,0,,,,,,,,TRUE
14/05/2025,Tea,140,Bank_Cash,Staff,05-2025,Paid,Naseem,14/05/2025,Staff Expenses,1829,,OpEx - Labor,Expense,0,,,,,,,,TRUE
14/05/2025,Advance,5000,Bank,Vijay,05-2025,Paid,Bank,14/05/2025,Salary,1830,,OpEx - Labor,Expense,0,,,,,,,,TRUE
15/05/2025,Dairy,1186,Bank,Adarsh Dairy,05-2025,Paid,Bank,04/06/2025,Inventory,1831,,COGS - Dairy,Expense,0,,,,,,,,TRUE
15/05/2025,Vegetables,380,Bank,shree Bhairavnath,05-2025,Paid,Bank,01/06/2025,Inventory,1832,,COGS - Veg,Expense,0,,,,,,,,TRUE
15/05/2025,Chicken,3547,Bank,Golden Chicken,05-2025,Paid,Bank,20/05/2025,Inventory,1833,,COGS - NonVeg,Expense,0,,,,,,,,TRUE
15/05/2025,Grocery,1650,Bank,Balaji,05-2025,Paid,Bank,20/05/2025,Inventory,1834,,COGS - Grocery,Expense,0,,,,,,,,TRUE
15/05/2025,Egg,840,Cash,Mulani,05-2025,Paid,Sameer,15/05/2025,Grocery,1835,,COGS - Grocery,Expense,0,,,,,,,,TRUE
15/05/2025,Grocery,130,Bank_Cash,Chaat Masala,05-2025,Paid,Naseem,15/05/2025,Inventory,1836,,COGS - Grocery,Expense,0,,,,,,,,TRUE
15/05/2025,Sales,1060,Cash,Petpooja,05-2025,,,,Sales,1837,,Revenue,Income,0,,,,,,,,TRUE
15/05/2025,Sales,12093,Wallet,Petpooja,05-2025,,,,Sales,1838,,Revenue,Income,0,,,,,,,,TRUE
15/05/2025,Sales,2371,Online Sale,Swiggy&zomato,05-2025,,,,Sales,1839,,Revenue,Income,0,,,,,,,,TRUE
15/05/2025,Tea,140,Bank_Cash,Staff,05-2025,Paid,Naseem,15/05/2025,Staff Expenses,1840,,OpEx - Labor,Expense,0,,,,,,,,TRUE
15/05/2025,Maintenance,100,Bank_Cash,Hardwear,05-2025,Paid,Naseem,15/05/2025,Maintance,1841,,OpEx - Maintenance,Expense,0,,,,,,,,TRUE
15/05/2025,Dairy,1000,Bank_Cash,Soyachaap & Paratha,05-2025,Paid,Naseem,15/05/2025,Inventory,1842,,COGS - Dairy,Expense,0,,,,,,,,TRUE
16/05/2025,Charcoal,1680,Bank,Gyanshewri,05-2025,Paid,Bank,24/05/2025,Inventory,1843,,COGS - Fuel,Expense,0,,,,,,,,TRUE
16/05/2025,Dairy,491,Bank,Adarsh Dairy,05-2025,Paid,Bank,04/06/2025,Inventory,1844,,COGS - Dairy,Expense,0,,,,,,,,TRUE
16/05/2025,Chicken,2178,Bank,Golden Chicken,05-2025,Paid,Bank,20/05/2025,Inventory,1845,,COGS - NonVeg,Expense,0,,,,,,,,TRUE
16/05/2025,Gas,1760,Bank,Sai Bharat,05-2025,Paid,Bank,22/05/2025,Fixed Maintance,1846,,OpEx - Utilities,Expense,0,,,,,,,,TRUE
16/05/2025,Vegetables,318,Bank,shree Bhairavnath,05-2025,Paid,Bank,01/06/2025,Inventory,1847,,COGS - Veg,Expense,0,,,,,,,,TRUE
16/05/2025,Maintenance,5350,Bank_Cash,Govt Fine For Shawarama Machine,05-2025,Paid,Naseem,16/05/2025,Maintance,1848,,OpEx - Maintenance,Expense,0,,,,,,,,TRUE
16/05/2025,Petrol,1300,Bank_Cash,Shakil Sir,05-2025,Paid,Naseem,16/05/2025,Bike Maintance,1849,,OpEx - Maintenance,Expense,0,,,,,,,,TRUE
16/05/2025,Sales,580,Cash,Petpooja,05-2025,,,,Sales,1850,,Revenue,Income,0,,,,,,,,TRUE
16/05/2025,Sales,3920,Card,Petpooja,05-2025,,,,Sales,1851,,Revenue,Income,0,,,,,,,,TRUE
16/05/2025,Sales,200,UPI,Petpooja,05-2025,,,,Sales,1852,,Revenue,Income,0,,,,,,,,TRUE
16/05/2025,Sales,11024,Wallet,Petpooja,05-2025,,,,Sales,1853,,Revenue,Income,0,,,,,,,,TRUE
16/05/2025,Sales,4511,Online Sale,Swiggy&zomato,05-2025,,,,Sales,1854,,Revenue,Income,0,,,,,,,,TRUE
16/05/2025,Vegetables,30,Cash,Pudina,05-2025,Paid,Sameer,16/05/2025,Inventory,1855,,COGS - Veg,Expense,0,,,,,,,,TRUE
16/05/2025,Tea,150,Bank_Cash,Staff,05-2025,Paid,Naseem,16/05/2025,Staff Expenses,1856,,OpEx - Labor,Expense,0,,,,,,,,TRUE
17/05/2025,Chicken,5502,Bank,Golden Chicken,05-2025,Paid,Bank,26/05/2025,Inventory,1857,,COGS - NonVeg,Expense,0,,,,,,,,TRUE
17/05/2025,Dairy,955,Bank,Adarsh Dairy,05-2025,Paid,Bank,04/06/2025,Inventory,1858,,COGS - Dairy,Expense,0,,,,,,,,TRUE
17/05/2025,Vegetables,451,Bank,shree Bhairavnath,05-2025,Paid,Bank,01/06/2025,Inventory,1859,,COGS - Veg,Expense,0,,,,,,,,TRUE
17/05/2025,Charcoal,840,Bank,Gyanshewri,05-2025,Paid,Bank,24/05/2025,Inventory,1860,,COGS - Fuel,Expense,0,,,,,,,,TRUE
17/05/2025,Grocery,2329,Bank,Balaji,05-2025,Paid,Bank,25/05/2025,Inventory,1861,,COGS - Grocery,Expense,0,,,,,,,,TRUE
17/05/2025,Bakery,280,Cash,Pita Bread,05-2025,Paid,Sameer,17/05/2025,Grocery,1862,,COGS - Grocery,Expense,0,,,,,,,,TRUE
17/05/2025,Beverages,585,Cash,Cold Drinks,05-2025,Paid,Sameer,17/05/2025,Grocery,1863,,COGS - Grocery,Expense,0,,,,,,,,TRUE
17/05/2025,Vegetables,670,Bank_Cash,Onion,05-2025,Paid,Naseem,17/05/2025,Inventory,1864,,COGS - Veg,Expense,0,,,,,,,,TRUE
17/05/2025,Maintenance,300,Bank_Cash,Gas Pipe,05-2025,Paid,Naseem,17/05/2025,Maintance,1865,,OpEx - Maintenance,Expense,0,,,,,,,,TRUE
17/05/2025,Sales,5435,Cash,Petpooja,05-2025,,,,Sales,1866,,Revenue,Income,0,,,,,,,,TRUE
17/05/2025,Sales,400,UPI,Petpooja,05-2025,,,,Sales,1867,,Revenue,Income,0,,,,,,,,TRUE
17/05/2025,Sales,10959,Wallet,Petpooja,05-2025,,,,Sales,1868,,Revenue,Income,0,,,,,,,,TRUE
17/05/2025,Sales,500,Zomato Pay,Petpooja,05-2025,,,,Sales,1869,,Revenue,Income,0,,,,,,,,TRUE
17/05/2025,Sales,2583,Online Sale,Swiggy&zomato,05-2025,,,,Sales,1870,,Revenue,Income,0,,,,,,,,TRUE
17/05/2025,Tea,150,Bank_Cash,Staff,05-2025,Paid,Naseem,17/05/2025,Staff Expenses,1871,,OpEx - Labor,Expense,0,,,,,,,,TRUE
17/05/2025,Gas,1760,Bank,Sai Bharat,05-2025,Paid,Bank,22/05/2025,Fixed Maintance,1872,,OpEx - Utilities,Expense,0,,,,,,,,TRUE
18/05/2025,Chicken,1420,Bank,Golden Chicken,05-2025,Paid,Bank,26/05/2025,Inventory,1873,,COGS - NonVeg,Expense,0,,,,,,,,TRUE
18/05/2025,Dairy,620,Bank,Adarsh Dairy,05-2025,Paid,Bank,04/06/2025,Inventory,1874,,COGS - Dairy,Expense,0,,,,,,,,TRUE
18/05/2025,Grocery,3160,Bank,Balaji,05-2025,Paid,Bank,26/05/2025,Inventory,1875,,COGS - Grocery,Expense,0,,,,,,,,TRUE
18/05/2025,Grocery,110,Bank_Cash,Noodles,05-2025,Paid,Naseem,18/05/2025,Inventory,1876,,COGS - Grocery,Expense,0,,,,,,,,TRUE
18/05/2025,Bakery,280,Bank_Cash,Pita Bread,05-2025,Paid,Naseem,18/05/2025,Grocery,1877,,COGS - Grocery,Expense,0,,,,,,,,TRUE
18/05/2025,Mutton,2220,Bank_Cash,A1,05-2025,Paid,Naseem,18/05/2025,Inventory,1878,,COGS - NonVeg,Expense,0,,,,,,,,TRUE
18/05/2025,Dairy,350,Bank_Cash,Paratha,05-2025,Paid,Naseem,18/05/2025,Inventory,1879,,COGS - Dairy,Expense,0,,,,,,,,TRUE
18/05/2025,Vegetables,355,Bank,shree Bhairavnath,05-2025,Paid,Bank,01/06/2025,Inventory,1880,,COGS - Veg,Expense,0,,,,,,,,TRUE
18/05/2025,Grocery,210,Bank_Cash,All Out,05-2025,Paid,Naseem,18/05/2025,Inventory,1881,,COGS - Grocery,Expense,0,,,,,,,,TRUE
18/05/2025,Gas,1760,Bank,Sai Bharat,05-2025,Paid,Bank,02/06/2025,Fixed Maintance,1882,,OpEx - Utilities,Expense,0,,,,,,,,TRUE
18/05/2025,Internet,600,Cash,Internet,05-2025,Paid,Sameer,18/05/2025,Fixed Maintance,1883,,OpEx - Utilities,Expense,0,,,,,,,,TRUE
18/05/2025,Sales,5350,Cash,Petpooja,05-2025,,,,Sales,1884,,Revenue,Income,0,,,,,,,,TRUE
18/05/2025,Sales,1750,Card,Petpooja,05-2025,,,,Sales,1885,,Revenue,Income,0,,,,,,,,TRUE
18/05/2025,Sales,18583,Wallet,Petpooja,05-2025,,,,Sales,1886,,Revenue,Income,0,,,,,,,,TRUE
18/05/2025,Sales,3005,Online Sale,Swiggy&zomato,05-2025,,,,Sales,1887,,Revenue,Income,0,,,,,,,,TRUE
18/05/2025,Sales,25,UPI,Petpooja,05-2025,Paid,Sameer,18/05/2025,Sales,1888,,Revenue,Income,0,,,,,,,,TRUE
18/05/2025,Tea,130,Bank_Cash,Staff,05-2025,Paid,Naseem,18/05/2025,Staff Expenses,1889,,OpEx - Labor,Expense,0,,,,,,,,TRUE
19/05/2025,Dairy,1357,Bank,Adarsh Dairy,05-2025,Paid,Bank,04/06/2025,Inventory,1890,,COGS - Dairy,Expense,0,,,,,,,,TRUE
19/05/2025,Chicken,5293,Bank,Golden Chicken,05-2025,Paid,Bank,26/05/2025,Inventory,1891,,COGS - NonVeg,Expense,0,,,,,,,,TRUE
19/05/2025,Charcoal,840,Bank,Gyanshewri,05-2025,Paid,Bank,24/05/2025,Inventory,1892,,COGS - Fuel,Expense,0,,,,,,,,TRUE
19/05/2025,Maintenance,1020,Bank_Cash,"Knife Repair,Garbage Clean",05-2025,Paid,Naseem,19/05/2025,Maintance,1893,,OpEx - Maintenance,Expense,0,,,,,,,,TRUE
19/05/2025,Petrol,310,Bank_Cash,Nasim Bhai,05-2025,Paid,Naseem,19/05/2025,Bike Maintance,1894,,OpEx - Maintenance,Expense,0,,,,,,,,TRUE
19/05/2025,Beverages,900,Cash,Water Bottel,05-2025,Paid,Sameer,19/05/2025,Grocery,1895,,COGS - Grocery,Expense,0,,,,,,,,TRUE
19/05/2025,Egg,900,Bank_Cash,Mulani,05-2025,Paid,Naseem,19/05/2025,Grocery,1896,,COGS - Grocery,Expense,0,,,,,,,,TRUE
19/05/2025,Advance,600,Bank_Cash,Nasim Bhai Advance,05-2025,Paid,Naseem,19/05/2025,Salary,1897,,OpEx - Labor,Expense,0,,,,,,,,TRUE
19/05/2025,Garbage Vehicle,700,Cash,Chicken Garbage,05-2025,Paid,Sameer,19/05/2025,Fixed Maintance,1898,,OpEx - Maintenance,Expense,0,,,,,,,,TRUE
19/05/2025,Vegetables,454,Bank,shree Bhairavnath,05-2025,Paid,Bank,01/06/2025,Inventory,1899,,COGS - Veg,Expense,0,,,,,,,,TRUE
19/05/2025,Sales,230,UPI,Petpooja,05-2025,,,,Sales,1900,,Revenue,Income,0,,,,,,,,TRUE
19/05/2025,Sales,5505,Wallet,Petpooja,05-2025,,,,Sales,1901,,Revenue,Income,0,,,,,,,,TRUE
19/05/2025,Sales,2927,Online Sale,Swiggy&zomato,05-2025,,,,Sales,1902,,Revenue,Income,0,,,,,,,,TRUE
19/05/2025,Sales,4265,Cash,Petpooja,05-2025,,,,Sales,1903,,Revenue,Income,0,,,,,,,,TRUE
19/05/2025,Tea,100,Bank_Cash,Staff,05-2025,Paid,Naseem,19/05/2025,Staff Expenses,1904,,OpEx - Labor,Expense,0,,,,,,,,TRUE
19/05/2025,Kinners,35,Cash,Kinners,05-2025,Paid,Sameer,19/05/2025,Maintance,1905,,OpEx - Misc,Expense,0,,,,,,,,TRUE
20/05/2025,Chicken,2265,Bank,Golden Chicken,05-2025,Paid,Bank,27/05/2025,Inventory,1906,,COGS - NonVeg,Expense,0,,,,,,,,TRUE
20/05/2025,Dairy,743,Bank,Adarsh Dairy,05-2025,Paid,Bank,04/06/2025,Inventory,1907,,COGS - Dairy,Expense,0,,,,,,,,TRUE
20/05/2025,Grocery,2345,Bank,Balaji,05-2025,Paid,Bank,26/05/2025,Inventory,1908,,COGS - Grocery,Expense,0,,,,,,,,TRUE
20/05/2025,Vegetables,215,Bank,shree Bhairavnath,05-2025,Paid,Bank,01/06/2025,Inventory,1909,,COGS - Veg,Expense,0,,,,,,,,TRUE
20/05/2025,Bakery,105,Bank_Cash,Pita Bread,05-2025,Paid,Naseem,20/05/2025,Grocery,1910,,COGS - Grocery,Expense,0,,,,,,,,TRUE
20/05/2025,Tea,145,Bank_Cash,Staff,05-2025,Paid,Naseem,20/05/2025,Staff Expenses,1911,,OpEx - Labor,Expense,0,,,,,,,,TRUE
20/05/2025,Kinners,10,Cash,Kinners,05-2025,Paid,Sameer,20/05/2025,Maintance,1912,,OpEx - Misc,Expense,0,,,,,,,,TRUE
20/05/2025,Sales,2110,Cash,Petpooja,05-2025,,,,Sales,1913,,Revenue,Income,0,,,,,,,,TRUE
20/05/2025,Sales,170,Card,Petpooja,05-2025,,,,Sales,1914,,Revenue,Income,0,,,,,,,,TRUE
20/05/2025,Sales,1519,UPI,Petpooja,05-2025,,,,Sales,1915,,Revenue,Income,0,,,,,,,,TRUE
20/05/2025,Sales,5944,Wallet,Petpooja,05-2025,,,,Sales,1916,,Revenue,Income,0,,,,,,,,TRUE
20/05/2025,Sales,2372,Online Sale,Swiggy&zomato,05-2025,,,,Sales,1917,,Revenue,Income,0,,,,,,,,TRUE
21/05/2025,Dairy,390,Bank,Adarsh Dairy,05-2025,Paid,Bank,17/06/2025,Inventory,1918,,COGS - Dairy,Expense,0,,,,,,,,TRUE
21/05/2025,Charcoal,1680,Bank,Gyanshewri,05-2025,Paid,Bank,24/05/2025,Inventory,1919,,COGS - Fuel,Expense,0,,,,,,,,TRUE
21/05/2025,Grocery,2015,Bank,Balaji,05-2025,Paid,Bank,27/05/2025,Inventory,1920,,COGS - Grocery,Expense,0,,,,,,,,TRUE
05/06/2025,Advance,10000,Bank,Vijay,06-2025,Paid,Bank,,Salary,1921,,OpEx - Labor,Expense,0,,,,,,,,TRUE
30/06/2025,Advance,5000,Bank,Vijay,06-2025,Paid,Bank,,Salary,1922,,OpEx - Labor,Expense,0,,,,,,,,TRUE
21/05/2025,Advance,1000,Bank,Vijay,05-2025,Paid,Shakil,20/05/2025,Salary,1923,1,OpEx - Labor,Expense,0,,,,,,,,TRUE
21/05/2025,Bakery,70,Cash,Pita Bread,05-2025,Paid,Sameer,21/05/2025,Grocery,1924,,COGS - Grocery,Expense,0,,,,,,,,TRUE
21/05/2025,Disposable,3345,Bank,Anand,05-2025,Paid,Bank,15/06/2025,Inventory,1925,,COGS - Packaging,Expense,0,,,,,,,,TRUE
21/05/2025,Momos,210,Bank_Cash,Mount,05-2025,Paid,Naseem,21/05/2025,Inventory,1926,,COGS - Inventory,Expense,0,,,,,,,,TRUE
21/05/2025,Gas,1760,Bank,Sai Bharat,05-2025,Paid,Bank,02/06/2025,Fixed Maintance,1927,,OpEx - Utilities,Expense,0,,,,,,,,TRUE
21/05/2025,Vegetables,401,Bank,shree Bhairavnath,05-2025,Paid,Bank,01/06/2025,Inventory,1928,,COGS - Veg,Expense,0,,,,,,,,TRUE
21/05/2025,Maintenance,4200,Bank_Cash,Bike ,05-2025,Paid,Naseem,21/05/2025,Maintance,1929,,OpEx - Maintenance,Expense,0,,,,,,,,TRUE
21/05/2025,Sales,6335,Cash,Petpooja,05-2025,,,,Sales,1930,,Revenue,Income,0,,,,,,,,TRUE
21/05/2025,Sales,1360,Card,Petpooja,05-2025,,,,Sales,1931,,Revenue,Income,0,,,,,,,,TRUE
21/05/2025,Sales,310,UPI,Petpooja,05-2025,,,,Sales,1932,,Revenue,Income,0,,,,,,,,TRUE
21/05/2025,Sales,9834,Wallet,Petpooja,05-2025,,,,Sales,1933,,Revenue,Income,0,,,,,,,,TRUE
21/05/2025,Sales,2989,Online Sale,Swiggy&zomato,05-2025,,,,Sales,1934,,Revenue,Income,0,,,,,,,,TRUE
21/05/2025,Kinners,15,Cash,Kinners,05-2025,Paid,Sameer,21/05/2025,Maintance,1935,,OpEx - Misc,Expense,0,,,,,,,,TRUE
21/05/2025,Tea,140,Bank_Cash,Staff,05-2025,Paid,Naseem,21/05/2025,Staff Expenses,1936,,OpEx - Labor,Expense,0,,,,,,,,TRUE
22/05/2025,Chicken,5106,Bank,Golden Chicken,05-2025,Paid,Bank,29/05/2025,Inventory,1937,,COGS - NonVeg,Expense,0,,,,,,,,TRUE
22/05/2025,Dairy,827,Bank,Adarsh Dairy,05-2025,Paid,Bank,17/06/2025,Inventory,1938,,COGS - Dairy,Expense,0,,,,,,,,TRUE
22/05/2025,Grocery,456,Bank,Balaji,05-2025,Paid,Bank,29/05/2025,Inventory,1939,,COGS - Grocery,Expense,0,,,,,,,,TRUE
22/05/2025,Bakery,140,Bank_Cash,Pita Bread,05-2025,Paid,Naseem,22/05/2025,Grocery,1940,,COGS - Grocery,Expense,0,,,,,,,,TRUE
22/05/2025,Vegetables,100,Bank_Cash,Papaya,05-2025,Paid,Naseem,22/05/2025,Inventory,1941,,COGS - Veg,Expense,0,,,,,,,,TRUE
22/05/2025,Mutton,2960,Bank_Cash,A1,05-2025,Paid,Naseem,22/05/2025,Inventory,1942,,COGS - NonVeg,Expense,0,,,,,,,,TRUE
22/05/2025,Vegetables,412,Bank,shree Bhairavnath,05-2025,Paid,Bank,01/06/2025,Inventory,1943,,COGS - Veg,Expense,0,,,,,,,,TRUE
22/05/2025,Egg,885,Cash,Mulani,05-2025,Paid,Sameer,22/05/2025,Grocery,1944,,COGS - Grocery,Expense,0,,,,,,,,TRUE
22/05/2025,Hotel Commision,980,Cash,Prime Rose,05-2025,Paid,Sameer,22/05/2025,Fixed Maintance,1945,,OpEx - Admin,Expense,0,,,,,,,,TRUE
22/05/2025,Gas,1760,Bank,Sai Bharat,05-2025,Paid,Bank,02/06/2025,Fixed Maintance,1946,,OpEx - Utilities,Expense,0,,,,,,,,TRUE
22/05/2025,Disposable,160,Bank_Cash,Paper Plate,05-2025,Paid,Naseem,22/05/2025,Inventory,1947,,COGS - Packaging,Expense,0,,,,,,,,TRUE
22/05/2025,Dairy,420,Bank_Cash,Paneer,05-2025,Paid,Naseem,22/05/2025,Inventory,1948,,COGS - Dairy,Expense,0,,,,,,,,TRUE
22/05/2025,Sales,1954,Cash,Petpooja,05-2025,,,,Sales,1949,,Revenue,Income,0,,,,,,,,TRUE
22/05/2025,Sales,1055,Card,Petpooja,05-2025,,,,Sales,1950,,Revenue,Income,0,,,,,,,,TRUE
22/05/2025,Sales,1000,UPI,Petpooja,05-2025,,,,Sales,1951,,Revenue,Income,0,,,,,,,,TRUE
22/05/2025,Sales,14730,Wallet,Petpooja,05-2025,,,,Sales,1952,,Revenue,Income,0,,,,,,,,TRUE
22/05/2025,Sales,1835,Online Sale,Swiggy&zomato,05-2025,,,,Sales,1953,,Revenue,Income,0,,,,,,,,TRUE
22/05/2025,Vegetables,25,Cash,Pudina,05-2025,Paid,Sameer,22/05/2025,Inventory,1954,,COGS - Veg,Expense,0,,,,,,,,TRUE
22/05/2025,Kinners,14,Cash,Kinners,05-2025,Paid,Sameer,22/05/2025,Maintance,1955,,OpEx - Misc,Expense,0,,,,,,,,TRUE
22/05/2025,Tea,170,Bank_Cash,Staff,05-2025,Paid,Naseem,22/05/2025,Staff Expenses,1956,,OpEx - Labor,Expense,0,,,,,,,,TRUE
22/05/2025,Advance,200,Bank_Cash,Ram Kumar,05-2025,Paid,Naseem,22/05/2025,Salary,1957,,OpEx - Labor,Expense,0,,,,,,,,TRUE
22/05/2025,Advance,100,Bank_Cash,Mukesh Kumar,05-2025,Paid,Naseem,22/05/2025,Salary,1958,,OpEx - Labor,Expense,0,,,,,,,,TRUE
23/05/2025,Grocery,3700,Bank,Balaji,05-2025,Paid,Bank,29/05/2025,Inventory,1959,,COGS - Grocery,Expense,0,,,,,,,,TRUE
23/05/2025,Charcoal,1680,Bank,Gyanshewri,05-2025,Paid,Bank,02/06/2025,Inventory,1960,,COGS - Fuel,Expense,0,,,,,,,,TRUE
23/05/2025,Chicken,4850,Bank,Golden Chicken,05-2025,Paid,Bank,29/05/2025,Inventory,1961,,COGS - NonVeg,Expense,0,,,,,,,,TRUE
23/05/2025,Grocery,3039,Bank,HyperPure,05-2025,Paid,Shakil,22/05/2025,Inventory,1962,,COGS - Grocery,Expense,0,,,,,,,,TRUE
23/05/2025,Dairy,787,Bank,Adarsh Dairy,05-2025,Paid,Bank,17/06/2025,Inventory,1963,,COGS - Dairy,Expense,0,,,,,,,,TRUE
23/05/2025,Bakery,175,Cash,Pita Bread,05-2025,Paid,Sameer,23/05/2025,Grocery,1964,,COGS - Grocery,Expense,0,,,,,,,,TRUE
23/05/2025,Gas,1760,Bank,Sai Bharat,05-2025,Paid,Bank,02/06/2025,Fixed Maintance,1965,,OpEx - Utilities,Expense,0,,,,,,,,TRUE
23/05/2025,Vegetables,663,Bank,shree Bhairavnath,05-2025,Paid,Bank,01/06/2025,Inventory,1966,,COGS - Veg,Expense,0,,,,,,,,TRUE
23/05/2025,Dairy,350,Bank_Cash,Mayonises&Peri Peri Masala,05-2025,Paid,Naseem,23/05/2025,Inventory,1967,,COGS - Dairy,Expense,0,,,,,,,,TRUE
23/05/2025,Sales,3139,Cash,Petpooja,05-2025,,,,Sales,1968,,Revenue,Income,0,,,,,,,,TRUE
23/05/2025,Sales,225,Card,Petpooja,05-2025,,,,Sales,1969,,Revenue,Income,0,,,,,,,,TRUE
23/05/2025,Sales,16944,Wallet,Petpooja,05-2025,,,,Sales,1970,,Revenue,Income,0,,,,,,,,TRUE
23/05/2025,Sales,2632,Online Sale,Swiggy&zomato,05-2025,,,,Sales,1971,,Revenue,Income,0,,,,,,,,TRUE
23/05/2025,Kinners,24,Cash,Kinners,05-2025,Paid,Sameer,23/05/2025,Maintance,1972,,OpEx - Misc,Expense,0,,,,,,,,TRUE
23/05/2025,Tea,140,Bank_Cash,Staff,05-2025,Paid,Naseem,23/05/2025,Staff Expenses,1973,,OpEx - Labor,Expense,0,,,,,,,,TRUE
23/05/2025,Sales,300,Due,Glen Sir,05-2025,,,,Sales,1974,,Revenue,Income,0,,,,,,,,TRUE
24/05/2025,Dairy,1431,Bank,Adarsh Dairy,05-2025,Paid,Bank,17/06/2025,Inventory,1975,,COGS - Dairy,Expense,0,,,,,,,,TRUE
24/05/2025,Chicken,3855,Bank,Golden Chicken,05-2025,Paid,Bank,31/05/2025,Inventory,1976,,COGS - NonVeg,Expense,0,,,,,,,,TRUE
24/05/2025,Grocery,3394,Bank,Balaji,05-2025,Paid,Bank,31/05/2025,Inventory,1977,,COGS - Grocery,Expense,0,,,,,,,,TRUE
24/05/2025,Grocery,110,Bank_Cash,Noodles,05-2025,Paid,Naseem,24/05/2025,Inventory,1978,,COGS - Grocery,Expense,0,,,,,,,,TRUE
24/05/2025,Vegetables,620,Bank_Cash,Onion,05-2025,Paid,Naseem,24/05/2025,Inventory,1979,,COGS - Veg,Expense,0,,,,,,,,TRUE
24/05/2025,Beverages,585,Bank_Cash,Cold Drinks,05-2025,Paid,Naseem,24/05/2025,Grocery,1980,,COGS - Grocery,Expense,0,,,,,,,,TRUE
24/05/2025,Bakery,140,Bank_Cash,Pita Bread,05-2025,Paid,Naseem,24/05/2025,Grocery,1981,,COGS - Grocery,Expense,0,,,,,,,,TRUE
24/05/2025,Vegetables,789,Bank,shree Bhairavnath,05-2025,Paid,Bank,01/06/2025,Inventory,1982,,COGS - Veg,Expense,0,,,,,,,,TRUE
24/05/2025,Restaurant New Inventory,150,Bank_Cash,Mouse,05-2025,Paid,Naseem,24/05/2025,New Inventory,1983,,OpEx - CapEx,Expense,0,,,,,,,,TRUE
24/05/2025,Petrol,700,Bank_Cash,Shakil Sir,05-2025,Paid,Naseem,24/05/2025,Bike Maintance,1984,,OpEx - Maintenance,Expense,0,,,,,,,,TRUE
24/05/2025,Sales,2400,Cash,Petpooja,05-2025,,,,Sales,1985,,Revenue,Income,0,,,,,,,,TRUE
24/05/2025,Sales,170,UPI,Petpooja,05-2025,,,,Sales,1986,,Revenue,Income,0,,,,,,,,TRUE
24/05/2025,Sales,17867,Wallet,Petpooja,05-2025,,,,Sales,1987,,Revenue,Income,0,,,,,,,,TRUE
24/05/2025,Sales,1745,Online Sale,Swiggy&zomato,05-2025,,,,Sales,1988,,Revenue,Income,0,,,,,,,,TRUE
24/05/2025,Tea,145,Bank_Cash,Staff,05-2025,Paid,Naseem,24/05/2025,Staff Expenses,1989,,OpEx - Labor,Expense,0,,,,,,,,TRUE
24/05/2025,Vegetables,25,Cash,Pudina,05-2025,Paid,Sameer,24/05/2025,Inventory,1990,,COGS - Veg,Expense,0,,,,,,,,TRUE
24/05/2025,Kinners,25,Cash,Kinners,05-2025,Paid,Sameer,24/05/2025,Maintance,1991,,OpEx - Misc,Expense,0,,,,,,,,TRUE
25/05/2025,Chicken,1330,Bank,Golden Chicken,05-2025,Paid,Bank,31/05/2025,Inventory,1992,,COGS - NonVeg,Expense,0,,,,,,,,TRUE
25/05/2025,Dairy,850,Bank,Adarsh Dairy,05-2025,Paid,Bank,17/06/2025,Inventory,1993,,COGS - Dairy,Expense,0,,,,,,,,TRUE
25/05/2025,Grocery,2824,Bank,Balaji,05-2025,Paid,Bank,31/05/2025,Inventory,1994,,COGS - Grocery,Expense,0,,,,,,,,TRUE
25/05/2025,Dairy,680,Bank_Cash,Soyachaap & Paratha,05-2025,Paid,Naseem,25/05/2025,Inventory,1995,,COGS - Dairy,Expense,0,,,,,,,,TRUE
25/05/2025,Vegetables,120,Bank_Cash,papaya,05-2025,Paid,Naseem,25/05/2025,Inventory,1996,,COGS - Veg,Expense,0,,,,,,,,TRUE
25/05/2025,Bakery,105,Cash,Pita Bread,05-2025,Paid,Sameer,25/05/2025,Grocery,1997,,COGS - Grocery,Expense,0,,,,,,,,TRUE
25/05/2025,Advance,100,Bank_Cash,Mukesh Kumar,05-2025,Paid,Naseem,25/05/2025,Salary,1998,,OpEx - Labor,Expense,0,,,,,,,,TRUE
25/05/2025,Vegetables,365,Bank,shree Bhairavnath,05-2025,Paid,Bank,01/06/2025,Inventory,1999,,COGS - Veg,Expense,0,,,,,,,,TRUE
25/05/2025,Gas,1760,Bank,Sai Bharat,05-2025,Paid,Bank,02/06/2025,Fixed Maintance,2000,,OpEx - Utilities,Expense,0,,,,,,,,TRUE
25/05/2025,Sales,3565,Cash,Petpooja,05-2025,,,,Sales,2001,,Revenue,Income,0,,,,,,,,TRUE
25/05/2025,Sales,260,Card,Petpooja,05-2025,,,,Sales,2002,,Revenue,Income,0,,,,,,,,TRUE
25/05/2025,Sales,30,Due,Anuj,05-2025,,,,Sales,2003,,Revenue,Income,0,,,,,,,,TRUE
25/05/2025,Sales,70,UPI,Petpooja,05-2025,,,,Sales,2004,,Revenue,Income,0,,,,,,,,TRUE
25/05/2025,Sales,17353,Wallet,Petpooja,05-2025,,,,Sales,2005,,Revenue,Income,0,,,,,,,,TRUE
25/05/2025,Sales,3544,Online Sale,Swiggy&zomato,05-2025,,,,Sales,2006,,Revenue,Income,0,,,,,,,,TRUE
25/05/2025,Disposable,70,Bank_Cash,Tissuse,05-2025,Paid,Naseem,25/05/2025,Inventory,2007,,COGS - Packaging,Expense,0,,,,,,,,TRUE
25/05/2025,Tea,130,Bank_Cash,Staff,05-2025,Paid,Naseem,25/05/2025,Staff Expenses,2008,,OpEx - Labor,Expense,0,,,,,,,,TRUE
25/05/2025,Kinners,10,Cash,Kinners,05-2025,Paid,Sameer,25/05/2025,Maintance,2009,,OpEx - Misc,Expense,0,,,,,,,,TRUE
26/05/2025,Dairy,720,Bank,Adarsh Dairy,05-2025,Paid,Bank,17/06/2025,Inventory,2010,,COGS - Dairy,Expense,0,,,,,,,,TRUE
26/05/2025,Charcoal,1680,Bank,Gyanshewri,05-2025,Paid,Bank,02/06/2025,Inventory,2011,,COGS - Fuel,Expense,0,,,,,,,,TRUE
26/05/2025,Chicken,3668,Bank,Golden Chicken,05-2025,Paid,Bank,31/05/2025,Inventory,2012,,COGS - NonVeg,Expense,0,,,,,,,,TRUE
26/05/2025,Grocery,835,Bank,Balaji,05-2025,Paid,Bank,31/05/2025,Inventory,2013,,COGS - Grocery,Expense,0,,,,,,,,TRUE
26/05/2025,Disposable,6900,Bank,Anand,05-2025,Paid,Bank,21/06/2025,Inventory,2014,,COGS - Packaging,Expense,0,,,,,,,,TRUE
26/05/2025,Beverages,1080,Cash,Water Bottel,05-2025,Paid,Sameer,26/05/2025,Grocery,2015,,COGS - Grocery,Expense,0,,,,,,,,TRUE
26/05/2025,Restaurant New Inventory,1400,Bank_Cash,Rain Coat,05-2025,Paid,Naseem,26/05/2025,New Inventory,2016,,OpEx - CapEx,Expense,0,,,,,,,,TRUE
26/05/2025,Gas,1760,Bank,Sai Bharat,05-2025,Paid,Bank,02/06/2025,Fixed Maintance,2017,,OpEx - Utilities,Expense,0,,,,,,,,TRUE
26/05/2025,Vegetables,355,Bank,shree Bhairavnath,05-2025,Paid,Bank,01/06/2025,Inventory,2018,,COGS - Veg,Expense,0,,,,,,,,TRUE
26/05/2025,Egg,870,Bank_Cash,Mulani,05-2025,Paid,Naseem,26/05/2025,Grocery,2019,,COGS - Grocery,Expense,0,,,,,,,,TRUE
26/05/2025,Sales,1200,Cash,Petpooja,05-2025,,,,Sales,2020,,Revenue,Income,0,,,,,,,,TRUE
26/05/2025,Sales,80,Card,Petpooja,05-2025,,,,Sales,2021,,Revenue,Income,0,,,,,,,,TRUE
26/05/2025,Sales,10737,Wallet,Petpooja,05-2025,,,,Sales,2022,,Revenue,Income,0,,,,,,,,TRUE
26/05/2025,Sales,529,Zomato Pay,Petpooja,05-2025,,,,Sales,2023,,Revenue,Income,0,,,,,,,,TRUE
26/05/2025,Sales,1658,Online Sale,Swiggy&zomato,05-2025,,,,Sales,2024,,Revenue,Income,0,,,,,,,,TRUE
26/05/2025,Sales,430,UPI,Petpooja,05-2025,,,,Sales,2025,,Revenue,Income,0,,,,,,,,TRUE
26/05/2025,Tea,130,Bank_Cash,Staff,05-2025,Paid,Naseem,26/05/2025,Staff Expenses,2026,,OpEx - Labor,Expense,0,,,,,,,,TRUE
26/05/2025,Kinners,20,Cash,Kinners,05-2025,Paid,Sameer,26/05/2025,Maintance,2027,,OpEx - Misc,Expense,0,,,,,,,,TRUE
27/05/2025,Mutton,2620,Bank_Cash,A1,05-2025,Paid,Naseem,27/05/2025,Inventory,2028,,COGS - NonVeg,Expense,0,,,,,,,,TRUE
27/05/2025,Dairy,416,Bank,Adarsh Dairy,05-2025,Paid,Bank,17/06/2025,Inventory,2029,,COGS - Dairy,Expense,0,,,,,,,,TRUE
27/05/2025,Petrol,310,Bank_Cash,Nasim Bhai,05-2025,Paid,Naseem,27/05/2025,Bike Maintance,2030,,OpEx - Maintenance,Expense,0,,,,,,,,TRUE
27/05/2025,Grocery,6300,Bank,Kaju,05-2025,Paid,Bank,27/05/2025,Inventory,2031,,COGS - Grocery,Expense,0,,,,,,,,TRUE
27/05/2025,Vegetables,451,Bank,shree Bhairavnath,05-2025,Paid,Bank,01/06/2025,Inventory,2032,,COGS - Veg,Expense,0,,,,,,,,TRUE
27/05/2025,Grocery,700,Bank_Cash,Barista,05-2025,Paid,Naseem,27/05/2025,Inventory,2033,,COGS - Grocery,Expense,0,,,,,,,,TRUE
27/05/2025,Sales,4119,Cash,Petpooja,05-2025,,,,Sales,2034,,Revenue,Income,0,,,,,,,,TRUE
27/05/2025,Sales,525,UPI,Petpooja,05-2025,,,,Sales,2035,,Revenue,Income,0,,,,,,,,TRUE
27/05/2025,Sales,9552,Wallet,Petpooja,05-2025,,,,Sales,2036,,Revenue,Income,0,,,,,,,,TRUE
27/05/2025,Sales,2003,Online Sale,Swiggy&zomato,05-2025,,,,Sales,2037,,Revenue,Income,0,,,,,,,,TRUE
27/05/2025,Tea,120,Bank_Cash,Staff,05-2025,Paid,Naseem,27/05/2025,Staff Expenses,2038,,OpEx - Labor,Expense,0,,,,,,,,TRUE
27/05/2025,Kinners,19,Cash,Kinners,05-2025,Paid,Sameer,27/05/2025,Maintance,2039,,OpEx - Misc,Expense,0,,,,,,,,TRUE
28/05/2025,Chicken,3535,Bank,Golden Chicken,05-2025,Paid,Bank,31/05/2025,Inventory,2040,,COGS - NonVeg,Expense,0,,,,,,,,TRUE
28/05/2025,Dairy,559,Bank,Adarsh Dairy,05-2025,Paid,Bank,17/06/2025,Inventory,2041,,COGS - Dairy,Expense,0,,,,,,,,TRUE
28/05/2025,Charcoal,840,Bank,Gyanshewri,05-2025,Paid,Bank,02/06/2025,Inventory,2042,,COGS - Fuel,Expense,0,,,,,,,,TRUE
28/05/2025,Grocery,3061,Bank,Balaji,05-2025,Paid,Bank,31/05/2025,Inventory,2043,,COGS - Grocery,Expense,0,,,,,,,,TRUE
28/05/2025,Bakery,350,Bank_Cash,Pita Bread,05-2025,Paid,Naseem,28/05/2025,Grocery,2044,,COGS - Grocery,Expense,0,,,,,,,,TRUE
28/05/2025,Maintenance,300,Cash,Gas Bhatti Repair,05-2025,Paid,Sameer,28/05/2025,Maintance,2045,,OpEx - Maintenance,Expense,0,,,,,,,,TRUE
28/05/2025,Gas,1760,Bank,Sai Bharat,05-2025,Paid,Bank,02/06/2025,Fixed Maintance,2046,,OpEx - Utilities,Expense,0,,,,,,,,TRUE
28/05/2025,Vegetables,485,Bank,shree Bhairavnath,05-2025,Paid,Bank,01/06/2025,Inventory,2047,,COGS - Veg,Expense,0,,,,,,,,TRUE
28/05/2025,Sales,2770,Cash,Petpooja,05-2025,,,,Sales,2048,,Revenue,Income,0,,,,,,,,TRUE
28/05/2025,Sales,230,Card,Petpooja,05-2025,,,,Sales,2049,,Revenue,Income,0,,,,,,,,TRUE
28/05/2025,Sales,2520,UPI,Petpooja,05-2025,,,,Sales,2050,,Revenue,Income,0,,,,,,,,TRUE
28/05/2025,Sales,12614,Wallet,Petpooja,05-2025,,,,Sales,2051,,Revenue,Income,0,,,,,,,,TRUE
28/05/2025,Sales,1619,Online Sale,Swiggy&zomato,05-2025,,,,Sales,2052,,Revenue,Income,0,,,,,,,,TRUE
28/05/2025,Kinners,20,Cash,Kinners,05-2025,Paid,Sameer,28/05/2025,Maintance,2053,,OpEx - Misc,Expense,0,,,,,,,,TRUE
28/05/2025,Tea,120,Bank_Cash,Staff,05-2025,Paid,Naseem,28/05/2025,Staff Expenses,2054,,OpEx - Labor,Expense,0,,,,,,,,TRUE
28/05/2025,Maintenance,230,Bank_Cash,Silicon,05-2025,Paid,Naseem,28/05/2025,Maintance,2055,,OpEx - Maintenance,Expense,0,,,,,,,,TRUE
29/05/2025,Chicken,3855,Bank,Golden Chicken,05-2025,Paid,Bank,04/06/2025,Inventory,2056,,COGS - NonVeg,Expense,0,,,,,,,,TRUE
29/05/2025,Grocery,1990,Bank,Balaji,05-2025,Paid,Bank,04/06/2025,Inventory,2057,,COGS - Grocery,Expense,0,,,,,,,,TRUE
29/05/2025,Dairy,1204,Bank,Adarsh Dairy,05-2025,Paid,Bank,17/06/2025,Inventory,2058,,COGS - Dairy,Expense,0,,,,,,,,TRUE
29/05/2025,Bakery,210,Cash,Pita Bread,05-2025,Paid,Sameer,29/05/2025,Grocery,2059,,COGS - Grocery,Expense,0,,,,,,,,TRUE
29/05/2025,Vegetables,235,Bank,shree Bhairavnath,05-2025,Paid,Bank,01/06/2025,Inventory,2060,,COGS - Veg,Expense,0,,,,,,,,TRUE
29/05/2025,Maintenance,300,Bank_Cash,Hardwear,05-2025,Paid,Naseem,29/05/2025,Maintance,2061,,OpEx - Maintenance,Expense,0,,,,,,,,TRUE
29/05/2025,Sales,3295,Cash,Petpooja,05-2025,,,,Sales,2062,,Revenue,Income,0,,,,,,,,TRUE
29/05/2025,Sales,1565,Card,Petpooja,05-2025,,,,Sales,2063,,Revenue,Income,0,,,,,,,,TRUE
29/05/2025,Sales,1720,UPI,Petpooja,05-2025,,,,Sales,2064,,Revenue,Income,0,,,,,,,,TRUE
29/05/2025,Sales,13478,Wallet,Petpooja,05-2025,,,,Sales,2065,,Revenue,Income,0,,,,,,,,TRUE
29/05/2025,Sales,2498,Online Sale,Swiggy&zomato,05-2025,,,,Sales,2066,,Revenue,Income,0,,,,,,,,TRUE
29/05/2025,Vegetables,35,Cash,Pudina,05-2025,Paid,Sameer,29/05/2025,Inventory,2067,,COGS - Veg,Expense,0,,,,,,,,TRUE
29/05/2025,Tea,150,Bank_Cash,Staff,05-2025,Paid,Naseem,29/05/2025,Staff Expenses,2068,,OpEx - Labor,Expense,0,,,,,,,,TRUE
29/05/2025,Advance,100,Bank_Cash,Ram Kumar,05-2025,Paid,Naseem,29/05/2025,Salary,2069,,OpEx - Labor,Expense,0,,,,,,,,TRUE
30/05/2025,Chicken,3890,Bank,Golden Chicken,05-2025,Paid,Bank,04/06/2025,Inventory,2070,,COGS - NonVeg,Expense,0,,,,,,,,TRUE
30/05/2025,Charcoal,1680,Bank,Gyanshewri,05-2025,Paid,Bank,02/06/2025,Inventory,2071,,COGS - Fuel,Expense,0,,,,,,,,TRUE
30/05/2025,Grocery,640,Bank,Balaji,05-2025,Paid,Bank,04/06/2025,Inventory,2072,,COGS - Grocery,Expense,0,,,,,,,,TRUE
30/05/2025,Dairy,783,Bank,Adarsh Dairy,05-2025,Paid,Bank,17/06/2025,Inventory,2073,,COGS - Dairy,Expense,0,,,,,,,,TRUE
30/05/2025,Bakery,210,Cash,Pita Bread,05-2025,Paid,Sameer,30/05/2025,Grocery,2074,,COGS - Grocery,Expense,0,,,,,,,,TRUE
30/05/2025,Egg,890,Cash,Mulani,05-2025,Paid,Sameer,30/05/2025,Grocery,2075,,COGS - Grocery,Expense,0,,,,,,,,TRUE
30/05/2025,Vegetables,495,Bank,shree Bhairavnath,05-2025,Paid,Bank,01/06/2025,Inventory,2076,,COGS - Veg,Expense,0,,,,,,,,TRUE
30/05/2025,Gas,1760,Bank,Sai Bharat,05-2025,Paid,Bank,02/06/2025,Fixed Maintance,2077,,OpEx - Utilities,Expense,0,,,,,,,,TRUE
30/05/2025,Sales,1710,Cash,Petpooja,05-2025,,,,Sales,2078,,Revenue,Income,0,,,,,,,,TRUE
30/05/2025,Sales,454,Card,Petpooja,05-2025,,,,Sales,2079,,Revenue,Income,0,,,,,,,,TRUE
30/05/2025,Sales,2030,UPI,Petpooja,05-2025,,,,Sales,2080,,Revenue,Income,0,,,,,,,,TRUE
30/05/2025,Sales,18246,Wallet,Petpooja,05-2025,,,,Sales,2081,,Revenue,Income,0,,,,,,,,TRUE
30/05/2025,Sales,950,Zomato Pay,Petpooja,05-2025,,,,Sales,2082,,Revenue,Income,0,,,,,,,,TRUE
30/05/2025,Sales,948,Online Sale,Swiggy&zomato,05-2025,,,,Sales,2083,,Revenue,Income,0,,,,,,,,TRUE
30/05/2025,Kinners,10,Cash,Kinners,05-2025,Paid,Sameer,30/05/2025,Maintance,2084,,OpEx - Misc,Expense,0,,,,,,,,TRUE
30/05/2025,Tea,150,Bank_Cash,Staff,05-2025,Paid,Naseem,30/05/2025,Staff Expenses,2085,,OpEx - Labor,Expense,0,,,,,,,,TRUE
30/05/2025,Maintenance,250,Bank_Cash,Regulater,05-2025,Paid,Naseem,30/05/2025,Maintance,2086,,OpEx - Maintenance,Expense,0,,,,,,,,TRUE
30/05/2025,Maintenance,600,Bank_Cash,Garbage Clean,05-2025,Paid,Naseem,30/05/2025,Maintance,2087,,OpEx - Maintenance,Expense,0,,,,,,,,TRUE
31/05/2025,Dairy,1178,Bank,Adarsh Dairy,05-2025,Paid,Bank,17/06/2025,Inventory,2088,,COGS - Dairy,Expense,0,,,,,,,,TRUE
31/05/2025,Grocery,2478,Bank,Balaji,05-2025,Paid,Bank,04/06/2025,Inventory,2089,,COGS - Grocery,Expense,0,,,,,,,,TRUE
31/05/2025,Charcoal,840,Bank,Gyanshewri,05-2025,Paid,Bank,02/06/2025,Inventory,2090,,COGS - Fuel,Expense,0,,,,,,,,TRUE
31/05/2025,Chicken,4630,Bank,Golden Chicken,05-2025,Paid,Bank,04/06/2025,Inventory,2091,,COGS - NonVeg,Expense,0,,,,,,,,TRUE
31/05/2025,Bakery,140,Cash,Pita Bread,05-2025,Paid,Sameer,31/05/2025,Grocery,2092,,COGS - Grocery,Expense,0,,,,,,,,TRUE
31/05/2025,Grocery,110,Cash,Noodles,05-2025,Paid,Sameer,31/05/2025,Inventory,2093,,COGS - Grocery,Expense,0,,,,,,,,TRUE
31/05/2025,Beverages,1080,Bank_Cash,Water Bottel,05-2025,Paid,Naseem,31/05/2025,Grocery,2094,,COGS - Grocery,Expense,0,,,,,,,,TRUE
31/05/2025,Disposable,200,Cash,Cello Tap,05-2025,Paid,Sameer,31/05/2025,Inventory,2095,,COGS - Packaging,Expense,0,,,,,,,,TRUE
31/05/2025,Momos,210,Bank_Cash,Mount,05-2025,Paid,Naseem,31/05/2025,Inventory,2096,,COGS - Inventory,Expense,0,,,,,,,,TRUE
31/05/2025,Police,8500,Bank_Cash,Police,05-2025,Paid,Naseem,31/05/2025,Fixed Maintance,2097,,OpEx - Fixed,Expense,0,,,,,,,,TRUE
31/05/2025,Vegetables,338,Bank,shree Bhairavnath,05-2025,Paid,Bank,01/06/2025,Inventory,2098,,COGS - Veg,Expense,0,,,,,,,,TRUE
31/05/2025,Sales,2580,Cash,Petpooja,05-2025,,,,Sales,2099,,Revenue,Income,0,,,,,,,,TRUE
31/05/2025,Sales,389,Due,Thakur,05-2025,,,,Sales,2100,,Revenue,Income,0,,,,,,,,TRUE
31/05/2025,Sales,580,UPI,Petpooja,05-2025,,,,Sales,2101,,Revenue,Income,0,,,,,,,,TRUE
31/05/2025,Sales,24856,Wallet,Petpooja,05-2025,,,,Sales,2102,,Revenue,Income,0,,,,,,,,TRUE
31/05/2025,Sales,4005,Online Sale,Swiggy&zomato,05-2025,,,,Sales,2103,,Revenue,Income,0,,,,,,,,TRUE
31/05/2025,Tea,140,Bank_Cash,Staff,05-2025,Paid,Naseem,31/05/2025,Staff Expenses,2104,,OpEx - Labor,Expense,0,,,,,,,,TRUE
31/05/2025,Gas,1760,Bank,Sai Bharat,05-2025,Paid,Bank,02/06/2025,Fixed Maintance,2105,,OpEx - Utilities,Expense,0,,,,,,,,TRUE
01/06/2025,Dairy,1264,Bank,Adarsh Dairy,06-2025,Paid,Bank,16/07/2025,Inventory,2106,,COGS - Dairy,Expense,0,,,,,,,,TRUE
01/06/2025,Grocery,3415,Bank,Balaji,06-2025,Paid,Bank,04/06/2025,Inventory,2107,,COGS - Grocery,Expense,0,,,,,,,,TRUE
01/06/2025,Chicken,6575,Bank,Golden Chicken,06-2025,Paid,Bank,04/06/2025,Inventory,2108,,COGS - NonVeg,Expense,0,,,,,,,,TRUE
01/06/2025,Vegetables,670,Bank_Cash,Onion,06-2025,Paid,Naseem,01/06/2025,Inventory,2109,,COGS - Veg,Expense,0,,,,,,,,TRUE
01/06/2025,Stationary,100,Bank_Cash,News Paper,06-2025,Paid,Naseem,01/06/2025,Inventory,2110,,COGS - Inventory,Expense,0,,,,,,,,TRUE
01/06/2025,Bakery,350,Cash,Pita Bread,06-2025,Paid,Sameer,01/06/2025,Grocery,2111,,COGS - Grocery,Expense,0,,,,,,,,TRUE
01/06/2025,Electricity,20760,Bank,Electricity,06-2025,Unpaid,,,Fixed Maintance,2112,,OpEx - Utilities,Expense,0,,,,,,,,TRUE
01/06/2025,Vegetables,782,Bank_Cash,shree Bhairavnath,06-2025,Paid,Naseem,18/06/2025,Inventory,2113,,COGS - Veg,Expense,0,,,,,,,,TRUE
01/06/2025,Egg,535,Cash,Mulani,06-2025,Paid,,,Grocery,2114,,COGS - Grocery,Expense,0,,,,,,,,TRUE
01/06/2025,Restaurant New Inventory,1655,Bank,Restaurant New Inventory,06-2025,Paid,Bank,01/06/2025,New Inventory,2115,,OpEx - CapEx,Expense,0,,,,,,,,TRUE
01/06/2025,Petrol,310,Bank_Cash,Nasim Bhai,06-2025,Paid,Naseem,01/06/2025,Bike Maintance,2116,,OpEx - Maintenance,Expense,0,,,,,,,,TRUE
01/06/2025,Civil Work,340,Bank_Cash,Hardwear,06-2025,Paid,Naseem,01/06/2025,Maintance,2117,,OpEx - Maintenance,Expense,0,,,,,,,,TRUE
01/06/2025,Sales,2169,Cash,Petpooja,06-2025,,,,Sales,2118,,Revenue,Income,0,,,,,,,,TRUE
01/06/2025,Sales,1650,Card,Petpooja,06-2025,,,,Sales,2119,,Revenue,Income,0,,,,,,,,TRUE
01/06/2025,Sales,1710,UPI,Petpooja,06-2025,,,,Sales,2120,,Revenue,Income,0,,,,,,,,TRUE
01/06/2025,Sales,26482,Wallet,Petpooja,06-2025,,,,Sales,2121,,Revenue,Income,0,,,,,,,,TRUE
01/06/2025,Sales,2732,Online Sale,Swiggy&zomato,06-2025,,,,Sales,2122,,Revenue,Income,0,,,,,,,,TRUE
01/06/2025,Vegetables,24,Cash,Pudina,06-2025,Paid,Sameer,01/06/2025,Inventory,2123,,COGS - Veg,Expense,0,,,,,,,,TRUE
01/06/2025,Gas,1740,Bank,Sai Bharat,06-2025,Paid,Bank,13/06/2025,Fixed Maintance,2124,,OpEx - Utilities,Expense,0,,,,,,,,TRUE
01/06/2025,Tea,290,Bank_Cash,Staff,06-2025,Paid,Naseem,01/06/2025,Staff Expenses,2125,,OpEx - Labor,Expense,0,,,,,,,,TRUE
01/06/2025,Advance,100,Bank_Cash,Umesh sir,06-2025,Paid,Naseem,01/06/2025,Salary,2126,,OpEx - Labor,Expense,0,,,,,,,,TRUE
02/06/2025,Chicken,2401,Bank,Golden Chicken,06-2025,Paid,Bank,10/06/2025,Inventory,2127,,COGS - NonVeg,Expense,0,,,,,,,,TRUE
02/06/2025,Charcoal,1680,Bank,Gyanshewri,06-2025,Paid,Bank,02/06/2025,Inventory,2128,,COGS - Fuel,Expense,0,,,,,,,,TRUE
02/06/2025,Grocery,3384,Bank,Balaji,06-2025,Paid,Bank,10/06/2025,Inventory,2129,,COGS - Grocery,Expense,0,,,,,,,,TRUE
02/06/2025,Dairy,1477,Bank,Adarsh Dairy,06-2025,Paid,Bank,16/07/2025,Inventory,2130,,COGS - Dairy,Expense,0,,,,,,,,TRUE
02/06/2025,Bakery,105,Cash,Pita Bread,06-2025,Paid,Sameer,02/06/2025,Grocery,2131,,COGS - Grocery,Expense,0,,,,,,,,TRUE
02/06/2025,Dairy,800,Bank_Cash,Soyachaap & Paratha,06-2025,Paid,Naseem,02/06/2025,Inventory,2132,,COGS - Dairy,Expense,0,,,,,,,,TRUE
02/06/2025,Maintenance,250,Bank_Cash,Hardwear,06-2025,Paid,Naseem,02/06/2025,Maintance,2133,,OpEx - Maintenance,Expense,0,,,,,,,,TRUE
02/06/2025,Vegetables,310,Bank_Cash,shree Bhairavnath,06-2025,Paid,Naseem,18/06/2025,Inventory,2134,,COGS - Veg,Expense,0,,,,,,,,TRUE
02/06/2025,Water 20 Ltrs,2100,Bank,Water 20 Ltrs,06-2025,Paid,Bank,02/06/2025,Inventory,2135,,COGS - Utilities,Expense,0,,,,,,,,TRUE
02/06/2025,Civil Work,3500,Bank,Civil Work,06-2025,Paid,Shakil,02/06/2025,Maintance,2136,,OpEx - Maintenance,Expense,0,,,,,,,,TRUE
02/06/2025,Sales,2319,Cash,Petpooja,06-2025,,,,Sales,2137,,Revenue,Income,0,,,,,,,,TRUE
02/06/2025,Sales,915,Card,Petpooja,06-2025,,,,Sales,2138,,Revenue,Income,0,,,,,,,,TRUE
02/06/2025,Sales,150,UPI,Petpooja,06-2025,,,,Sales,2139,,Revenue,Income,0,,,,,,,,TRUE
02/06/2025,Sales,10305,Wallet,Petpooja,06-2025,,,,Sales,2140,,Revenue,Income,0,,,,,,,,TRUE
02/06/2025,Sales,820,Zomato Pay,Petpooja,06-2025,,,,Sales,2141,,Revenue,Income,0,,,,,,,,TRUE
02/06/2025,Sales,2777,Online Sale,Swiggy&zomato,06-2025,,,,Sales,2142,,Revenue,Income,0,,,,,,,,TRUE
02/06/2025,Police,2000,Bank_Cash,Police,06-2025,Paid,Naseem,02/06/2025,Fixed Maintance,2143,,OpEx - Fixed,Expense,0,,,,,,,,TRUE
02/06/2025,Kinners,14,Cash,Kinners,06-2025,Paid,Sameer,02/06/2025,Maintance,2144,,OpEx - Misc,Expense,0,,,,,,,,TRUE
02/06/2025,Tea,150,Bank_Cash,Staff,06-2025,Paid,Naseem,02/06/2025,Staff Expenses,2145,,OpEx - Labor,Expense,0,,,,,,,,TRUE
03/06/2025,Grocery,655,Bank,Balaji,06-2025,Paid,Bank,10/06/2025,Inventory,2146,,COGS - Grocery,Expense,0,,,,,,,,TRUE
03/06/2025,Dairy,551,Bank,Adarsh Dairy,06-2025,Paid,Bank,16/07/2025,Inventory,2147,,COGS - Dairy,Expense,0,,,,,,,,TRUE
03/06/2025,Chicken,4818,Bank,Golden Chicken,06-2025,Paid,Bank,10/06/2025,Inventory,2148,,COGS - NonVeg,Expense,0,,,,,,,,TRUE
03/06/2025,Bakery,210,Cash,Pita Bread,06-2025,Paid,Sameer,03/06/2025,Grocery,2149,,COGS - Grocery,Expense,0,,,,,,,,TRUE
03/06/2025,Advance,1200,Bank_Cash,Sameer,06-2025,Paid,Naseem,03/06/2025,Salary,2150,,OpEx - Labor,Expense,0,,,,,,,,TRUE
03/06/2025,Vegetables,580,Bank_Cash,shree Bhairavnath,06-2025,Paid,Naseem,18/06/2025,Inventory,2151,,COGS - Veg,Expense,0,,,,,,,,TRUE
03/06/2025,Momos,210,Bank_Cash,Mount,06-2025,Paid,Naseem,03/06/2025,Inventory,2152,,COGS - Inventory,Expense,0,,,,,,,,TRUE
03/06/2025,Sales,1140,Cash,Petpooja,06-2025,,,,Sales,2153,,Revenue,Income,0,,,,,,,,TRUE
03/06/2025,Sales,320,Card,Petpooja,06-2025,,,,Sales,2154,,Revenue,Income,0,,,,,,,,TRUE
03/06/2025,Sales,245,UPI,Petpooja,06-2025,,,,Sales,2155,,Revenue,Income,0,,,,,,,,TRUE
03/06/2025,Sales,13548,Wallet,Petpooja,06-2025,,,,Sales,2156,,Revenue,Income,0,,,,,,,,TRUE
03/06/2025,Sales,2255,Online Sale,Swiggy&zomato,06-2025,,,,Sales,2157,,Revenue,Income,0,,,,,,,,TRUE
03/06/2025,Civil Work,150,Bank_Cash,Civil Work,06-2025,Paid,Naseem,03/06/2025,Maintance,2158,,OpEx - Maintenance,Expense,0,,,,,,,,TRUE
03/06/2025,Restaurant New Inventory,60,Bank_Cash,Aux ,06-2025,Paid,Naseem,03/06/2025,New Inventory,2159,,OpEx - CapEx,Expense,0,,,,,,,,TRUE
03/06/2025,Tea,150,Bank_Cash,staff,06-2025,Paid,Naseem,03/06/2025,Staff Expenses,2160,,OpEx - Labor,Expense,0,,,,,,,,TRUE
03/06/2025,Kinners,10,Cash,Kinners,06-2025,Paid,Sameer,03/06/2025,Maintance,2161,,OpEx - Misc,Expense,0,,,,,,,,TRUE
04/06/2025,Chicken,1546,Bank,Golden Chicken,06-2025,Paid,Bank,10/06/2025,Inventory,2162,,COGS - NonVeg,Expense,0,,,,,,,,TRUE
04/06/2025,Charcoal,840,Bank,Gyanshewri,06-2025,Paid,Bank,17/06/2025,Inventory,2163,,COGS - Fuel,Expense,0,,,,,,,,TRUE
04/06/2025,Grocery,2811,Bank,Balaji,06-2025,Paid,Bank,10/06/2025,Inventory,2164,,COGS - Grocery,Expense,0,,,,,,,,TRUE
04/06/2025,Grocery,110,Bank_Cash,Noodles,06-2025,Paid,Naseem,04/06/2025,Inventory,2165,,COGS - Grocery,Expense,0,,,,,,,,TRUE
04/06/2025,Advance,2000,Bank,Khenya,06-2025,Paid,Shakil,04/06/2025,Salary,2166,,OpEx - Labor,Expense,0,,,,,,,,TRUE
04/06/2025,Advance,4000,Bank,Ram Kumar,06-2025,Paid,Shakil,04/06/2025,Salary,2167,,OpEx - Labor,Expense,0,,,,,,,,TRUE
04/06/2025,Advance,3000,Bank,Mukesh Kumar,06-2025,Paid,Shakil,04/06/2025,Salary,2168,,OpEx - Labor,Expense,0,,,,,,,,TRUE
04/06/2025,Advance,500,Bank_Cash,Vijay,06-2025,Paid,Naseem,04/06/2025,Salary,2169,,OpEx - Labor,Expense,0,,,,,,,,TRUE
04/06/2025,Advance,100,Cash,Rahman,06-2025,Paid,Sameer,04/06/2025,Salary,2170,,OpEx - Labor,Expense,0,,,,,,,,TRUE
04/06/2025,Vegetables,30,Cash,Pudina,06-2025,Paid,Sameer,04/06/2025,Inventory,2171,,COGS - Veg,Expense,0,,,,,,,,TRUE
04/06/2025,Tea,145,Bank_Cash,staff,06-2025,Paid,Naseem,04/06/2025,Staff Expenses,2172,,OpEx - Labor,Expense,0,,,,,,,,TRUE
04/06/2025,Medical,115,Bank_Cash,Medician,06-2025,Paid,Naseem,04/06/2025,Staff Expenses,2173,,OpEx - Labor,Expense,0,,,,,,,,TRUE
04/06/2025,Dairy,1014,Bank,Adarsh Dairy,06-2025,Paid,Bank,16/07/2025,Inventory,2174,,COGS - Dairy,Expense,0,,,,,,,,TRUE
04/06/2025,Vegetables,420,Bank_Cash,shree Bhairavnath,06-2025,Paid,Naseem,18/06/2025,Inventory,2175,,COGS - Veg,Expense,0,,,,,,,,TRUE
04/06/2025,Vegetables,670,Bank_Cash,Onion,06-2025,Paid,Naseem,04/06/2025,Inventory,2176,,COGS - Veg,Expense,0,,,,,,,,TRUE
04/06/2025,Sales,3900,Cash,Petpooja,06-2025,,,,Sales,2177,,Revenue,Income,0,,,,,,,,TRUE
04/06/2025,Sales,230,Card,Petpooja,06-2025,,,,Sales,2178,,Revenue,Income,0,,,,,,,,TRUE
04/06/2025,Sales,1534,UPI,Petpooja,06-2025,,,,Sales,2179,,Revenue,Income,0,,,,,,,,TRUE
04/06/2025,Sales,12782,Wallet,Petpooja,06-2025,,,,Sales,2180,,Revenue,Income,0,,,,,,,,TRUE
04/06/2025,Sales,2773,Online Sale,Swiggy&zomato,06-2025,,,,Sales,2181,,Revenue,Income,0,,,,,,,,TRUE
05/06/2025,Vegetables,418,Bank_Cash,shree Bhairavnath,06-2025,Paid,Naseem,18/06/2025,Inventory,2182,,COGS - Veg,Expense,0,,,,,,,,TRUE
05/06/2025,Mutton,2220,Bank_Cash,A1,06-2025,Paid,Naseem,05/06/2025,Inventory,2183,,COGS - NonVeg,Expense,0,,,,,,,,TRUE
05/06/2025,Petrol,310,Bank_Cash,Nasim Bhai,06-2025,Paid,Naseem,05/06/2025,Bike Maintance,2184,,OpEx - Maintenance,Expense,0,,,,,,,,TRUE
05/06/2025,Dairy,888,Bank,Adarsh Dairy,06-2025,Paid,Bank,16/07/2025,Inventory,2185,,COGS - Dairy,Expense,0,,,,,,,,TRUE
05/06/2025,Chicken,5777,Bank,Golden Chicken,06-2025,Paid,Bank,10/06/2025,Inventory,2186,,COGS - NonVeg,Expense,0,,,,,,,,TRUE
05/06/2025,Hotel Commision,1370,Bank,Cornet,06-2025,Paid,Bank,04/06/2025,Fixed Maintance,2187,,OpEx - Admin,Expense,0,,,,,,,,TRUE
05/06/2025,Grocery,2200,Bank,Balaji,06-2025,Paid,Bank,10/06/2025,Inventory,2188,,COGS - Grocery,Expense,0,,,,,,,,TRUE
05/06/2025,Bakery,350,Cash,Pita Bread,06-2025,Paid,Naseem,05/06/2025,Grocery,2189,,COGS - Grocery,Expense,0,,,,,,,,TRUE
05/06/2025,Beverages,1200,Cash,Water Bottel,06-2025,Paid,Sameer,05/06/2025,Grocery,2190,,COGS - Grocery,Expense,0,,,,,,,,TRUE
05/06/2025,Gas,1740,Bank,Sai Bharat,06-2025,Paid,Bank,13/06/2025,Fixed Maintance,2191,,OpEx - Utilities,Expense,0,,,,,,,,TRUE
05/06/2025,Garbage Vehicle,1400,Bank,Garbage Vehicle,06-2025,Paid,Shakil,02/06/2025,Fixed Maintance,2192,,OpEx - Maintenance,Expense,0,,,,,,,,TRUE
05/06/2025,Maintenance,2000,Bank,Chamber Clean,06-2025,Paid,Shakil,05/06/2025,Maintance,2193,,OpEx - Maintenance,Expense,0,,,,,,,,TRUE
05/06/2025,Sales,3230,Cash,Petpooja,06-2025,,,,Sales,2194,,Revenue,Income,0,,,,,,,,TRUE
05/06/2025,Sales,430,Card,Petpooja,06-2025,,,,Sales,2195,,Revenue,Income,0,,,,,,,,TRUE
05/06/2025,Sales,1540,UPI,Petpooja,06-2025,,,,Sales,2196,,Revenue,Income,0,,,,,,,,TRUE
05/06/2025,Sales,22272,Wallet,Petpooja,06-2025,,,,Sales,2197,,Revenue,Income,0,,,,,,,,TRUE
05/06/2025,Sales,1570,Online Sale,Swiggy&zomato,06-2025,,,,Sales,2198,,Revenue,Income,0,,,,,,,,TRUE
05/06/2025,Tea,150,Bank_Cash,staff,06-2025,Paid,Naseem,05/06/2025,Staff Expenses,2199,,OpEx - Labor,Expense,0,,,,,,,,TRUE
05/06/2025,Vegetables,60,Bank_Cash,Papaya,06-2025,Paid,Naseem,05/06/2025,Inventory,2200,,COGS - Veg,Expense,0,,,,,,,,TRUE
05/06/2025,Sales,260,Due,Talib Bhai,06-2025,,,,Sales,2201,,Revenue,Income,0,,,,,,,,TRUE
05/06/2025,Kinners,20,Cash,Kinners,06-2025,Paid,Sameer,05/06/2025,Maintance,2202,,OpEx - Misc,Expense,0,,,,,,,,TRUE
06/06/2025,Charcoal,840,Bank,Gyanshewri,06-2025,Paid,Bank,17/06/2025,Inventory,2203,,COGS - Fuel,Expense,0,,,,,,,,TRUE
06/06/2025,Grocery,5790,Bank,Balaji,06-2025,Paid,Bank,13/06/2025,Inventory,2204,,COGS - Grocery,Expense,0,,,,,,,,TRUE
06/06/2025,Chicken,7183,Bank,Golden Chicken,06-2025,Paid,Bank,10/06/2025,Inventory,2205,,COGS - NonVeg,Expense,0,,,,,,,,TRUE
06/06/2025,Vegetables,120,Bank_Cash,Papaya & Spring Onion,06-2025,Paid,Naseem,05/06/2025,Inventory,2206,,COGS - Veg,Expense,0,,,,,,,,TRUE
06/06/2025,Grocery,700,Bank_Cash,Barista,06-2025,Paid,Naseem,05/06/2025,Inventory,2207,,COGS - Grocery,Expense,0,,,,,,,,TRUE
06/06/2025,Disposable,3340,Bank,Anand,06-2025,Paid,Bank,29/06/2025,Inventory,2208,,COGS - Packaging,Expense,0,,,,,,,,TRUE
06/06/2025,Dairy,1002,Bank,Adarsh Dairy,06-2025,Paid,Bank,16/07/2025,Inventory,2209,,COGS - Dairy,Expense,0,,,,,,,,TRUE
06/06/2025,Bakery,350,Cash,Pita Bread,06-2025,Paid,Sameer,06/06/2025,Grocery,2210,,COGS - Grocery,Expense,0,,,,,,,,TRUE
06/06/2025,Vegetables,792,Bank_Cash,shree Bhairavnath,06-2025,Paid,Naseem,18/06/2025,Inventory,2211,,COGS - Veg,Expense,0,,,,,,,,TRUE
06/06/2025,Advance,1200,Cash,Abid Salary,06-2025,Paid,Sameer,06/06/2025,Salary,2212,,OpEx - Labor,Expense,0,,,,,,,,TRUE
06/06/2025,Egg,1070,Cash,Mulani,06-2025,Paid,Sameer,06/06/2025,Grocery,2213,,COGS - Grocery,Expense,0,,,,,,,,TRUE
06/06/2025,Advance,6000,Bank,Laxmi Bai Salary,06-2025,Paid,Naseem,06/06/2025,Salary,2214,,OpEx - Labor,Expense,0,,,,,,,,TRUE
06/06/2025,Sales,2865,Cash,Petpooja,06-2025,,,,Sales,2215,,Revenue,Income,0,,,,,,,,TRUE
06/06/2025,Sales,1565,Card,Petpooja,06-2025,,,,Sales,2216,,Revenue,Income,0,,,,,,,,TRUE
06/06/2025,Sales,1740,UPI,Petpooja,06-2025,,,,Sales,2217,,Revenue,Income,0,,,,,,,,TRUE
06/06/2025,Sales,15048,Wallet,Petpooja,06-2025,,,,Sales,2218,,Revenue,Income,0,,,,,,,,TRUE
06/06/2025,Sales,6497,Online Sale,Swiggy&zomato,06-2025,,,,Sales,2219,,Revenue,Income,0,,,,,,,,TRUE
06/06/2025,Tea,125,Bank_Cash,staff,06-2025,Paid,Naseem,06/06/2025,Staff Expenses,2220,,OpEx - Labor,Expense,0,,,,,,,,TRUE
06/06/2025,Vegetables,100,Bank_Cash,Papaya,06-2025,Paid,Naseem,06/06/2025,Inventory,2221,,COGS - Veg,Expense,0,,,,,,,,TRUE
07/06/2025,Beverages,4095,Bank,Cold Drinks,06-2025,Paid,Shakil,07/06/2025,Grocery,2222,,COGS - Grocery,Expense,0,,,,,,,,TRUE
07/06/2025,Grocery,4985,Bank,Balaji,06-2025,Paid,Bank,13/06/2025,Inventory,2223,,COGS - Grocery,Expense,0,,,,,,,,TRUE
07/06/2025,Charcoal,1680,Bank,gyanshewri,06-2025,Paid,Bank,17/06/2025,Inventory,2224,,COGS - Fuel,Expense,0,,,,,,,,TRUE
07/06/2025,Dairy,828,Bank,Adarsh Dairy,06-2025,Paid,Bank,16/07/2025,Inventory,2225,,COGS - Dairy,Expense,0,,,,,,,,TRUE
07/06/2025,Chicken,2393,Bank,Golden Chicken,06-2025,Paid,Bank,18/06/2025,Inventory,2226,,COGS - NonVeg,Expense,0,,,,,,,,TRUE
07/06/2025,Gas,1740,Bank,Sai Bharat,06-2025,Paid,Bank,13/06/2025,Fixed Maintance,2227,,OpEx - Utilities,Expense,0,,,,,,,,TRUE
07/06/2025,Vegetables,420,Bank_Cash,shree Bhairavnath,06-2025,Paid,Naseem,18/06/2025,Inventory,2228,,COGS - Veg,Expense,0,,,,,,,,TRUE
07/06/2025,Petrol,310,Bank_Cash,Nasim Bhai,06-2025,Paid,Naseem,07/06/2025,Bike Maintance,2229,,OpEx - Maintenance,Expense,0,,,,,,,,TRUE
07/06/2025,Sales,1610,Cash,Petpooja,06-2025,,,,Sales,2230,,Revenue,Income,0,,,,,,,,TRUE
07/06/2025,Sales,520,Card,Petpooja,06-2025,,,,Sales,2231,,Revenue,Income,0,,,,,,,,TRUE
07/06/2025,Sales,770,UPI,Petpooja,06-2025,,,,Sales,2232,,Revenue,Income,0,,,,,,,,TRUE
07/06/2025,Sales,16528,Wallet,Petpooja,06-2025,,,,Sales,2233,,Revenue,Income,0,,,,,,,,TRUE
07/06/2025,Sales,1660,Zomato Pay,Petpooja,06-2025,,,,Sales,2234,,Revenue,Income,0,,,,,,,,TRUE
07/06/2025,Sales,3497,Online Sale,Swiggy&zomato,06-2025,,,,Sales,2235,,Revenue,Income,0,,,,,,,,TRUE
07/06/2025,Tea,100,Cash,staff,06-2025,Paid,Naseem,07/06/2025,Staff Expenses,2236,,OpEx - Labor,Expense,0,,,,,,,,TRUE
08/06/2025,Dairy,1036,Bank,Adarsh Dairy,06-2025,Paid,Bank,16/07/2025,Inventory,2237,,COGS - Dairy,Expense,0,,,,,,,,TRUE
08/06/2025,Chicken,4726,Bank,Golden Chicken,06-2025,Paid,Bank,13/06/2025,Inventory,2238,,COGS - NonVeg,Expense,0,,,,,,,,TRUE
08/06/2025,Grocery,2971,Bank,Balaji,06-2025,Paid,Bank,18/06/2025,Inventory,2239,,COGS - Grocery,Expense,0,,,,,,,,TRUE
08/06/2025,Restaurant New Inventory,650,Bank_Cash,Door Mate ,06-2025,Paid,Naseem,08/06/2025,New Inventory,2240,,OpEx - CapEx,Expense,0,,,,,,,,TRUE
08/06/2025,Dairy,540,Bank_Cash,Soyachaap & Paratha,06-2025,Paid,Naseem,08/06/2025,Inventory,2241,,COGS - Dairy,Expense,0,,,,,,,,TRUE
08/06/2025,Advance,170,Cash,Porter For Golden Chicken,06-2025,Paid,Sameer,08/06/2025,Salary,2242,,OpEx - Labor,Expense,0,,,,,,,,TRUE
08/06/2025,Bakery,350,Cash,Pita Bread,06-2025,Paid,Sameer,08/06/2025,Grocery,2243,,COGS - Grocery,Expense,0,,,,,,,,TRUE
08/06/2025,Momos,210,Bank_Cash,Mount,06-2025,Paid,Naseem,08/06/2025,Inventory,2244,,COGS - Inventory,Expense,0,,,,,,,,TRUE
08/06/2025,Maintenance,50,Bank_Cash,Hardwear,06-2025,Paid,Naseem,08/06/2025,Maintance,2245,,OpEx - Maintenance,Expense,0,,,,,,,,TRUE
08/06/2025,Vegetables,373,Bank_Cash,shree Bhairavnath,06-2025,Paid,Naseem,18/06/2025,Inventory,2246,,COGS - Veg,Expense,0,,,,,,,,TRUE
08/06/2025,Gas,3480,Bank,Sai Bharat,06-2025,Paid,Bank,13/06/2025,Fixed Maintance,2247,,OpEx - Utilities,Expense,0,,,,,,,,TRUE
08/06/2025,Sales,2381,Cash,Petpooja,06-2025,,,,Sales,2248,,Revenue,Income,0,,,,,,,,TRUE
08/06/2025,Sales,410,Card,Petpooja,06-2025,,,,Sales,2249,,Revenue,Income,0,,,,,,,,TRUE
08/06/2025,Sales,750,UPI,Petpooja,06-2025,,,,Sales,2250,,Revenue,Income,0,,,,,,,,TRUE
08/06/2025,Sales,19753,Wallet,Petpooja,06-2025,,,,Sales,2251,,Revenue,Income,0,,,,,,,,TRUE
08/06/2025,Sales,3775,Online Sale,Swiggy&zomato,06-2025,,,,Sales,2252,,Revenue,Income,0,,,,,,,,TRUE
08/06/2025,Petrol,1090,Bank_Cash,Shakil Sir,06-2025,Paid,Naseem,08/06/2025,Bike Maintance,2253,,OpEx - Maintenance,Expense,0,,,,,,,,TRUE
08/06/2025,Tea,160,Bank_Cash,staff,06-2025,Paid,Naseem,08/06/2025,Staff Expenses,2254,,OpEx - Labor,Expense,0,,,,,,,,TRUE
08/06/2025,Kinners,11,Cash,Kinners,06-2025,Paid,Sameer,08/06/2025,Maintance,2255,,OpEx - Misc,Expense,0,,,,,,,,TRUE
09/06/2025,Grocery,110,Cash,Noodles,06-2025,Paid,Sameer,09/06/2025,Inventory,2256,,COGS - Grocery,Expense,0,,,,,,,,TRUE
09/06/2025,Chicken,4463,Bank,Golden Chicken,06-2025,Paid,Bank,13/06/2025,Inventory,2257,,COGS - NonVeg,Expense,0,,,,,,,,TRUE
09/06/2025,Charcoal,840,Bank,gyanshewri,06-2025,Paid,Bank,17/06/2025,Inventory,2258,,COGS - Fuel,Expense,0,,,,,,,,TRUE
09/06/2025,Dairy,652,Bank,Adarsh Dairy,06-2025,Paid,Bank,16/07/2025,Inventory,2259,,COGS - Dairy,Expense,0,,,,,,,,TRUE
09/06/2025,Grocery,217,Bank,Balaji,06-2025,Paid,Bank,18/06/2025,Inventory,2260,,COGS - Grocery,Expense,0,,,,,,,,TRUE
09/06/2025,Bakery,210,Cash,Pita Bread,06-2025,Paid,,09/06/2025,Grocery,2261,,COGS - Grocery,Expense,0,,,,,,,,TRUE
09/06/2025,Vegetables,840,Bank_Cash,shree Bhairavnath,06-2025,Paid,Naseem,18/06/2025,Inventory,2262,,COGS - Veg,Expense,0,,,,,,,,TRUE
09/06/2025,Sales,1795,Cash,Petpooja,06-2025,,,,Sales,2263,,Revenue,Income,0,,,,,,,,TRUE
09/06/2025,Sales,799,Card,Petpooja,06-2025,,,,Sales,2264,,Revenue,Income,0,,,,,,,,TRUE
09/06/2025,Sales,320,UPI,Petpooja,06-2025,,,,Sales,2265,,Revenue,Income,0,,,,,,,,TRUE
09/06/2025,Sales,11325,Wallet,Petpooja,06-2025,,,,Sales,2266,,Revenue,Income,0,,,,,,,,TRUE
09/06/2025,Sales,554,Online Sale,Swiggy&zomato,06-2025,,,,Sales,2267,,Revenue,Income,0,,,,,,,,TRUE
09/06/2025,Maintenance,60,Cash,Aux ,06-2025,Paid,Sameer,09/06/2025,Maintance,2268,,OpEx - Maintenance,Expense,0,,,,,,,,TRUE
09/06/2025,Tea,115,Cash,staff,06-2025,Paid,Sameer,09/06/2025,Staff Expenses,2269,,OpEx - Labor,Expense,0,,,,,,,,TRUE
10/06/2025,Dairy,1215,Bank,Adarsh Dairy,06-2025,Paid,Bank,16/07/2025,Inventory,2270,,COGS - Dairy,Expense,0,,,,,,,,TRUE
10/06/2025,Chicken,2370,Bank,Golden Chicken,06-2025,Paid,Bank,13/06/2025,Inventory,2271,,COGS - NonVeg,Expense,0,,,,,,,,TRUE
10/06/2025,Grocery,2061,Bank,Balaji,06-2025,Paid,Bank,18/06/2025,Inventory,2272,,COGS - Grocery,Expense,0,,,,,,,,TRUE
10/06/2025,Grocery,650,Bank_Cash,Chaat Masala,06-2025,Paid,Naseem,10/06/2025,Inventory,2273,,COGS - Grocery,Expense,0,,,,,,,,TRUE
10/06/2025,Beverages,1200,Bank,Water Bottel,06-2025,Paid,Shakil,10/06/2025,Grocery,2274,,COGS - Grocery,Expense,0,,,,,,,,TRUE
10/06/2025,Civil Work,700,Bank_Cash,Civil Work,06-2025,Paid,Naseem,10/06/2025,Maintance,2275,,OpEx - Maintenance,Expense,0,,,,,,,,TRUE
10/06/2025,Vegetables,620,Bank_Cash,Onion,06-2025,Paid,Naseem,10/06/2025,Inventory,2276,,COGS - Veg,Expense,0,,,,,,,,TRUE
10/06/2025,Maintenance,350,Bank_Cash,Hardwear,06-2025,Paid,Naseem,10/06/2025,Maintance,2277,,OpEx - Maintenance,Expense,0,,,,,,,,TRUE
10/06/2025,Vegetables,344,Bank_Cash,shree Bhairavnath,06-2025,Paid,Naseem,18/06/2025,Inventory,2278,,COGS - Veg,Expense,0,,,,,,,,TRUE
10/06/2025,Sales,3179,Cash,Petpooja,06-2025,,,,Sales,2279,,Revenue,Income,0,,,,,,,,TRUE
10/06/2025,Sales,13949,Bank,Petpooja,06-2025,,,,Sales,2280,,Revenue,Income,0,,,,,,,,TRUE
10/06/2025,Sales,830,Zomato Pay,Petpooja,06-2025,,,,Sales,2281,,Revenue,Income,0,,,,,,,,TRUE
10/06/2025,Sales,1362,Online Sale,Swiggy&zomato,06-2025,,,,Sales,2282,,Revenue,Income,0,,,,,,,,TRUE
10/06/2025,Tea,140,Bank_Cash,staff,06-2025,Paid,Naseem,10/06/2025,Staff Expenses,2283,,OpEx - Labor,Expense,0,,,,,,,,TRUE
10/06/2025,Sales,260,UPI,Due Payment Talib Bhai,06-2025,,,,Sales,2284,,Revenue,Income,0,,,,,,,,TRUE
10/06/2025,Kinners,19,Cash,Kinners,06-2025,Paid,Sameer,10/06/2025,Maintance,2285,,OpEx - Misc,Expense,0,,,,,,,,TRUE
11/06/2025,Dairy,902,Bank,Adarsh Dairy,06-2025,Paid,Bank,22/07/2025,Inventory,2286,,COGS - Dairy,Expense,0,,,,,,,,TRUE
11/06/2025,Chicken,4769,Bank,Golden Chicken,06-2025,Paid,Bank,18/06/2025,Inventory,2287,,COGS - NonVeg,Expense,0,,,,,,,,TRUE
11/06/2025,Charcoal,1680,Bank,gyanshewri,06-2025,Paid,Bank,17/06/2025,Inventory,2288,,COGS - Fuel,Expense,0,,,,,,,,TRUE
11/06/2025,Grocery,1029,Bank,Balaji,06-2025,Paid,Bank,18/06/2025,Inventory,2289,,COGS - Grocery,Expense,0,,,,,,,,TRUE
11/06/2025,Mutton,2220,Bank_Cash,A1,06-2025,Paid,Naseem,11/06/2025,Inventory,2290,,COGS - NonVeg,Expense,0,,,,,,,,TRUE
11/06/2025,Bakery,210,Cash,Pita Bread,06-2025,Paid,Sameer,,Grocery,2291,,COGS - Grocery,Expense,0,,,,,,,,TRUE
11/06/2025,Vegetables,80,Bank_Cash,papaya,06-2025,Paid,Naseem,11/06/2025,Inventory,2292,,COGS - Veg,Expense,0,,,,,,,,TRUE
11/06/2025,Electric Work,3850,Bank,Electric Work,06-2025,Paid,Bank,11/06/2025,Maintance,2293,,OpEx - Maintenance,Expense,0,,,,,,,,TRUE
11/06/2025,Sales,1992,Cash,Petpooja,06-2025,,,,Sales,2294,,Revenue,Income,0,,,,,,,,TRUE
11/06/2025,Sales,2360,Card,Petpooja,06-2025,,,,Sales,2295,,Revenue,Income,0,,,,,,,,TRUE
11/06/2025,Sales,460,UPI,Petpooja,06-2025,,,,Sales,2296,,Revenue,Income,0,,,,,,,,TRUE
11/06/2025,Sales,12040,Wallet,Petpooja,06-2025,,,,Sales,2297,,Revenue,Income,0,,,,,,,,TRUE
11/06/2025,Sales,1230,Zomato Pay,Petpooja,06-2025,,,,Sales,2298,,Revenue,Income,0,,,,,,,,TRUE
11/06/2025,Sales,4154,Online Sale,Swiggy&zomato,06-2025,,,,Sales,2299,,Revenue,Income,0,,,,,,,,TRUE
11/06/2025,Tea,232,Bank_Cash,staff,06-2025,Paid,Naseem,11/06/2025,Staff Expenses,2300,,OpEx - Labor,Expense,0,,,,,,,,TRUE
11/06/2025,Vegetables,493,Bank,shree Bhairavnath,06-2025,Paid,Bank,01/07/2025,Inventory,2301,,COGS - Veg,Expense,0,,,,,,,,TRUE
12/06/2025,Dairy,1212,Bank,Adarsh Dairy,06-2025,Paid,Bank,22/07/2025,Inventory,2302,,COGS - Dairy,Expense,0,,,,,,,,TRUE
12/06/2025,Chicken,2656,Bank,Golden Chicken,06-2025,Paid,Bank,18/06/2025,Inventory,2303,,COGS - NonVeg,Expense,0,,,,,,,,TRUE
12/06/2025,Grocery,5624,Bank,Balaji,06-2025,Paid,Bank,18/06/2025,Inventory,2304,,COGS - Grocery,Expense,0,,,,,,,,TRUE
12/06/2025,Disposable,8000,Bank,Anand,06-2025,Paid,Bank,07/07/2025,Inventory,2305,,COGS - Packaging,Expense,0,,,,,,,,TRUE
12/06/2025,Egg,915,Cash,Mulani,06-2025,Paid,Sameer,12/06/2025,Grocery,2306,,COGS - Grocery,Expense,0,,,,,,,,TRUE
12/06/2025,Sales,4055,Cash,Petpooja,06-2025,,,,Sales,2307,,Revenue,Income,0,,,,,,,,TRUE
12/06/2025,Sales,1165,Card,Petpooja,06-2025,,,,Sales,2308,,Revenue,Income,0,,,,,,,,TRUE
12/06/2025,Sales,420,UPI,Petpooja,06-2025,,,,Sales,2309,,Revenue,Income,0,,,,,,,,TRUE
12/06/2025,Sales,8805,Wallet,Petpooja,06-2025,,,,Sales,2310,,Revenue,Income,0,,,,,,,,TRUE
12/06/2025,Sales,2820,Online Sale,Swiggy&zomato,06-2025,,,,Sales,2311,,Revenue,Income,0,,,,,,,,TRUE
12/06/2025,Tea,160,Bank_Cash,staff,06-2025,Paid,Naseem,12/06/2025,Staff Expenses,2312,,OpEx - Labor,Expense,0,,,,,,,,TRUE
12/06/2025,Maintenance,330,Bank_Cash,Hardwear,06-2025,Paid,Naseem,12/06/2025,Maintance,2313,,OpEx - Maintenance,Expense,0,,,,,,,,TRUE
12/06/2025,Vegetables,366,Bank,shree Bhairavnath,06-2025,Paid,Bank,01/07/2025,Inventory,2314,,COGS - Veg,Expense,0,,,,,,,,TRUE
12/06/2025,Advance,300,Bank_Cash,Vijay,06-2025,Paid,Naseem,12/06/2025,Salary,2315,,OpEx - Labor,Expense,0,,,,,,,,TRUE
13/06/2025,Chicken,3392,Bank,Golden Chicken,06-2025,Paid,Bank,18/06/2025,Inventory,2316,,COGS - NonVeg,Expense,0,,,,,,,,TRUE
13/06/2025,Charcoal,1680,Bank,gyanshewri,06-2025,Paid,Bank,17/06/2025,Inventory,2317,,COGS - Fuel,Expense,0,,,,,,,,TRUE
13/06/2025,Dairy,725,Bank,Adarsh Dairy,06-2025,Paid,Bank,22/07/2025,Inventory,2318,,COGS - Dairy,Expense,0,,,,,,,,TRUE
13/06/2025,Grocery,1941,Bank,Balaji,06-2025,Paid,Bank,25/06/2025,Inventory,2319,,COGS - Grocery,Expense,0,,,,,,,,TRUE
13/06/2025,Grocery,110,Cash,Noodles,06-2025,Paid,Sameer,13/06/2025,Inventory,2320,,COGS - Grocery,Expense,0,,,,,,,,TRUE
13/06/2025,Bakery,210,Cash,Pita Bread,06-2025,Paid,Sameer,13/06/2025,Grocery,2321,,COGS - Grocery,Expense,0,,,,,,,,TRUE
13/06/2025,Beverages,1200,Bank_Cash,Water Bottel,06-2025,Paid,Naseem,13/06/2025,Grocery,2322,,COGS - Grocery,Expense,0,,,,,,,,TRUE
13/06/2025,Vegetables,273,Bank,shree Bhairavnath,06-2025,Paid,Bank,01/07/2025,Inventory,2323,,COGS - Veg,Expense,0,,,,,,,,TRUE
13/06/2025,Petrol,310,Bank_Cash,Nasim Bhai,06-2025,Paid,Naseem,13/06/2025,Bike Maintance,2324,,OpEx - Maintenance,Expense,0,,,,,,,,TRUE
13/06/2025,Mutton,400,Bank_Cash,A1,06-2025,Paid,Naseem,13/06/2025,Inventory,2325,,COGS - NonVeg,Expense,0,,,,,,,,TRUE
13/06/2025,Petrol,400,Bank_Cash,Shakil Sir,06-2025,Paid,Naseem,13/06/2025,Bike Maintance,2326,,OpEx - Maintenance,Expense,0,,,,,,,,TRUE
13/06/2025,Sales,1420,Cash,Petpooja,06-2025,,,,Sales,2327,,Revenue,Income,0,,,,,,,,TRUE
13/06/2025,Sales,1790,UPI,Petpooja,06-2025,,,,Sales,2328,,Revenue,Income,0,,,,,,,,TRUE
13/06/2025,Sales,14970,Wallet,Petpooja,06-2025,,,,Sales,2329,,Revenue,Income,0,,,,,,,,TRUE
13/06/2025,Sales,1256,Online Sale,Swiggy&zomato,06-2025,,,,Sales,2330,,Revenue,Income,0,,,,,,,,TRUE
13/06/2025,Tea,140,Bank_Cash,staff,06-2025,Paid,Naseem,13/06/2025,Staff Expenses,2331,,OpEx - Labor,Expense,0,,,,,,,,TRUE
14/06/2025,Dairy,615,Bank,Adarsh Dairy,06-2025,Paid,Bank,22/07/2025,Inventory,2332,,COGS - Dairy,Expense,0,,,,,,,,TRUE
14/06/2025,Chicken,3141,Bank,Golden Chicken,06-2025,Paid,Bank,18/06/2025,Inventory,2333,,COGS - NonVeg,Expense,0,,,,,,,,TRUE
14/06/2025,Bakery,210,Bank_Cash,Pita Bread,06-2025,Paid,Sameer,14/06/2025,Grocery,2334,,COGS - Grocery,Expense,0,,,,,,,,TRUE
14/06/2025,Vegetables,430,Bank,shree Bhairavnath,06-2025,Paid,Bank,01/07/2025,Inventory,2335,,COGS - Veg,Expense,0,,,,,,,,TRUE
14/06/2025,Gas,3480,Bank,Sai Bharat,06-2025,Paid,Bank,23/06/2025,Fixed Maintance,2336,,OpEx - Utilities,Expense,0,,,,,,,,TRUE
14/06/2025,Sales,3725,Cash,Petpooja,06-2025,,,,Sales,2337,,Revenue,Income,0,,,,,,,,TRUE
14/06/2025,Sales,1060,Card,Petpooja,06-2025,,,,Sales,2338,,Revenue,Income,0,,,,,,,,TRUE
14/06/2025,Sales,910,UPI,Petpooja,06-2025,,,,Sales,2339,,Revenue,Income,0,,,,,,,,TRUE
14/06/2025,Sales,15891,Wallet,Petpooja,06-2025,,,,Sales,2340,,Revenue,Income,0,,,,,,,,TRUE
14/06/2025,Sales,1945,Zomato Pay,Petpooja,06-2025,,,,Sales,2341,,Revenue,Income,0,,,,,,,,TRUE
14/06/2025,Sales,2258,Online Sale,Swiggy&zomato,06-2025,,,,Sales,2342,,Revenue,Income,0,,,,,,,,TRUE
14/06/2025,Kinners,25,Cash,Kinners,06-2025,Paid,Sameer,14/06/2025,Maintance,2343,,OpEx - Misc,Expense,0,,,,,,,,TRUE
14/06/2025,Tea,190,Bank_Cash,staff,06-2025,Paid,Naseem,14/06/2025,Staff Expenses,2344,,OpEx - Labor,Expense,0,,,,,,,,TRUE
15/06/2025,Chicken,4515,Bank,Golden Chicken,06-2025,Paid,Bank,25/06/2025,Inventory,2345,,COGS - NonVeg,Expense,0,,,,,,,,TRUE
15/06/2025,Grocery,1165,Bank,Balaji,06-2025,Paid,Bank,25/06/2025,Inventory,2346,,COGS - Grocery,Expense,0,,,,,,,,TRUE
15/06/2025,Dairy,783,Bank,Adarsh Dairy,06-2025,Paid,Bank,22/07/2025,Inventory,2347,,COGS - Dairy,Expense,0,,,,,,,,TRUE
15/06/2025,Vegetables,670,Bank_Cash,Onion,06-2025,Paid,,15/06/2025,Inventory,2348,,COGS - Veg,Expense,0,,,,,,,,TRUE
15/06/2025,Dairy,680,Bank_Cash,Soyachaap & Paratha,06-2025,Paid,,15/06/2025,Inventory,2349,,COGS - Dairy,Expense,0,,,,,,,,TRUE
15/06/2025,Grocery,700,Bank_Cash,Barista,06-2025,Paid,,15/06/2025,Inventory,2350,,COGS - Grocery,Expense,0,,,,,,,,TRUE
15/06/2025,Vegetables,492,Bank,shree Bhairavnath,06-2025,Paid,Bank,01/07/2025,Inventory,2351,,COGS - Veg,Expense,0,,,,,,,,TRUE
15/06/2025,Momos,210,Bank_Cash,Mount,06-2025,Paid,Naseem,15/06/2025,Inventory,2352,,COGS - Inventory,Expense,0,,,,,,,,TRUE
15/06/2025,Egg,870,Cash,Mulani,06-2025,Paid,Sameer,15/06/2025,Grocery,2353,,COGS - Grocery,Expense,0,,,,,,,,TRUE
15/06/2025,Sales,6130,Cash,Petpooja,06-2025,,,,Sales,2354,,Revenue,Income,0,,,,,,,,TRUE
15/06/2025,Sales,20,UPI,Petpooja,06-2025,,,,Sales,2355,,Revenue,Income,0,,,,,,,,TRUE
15/06/2025,Sales,25162,Wallet,Petpooja,06-2025,,,,Sales,2356,,Revenue,Income,0,,,,,,,,TRUE
15/06/2025,Sales,1035,Zomato Pay,Petpooja,06-2025,,,,Sales,2357,,Revenue,Income,0,,,,,,,,TRUE
15/06/2025,Sales,2024,Online Sale,Swiggy&zomato,06-2025,,,,Sales,2358,,Revenue,Income,0,,,,,,,,TRUE
15/06/2025,Tea,350,Bank_Cash,staff,06-2025,Paid,Naseem,15/06/2025,Staff Expenses,2359,,OpEx - Labor,Expense,0,,,,,,,,TRUE
16/06/2025,Advance,500,Bank_Cash,Ram Kumar,06-2025,Paid,Naseem,17/06/2025,Salary,2360,,OpEx - Labor,Expense,0,,,,,,,,TRUE
16/06/2025,Advance,200,Bank_Cash,Vijay,06-2025,Paid,Naseem,17/06/2025,Salary,2361,,OpEx - Labor,Expense,0,,,,,,,,TRUE
16/06/2025,Advance,200,Bank_Cash,Khenya,06-2025,Paid,Naseem,17/06/2025,Salary,2362,,OpEx - Labor,Expense,0,,,,,,,,TRUE
16/06/2025,Advance,200,Bank_Cash,Rahman,06-2025,Paid,Naseem,17/06/2025,Salary,2363,,OpEx - Labor,Expense,0,,,,,,,,TRUE
17/06/2025,Dairy,950,Bank,Adarsh Dairy,06-2025,Paid,Bank,22/07/2025,Inventory,2364,,COGS - Dairy,Expense,0,,,,,,,,TRUE
17/06/2025,Chicken,3406,Bank,Golden Chicken,06-2025,Paid,Bank,25/06/2025,Inventory,2365,,COGS - NonVeg,Expense,0,,,,,,,,TRUE
17/06/2025,Charcoal,840,Bank,gyanshewri,06-2025,Paid,Bank,17/06/2025,Inventory,2366,,COGS - Fuel,Expense,0,,,,,,,,TRUE
17/06/2025,Grocery,2700,Bank,Balaji,06-2025,Paid,Bank,25/06/2025,Inventory,2367,,COGS - Grocery,Expense,0,,,,,,,,TRUE
17/06/2025,Bakery,280,Cash,Pita Bread,06-2025,Paid,Sameer,17/06/2025,Grocery,2368,,COGS - Grocery,Expense,0,,,,,,,,TRUE
17/06/2025,Maintenance,150,Bank_Cash,Hardwear,06-2025,Paid,Naseem,17/06/2025,Maintance,2369,,OpEx - Maintenance,Expense,0,,,,,,,,TRUE
17/06/2025,Advance,2000,Bank_Cash,Mukesh Kumar,06-2025,Paid,Naseem,17/06/2025,Salary,2370,,OpEx - Labor,Expense,0,,,,,,,,TRUE
17/06/2025,Vegetables,562,Bank,shree Bhairavnath,06-2025,Paid,Bank,01/07/2025,Inventory,2371,,COGS - Veg,Expense,0,,,,,,,,TRUE
17/06/2025,Sales,3145,Cash,Petpooja,06-2025,,,,Sales,2372,,Revenue,Income,0,,,,,,,,TRUE
17/06/2025,Sales,170,UPI,Petpooja,06-2025,,,,Sales,2373,,Revenue,Income,0,,,,,,,,TRUE
17/06/2025,Sales,8659,Wallet,Petpooja,06-2025,,,,Sales,2374,,Revenue,Income,0,,,,,,,,TRUE
17/06/2025,Sales,555,Zomato Pay,Petpooja,06-2025,,,,Sales,2375,,Revenue,Income,0,,,,,,,,TRUE
17/06/2025,Sales,2255,Online Sale,Swiggy&zomato,06-2025,,,,Sales,2376,,Revenue,Income,0,,,,,,,,TRUE
17/06/2025,Tea,115,Cash,staff,06-2025,Paid,Naseem,17/06/2025,Staff Expenses,2377,,OpEx - Labor,Expense,0,,,,,,,,TRUE
18/06/2025,Chicken,2476,Bank,Golden Chicken,06-2025,Paid,Bank,25/06/2025,Inventory,2378,,COGS - NonVeg,Expense,0,,,,,,,,TRUE
18/06/2025,Charcoal,1680,Bank,gyanshewri,06-2025,Paid,Bank,05/07/2025,Inventory,2379,,COGS - Fuel,Expense,0,,,,,,,,TRUE
18/06/2025,Grocery,726,Bank,Balaji,06-2025,Paid,Bank,25/06/2025,Inventory,2380,,COGS - Grocery,Expense,0,,,,,,,,TRUE
18/06/2025,Dairy,702,Bank,Adarsh Dairy,06-2025,Paid,Bank,22/07/2025,Inventory,2381,,COGS - Dairy,Expense,0,,,,,,,,TRUE
18/06/2025,Bakery,280,Cash,Pita Bread,06-2025,Paid,Sameer,18/06/2025,Grocery,2382,,COGS - Grocery,Expense,0,,,,,,,,TRUE
18/06/2025,Gas,3480,Bank,Sai Bharat,06-2025,Paid,Bank,23/06/2025,Fixed Maintance,2383,,OpEx - Utilities,Expense,0,,,,,,,,TRUE
18/06/2025,Vegetables,459,Bank,shree Bhairavnath,06-2025,Paid,Bank,01/07/2025,Inventory,2384,,COGS - Veg,Expense,0,,,,,,,,TRUE
18/06/2025,Sales,2362,Cash,Petpooja,06-2025,,,,Sales,2385,,Revenue,Income,0,,,,,,,,TRUE
18/06/2025,Sales,3010,Card,Petpooja,06-2025,,,,Sales,2386,,Revenue,Income,0,,,,,,,,TRUE
18/06/2025,Sales,933,UPI,Petpooja,06-2025,,,,Sales,2387,,Revenue,Income,0,,,,,,,,TRUE
18/06/2025,Sales,10555,Wallet,Petpooja,06-2025,,,,Sales,2388,,Revenue,Income,0,,,,,,,,TRUE
18/06/2025,Sales,2635,Online Sale,Swiggy&zomato,06-2025,,,,Sales,2389,,Revenue,Income,0,,,,,,,,TRUE
18/06/2025,Tea,153,Bank_Cash,staff,06-2025,Paid,Naseem,18/06/2025,Staff Expenses,2390,,OpEx - Labor,Expense,0,,,,,,,,TRUE
19/06/2025,Dairy,810,Bank,Adarsh Dairy,06-2025,Paid,Bank,22/07/2025,Inventory,2391,,COGS - Dairy,Expense,0,,,,,,,,TRUE
19/06/2025,Grocery,5060,Bank,Balaji,06-2025,Paid,Bank,25/06/2025,Inventory,2392,,COGS - Grocery,Expense,0,,,,,,,,TRUE
19/06/2025,Chicken,4559,Bank,Golden Chicken,06-2025,Paid,Bank,27/06/2025,Inventory,2393,,COGS - NonVeg,Expense,0,,,,,,,,TRUE
19/06/2025,Petrol,310,Bank_Cash,Nasim Bhai,06-2025,Paid,Naseem,19/06/2025,Bike Maintance,2394,,OpEx - Maintenance,Expense,0,,,,,,,,TRUE
19/06/2025,Dairy,680,Bank_Cash,Soyachaap & Paratha,06-2025,Paid,Naseem,19/06/2025,Inventory,2395,,COGS - Dairy,Expense,0,,,,,,,,TRUE
19/06/2025,Stationary,100,Bank_Cash,news paper,06-2025,Paid,Naseem,19/06/2025,Inventory,2396,,COGS - Inventory,Expense,0,,,,,,,,TRUE
19/06/2025,Vegetables,100,Bank_Cash,papaya,06-2025,Paid,Naseem,19/06/2025,Inventory,2397,,COGS - Veg,Expense,0,,,,,,,,TRUE
19/06/2025,Bakery,210,Cash,Pita Bread,06-2025,Paid,Sameer,19/06/2025,Grocery,2398,,COGS - Grocery,Expense,0,,,,,,,,TRUE
19/06/2025,Chamber Clean,1000,Bank_Cash,Chamber Clean,06-2025,Paid,Naseem,19/06/2025,Maintenance,2399,,OpEx - Maintenance,Expense,0,,,,,,,,TRUE
19/06/2025,Garbage Vehicle,700,Bank_Cash,Chicken,06-2025,Paid,Naseem,19/06/2025,Fixed Maintance,2400,,OpEx - Maintenance,Expense,0,,,,,,,,TRUE
19/06/2025,Vegetables,269,Bank,shree Bhairavnath,06-2025,Paid,Bank,01/07/2025,Inventory,2401,,COGS - Veg,Expense,0,,,,,,,,TRUE
19/06/2025,Sales,5944,Cash,Petpooja,06-2025,,,,Sales,2402,,Revenue,Income,0,,,,,,,,TRUE
19/06/2025,Sales,1089,Card,Petpooja,06-2025,,,,Sales,2403,,Revenue,Income,0,,,,,,,,TRUE
19/06/2025,Sales,530,UPI,Petpooja,06-2025,,,,Sales,2404,,Revenue,Income,0,,,,,,,,TRUE
19/06/2025,Sales,9953,Wallet,Petpooja,06-2025,,,,Sales,2405,,Revenue,Income,0,,,,,,,,TRUE
19/06/2025,Sales,570,Zomato Pay,Petpooja,06-2025,,,,Sales,2406,,Revenue,Income,0,,,,,,,,TRUE
19/06/2025,Sales,1487,Online Sale,Swiggy&zomato,06-2025,,,,Sales,2407,,Revenue,Income,0,,,,,,,,TRUE
19/06/2025,Tea,144,Bank_Cash,staff,06-2025,Paid,Naseem,19/06/2025,Staff Expenses,2408,,OpEx - Labor,Expense,0,,,,,,,,TRUE
20/06/2025,Chicken,3094,Bank,Golden Chicken,06-2025,Paid,Bank,27/06/2025,Inventory,2409,,COGS - NonVeg,Expense,0,,,,,,,,TRUE
20/06/2025,Grocery,241,Bank,Balaji,06-2025,Paid,Bank,28/06/2025,Inventory,2410,,COGS - Grocery,Expense,0,,,,,,,,TRUE
20/06/2025,Grocery,220,Cash,Noodles,06-2025,Paid,Sameer,20/06/2025,Inventory,2411,,COGS - Grocery,Expense,0,,,,,,,,TRUE
20/06/2025,Dairy,725,Bank,Adarsh Dairy,06-2025,Paid,Bank,22/07/2025,Inventory,2412,,COGS - Dairy,Expense,0,,,,,,,,TRUE
20/06/2025,Beverages,1200,Cash,Water Bottel,06-2025,Paid,Sameer,20/06/2025,Grocery,2413,,COGS - Grocery,Expense,0,,,,,,,,TRUE
20/06/2025,Mutton,2220,Bank,A1,06-2025,Paid,Shakil,20/06/2025,Inventory,2414,,COGS - NonVeg,Expense,0,,,,,,,,TRUE
20/06/2025,Internet,600,Cash,Internet,06-2025,Paid,Sameer,20/06/2025,Fixed Maintance,2415,,OpEx - Utilities,Expense,0,,,,,,,,TRUE
20/06/2025,Vegetables,530,Bank,shree Bhairavnath,06-2025,Paid,Bank,01/07/2025,Inventory,2416,,COGS - Veg,Expense,0,,,,,,,,TRUE
20/06/2025,Bakery,140,Cash,Pita Bread,06-2025,Paid,Sameer,20/06/2025,Grocery,2417,,COGS - Grocery,Expense,0,,,,,,,,TRUE
20/06/2025,Sales,4245,Cash,Petpooja,06-2025,,,,Sales,2418,,Revenue,Income,0,,,,,,,,TRUE
20/06/2025,Sales,345,UPI,Petpooja,06-2025,,,,Sales,2419,,Revenue,Income,0,,,,,,,,TRUE
20/06/2025,Sales,17160,Wallet,Petpooja,06-2025,,,,Sales,2420,,Revenue,Income,0,,,,,,,,TRUE
20/06/2025,Sales,5065,Online Sale,Swiggy&zomato,06-2025,,,,Sales,2421,,Revenue,Income,0,,,,,,,,TRUE
20/06/2025,Sales,1680,Zomato Pay,Petpooja,06-2025,,,,Sales,2422,,Revenue,Income,0,,,,,,,,TRUE
20/06/2025,Tea,135,Cash,staff,06-2025,Paid,Sameer,20/06/2025,Staff Expenses,2423,,OpEx - Labor,Expense,0,,,,,,,,TRUE
21/06/2025,Chicken,4600,Bank,Golden Chicken,06-2025,Paid,Bank,27/06/2025,Inventory,2424,,COGS - NonVeg,Expense,0,,,,,,,,TRUE
21/06/2025,Charcoal,1680,Bank,gyanshewri,06-2025,Paid,Bank,05/07/2025,Inventory,2425,,COGS - Fuel,Expense,0,,,,,,,,TRUE
21/06/2025,Dairy,950,Bank,Adarsh Dairy,06-2025,Paid,Bank,02/08/2025,Inventory,2426,,COGS - Dairy,Expense,0,,,,,,,,TRUE
21/06/2025,Grocery,2442,Bank,Balaji,06-2025,Paid,Bank,28/06/2025,Inventory,2427,,COGS - Grocery,Expense,0,,,,,,,,TRUE
21/06/2025,Vegetables,620,Bank_Cash,Onion,06-2025,Paid,Naseem,21/06/2025,Inventory,2428,,COGS - Veg,Expense,0,,,,,,,,TRUE
21/06/2025,Advance,700,Bank_Cash,sameer,06-2025,Paid,Naseem,21/06/2025,Salary,2429,,OpEx - Labor,Expense,0,,,,,,,,TRUE
21/06/2025,Bakery,210,Cash,Pita Bread,06-2025,Paid,Sameer,21/06/2025,Grocery,2430,,COGS - Grocery,Expense,0,,,,,,,,TRUE
21/06/2025,Gas,1740,Bank,Sai Bharat,06-2025,Paid,Bank,23/06/2025,Fixed Maintance,2431,,OpEx - Utilities,Expense,0,,,,,,,,TRUE
21/06/2025,Egg,1043,Cash,Mulani,06-2025,Paid,Sameer,21/06/2025,Grocery,2432,,COGS - Grocery,Expense,0,,,,,,,,TRUE
21/06/2025,Vegetables,567,Bank,shree Bhairavnath,06-2025,Paid,Bank,01/07/2025,Inventory,2433,,COGS - Veg,Expense,0,,,,,,,,TRUE
21/06/2025,Sales,5233,Cash,Petpooja,06-2025,,,,Sales,2434,,Revenue,Income,0,,,,,,,,TRUE
21/06/2025,Sales,270,Card,Petpooja,06-2025,,,,Sales,2435,,Revenue,Income,0,,,,,,,,TRUE
21/06/2025,Sales,15189,Wallet,Petpooja,06-2025,,,,Sales,2436,,Revenue,Income,0,,,,,,,,TRUE
21/06/2025,Sales,1200,Zomato Pay,Petpooja,06-2025,,,,Sales,2437,,Revenue,Income,0,,,,,,,,TRUE
21/06/2025,Sales,2885,Online Sale,Swiggy&zomato,06-2025,,,,Sales,2438,,Revenue,Income,0,,,,,,,,TRUE
21/06/2025,Tea,160,Bank_Cash,staff,06-2025,Paid,Naseem,21/06/2025,Staff Expenses,2439,,OpEx - Labor,Expense,0,,,,,,,,TRUE
21/06/2025,Petrol,1750,Bank_Cash,Shakil Sir,06-2025,Paid,Naseem,22/06/2025,Bike Maintance,2440,,OpEx - Maintenance,Expense,0,,,,,,,,TRUE
22/06/2025,Dairy,1245,Bank,Adarsh Dairy,06-2025,Paid,Bank,02/08/2025,Inventory,2441,,COGS - Dairy,Expense,0,,,,,,,,TRUE
22/06/2025,Mutton,400,Bank_Cash,A1,06-2025,Paid,Naseem,22/06/2025,Inventory,2442,,COGS - NonVeg,Expense,0,,,,,,,,TRUE
22/06/2025,Bakery,140,Bank_Cash,Pita Bread,06-2025,Paid,Naseem,22/06/2025,Grocery,2443,,COGS - Grocery,Expense,0,,,,,,,,TRUE
22/06/2025,Gas,1740,Bank,Sai Bharat,06-2025,Paid,Bank,23/06/2025,Fixed Maintance,2444,,OpEx - Utilities,Expense,0,,,,,,,,TRUE
22/06/2025,Vegetables,536,Bank,shree Bhairavnath,06-2025,Paid,Bank,01/07/2025,Inventory,2445,,COGS - Veg,Expense,0,,,,,,,,TRUE
22/06/2025,Sales,6085,Cash,Petpooja,06-2025,,,,Sales,2446,,Revenue,Income,0,,,,,,,,TRUE
22/06/2025,Sales,3200,Bank,Petpooja,06-2025,,,,Sales,2447,,Revenue,Income,0,,,,,,,,TRUE
22/06/2025,Sales,1571,UPI,Petpooja,06-2025,,,,Sales,2448,,Revenue,Income,0,,,,,,,,TRUE
22/06/2025,Sales,19113,Wallet,Petpooja,06-2025,,,,Sales,2449,,Revenue,Income,0,,,,,,,,TRUE
22/06/2025,Sales,1050,Zomato Pay,Petpooja,06-2025,,,,Sales,2450,,Revenue,Income,0,,,,,,,,TRUE
22/06/2025,Sales,4126,Online Sale,Swiggy&zomato,06-2025,,,,Sales,2451,,Revenue,Income,0,,,,,,,,TRUE
22/06/2025,Maintenance,50,Bank_Cash,Hardwear,06-2025,Paid,Naseem,22/06/2025,Maintance,2452,,OpEx - Maintenance,Expense,0,,,,,,,,TRUE
22/06/2025,Tea,145,Bank_Cash,staff,06-2025,Paid,Naseem,22/06/2025,Staff Expenses,2453,,OpEx - Labor,Expense,0,,,,,,,,TRUE
23/06/2025,Chicken,4875,Bank,Golden Chicken,06-2025,Paid,Bank,27/06/2025,Inventory,2454,,COGS - NonVeg,Expense,0,,,,,,,,TRUE
23/06/2025,Dairy,1160,Bank,Adarsh Dairy,06-2025,Paid,Bank,02/08/2025,Inventory,2455,,COGS - Dairy,Expense,0,,,,,,,,TRUE
23/06/2025,Mutton,2960,Bank_Cash,A1,06-2025,Paid,Naseem,23/06/2025,Inventory,2456,,COGS - NonVeg,Expense,0,,,,,,,,TRUE
23/06/2025,Petrol,310,Bank_Cash,Nasim Bhai,06-2025,Paid,Naseem,23/06/2025,Bike Maintance,2457,,OpEx - Maintenance,Expense,0,,,,,,,,TRUE
23/06/2025,Maintenance,410,Bank_Cash,Bike Repair,06-2025,Paid,Naseem,23/06/2025,Maintance,2458,,OpEx - Maintenance,Expense,0,,,,,,,,TRUE
23/06/2025,Charcoal,840,Bank,gyanshewri,06-2025,Paid,Bank,05/07/2025,Inventory,2459,,COGS - Fuel,Expense,0,,,,,,,,TRUE
23/06/2025,Grocery,1106,Bank,Balaji,06-2025,Paid,Bank,28/06/2025,Inventory,2460,,COGS - Grocery,Expense,0,,,,,,,,TRUE
23/06/2025,Bakery,175,Cash,Pita Bread,06-2025,Paid,Sameer,23/06/2025,Grocery,2461,,COGS - Grocery,Expense,0,,,,,,,,TRUE
23/06/2025,Vegetables,388,Bank,shree Bhairavnath,06-2025,Paid,Bank,01/07/2025,Inventory,2462,,COGS - Veg,Expense,0,,,,,,,,TRUE
23/06/2025,Civil Work,1200,Bank_Cash,Civil Work,06-2025,Paid,Naseem,23/06/2025,Maintance,2463,,OpEx - Maintenance,Expense,0,,,,,,,,TRUE
23/06/2025,Sales,3307,Cash,Petpooja,06-2025,,,,Sales,2464,,Revenue,Income,0,,,,,,,,TRUE
23/06/2025,Sales,210,Card,Petpooja,06-2025,,,,Sales,2465,,Revenue,Income,0,,,,,,,,TRUE
23/06/2025,Sales,1007,UPI,Petpooja,06-2025,,,,Sales,2466,,Revenue,Income,0,,,,,,,,TRUE
23/06/2025,Sales,7155,Wallet,Petpooja,06-2025,,,,Sales,2467,,Revenue,Income,0,,,,,,,,TRUE
23/06/2025,Sales,780,Zomato Pay,Petpooja,06-2025,,,,Sales,2468,,Revenue,Income,0,,,,,,,,TRUE
23/06/2025,Sales,2251,Online Sale,Swiggy&zomato,06-2025,,,,Sales,2469,,Revenue,Income,0,,,,,,,,TRUE
23/06/2025,Tea,152,Bank_Cash,staff,06-2025,Paid,Naseem,23/06/2025,Staff Expenses,2470,,OpEx - Labor,Expense,0,,,,,,,,TRUE
23/06/2025,Advance,5000,Bank_Cash,Khenya,06-2025,Paid,Naseem,23/06/2025,Salary,2471,,OpEx - Labor,Expense,0,,,,,,,,TRUE
24/06/2025,Dairy,353,Bank,Adarsh Dairy,06-2025,Paid,Bank,02/08/2025,Inventory,2472,,COGS - Dairy,Expense,0,,,,,,,,TRUE
24/06/2025,Chicken,4583,Bank,Golden Chicken,06-2025,Paid,Bank,27/06/2025,Inventory,2473,,COGS - NonVeg,Expense,0,,,,,,,,TRUE
24/06/2025,Grocery,1000,Bank_Cash,barista & Peri Peri Masala,06-2025,Paid,Naseem,24/06/2025,Inventory,2474,,COGS - Grocery,Expense,0,,,,,,,,TRUE
24/06/2025,Maintenance,120,Bank_Cash,Hardwear,06-2025,Paid,Naseem,24/06/2025,Maintance,2475,,OpEx - Maintenance,Expense,0,,,,,,,,TRUE
24/06/2025,Grocery,4812,Bank,Balaji,06-2025,Paid,Bank,28/06/2025,Inventory,2476,,COGS - Grocery,Expense,0,,,,,,,,TRUE
24/06/2025,Bakery,350,Cash,Pita Bread,06-2025,Paid,Sameer,24/06/2025,Grocery,2477,,COGS - Grocery,Expense,0,,,,,,,,TRUE
24/06/2025,Vegetables,250,Bank,shree Bhairavnath,06-2025,Paid,Bank,01/07/2025,Inventory,2478,,COGS - Veg,Expense,0,,,,,,,,TRUE
24/06/2025,Sales,2760,Cash,Petpooja,06-2025,,,,Sales,2479,,Revenue,Income,0,,,,,,,,TRUE
24/06/2025,Sales,850,Card,Petpooja,06-2025,,,,Sales,2480,,Revenue,Income,0,,,,,,,,TRUE
24/06/2025,Sales,160,UPI,Petpooja,06-2025,,,,Sales,2481,,Revenue,Income,0,,,,,,,,TRUE
24/06/2025,Sales,19643,Wallet,Petpooja,06-2025,,,,Sales,2482,,Revenue,Income,0,,,,,,,,TRUE
24/06/2025,Sales,690,Zomato Pay,Petpooja,06-2025,,,,Sales,2483,,Revenue,Income,0,,,,,,,,TRUE
24/06/2025,Sales,2154,Online Sale,Swiggy&zomato,06-2025,,,,Sales,2484,,Revenue,Income,0,,,,,,,,TRUE
24/06/2025,Tea,120,Bank_Cash,staff,06-2025,Paid,Naseem,24/06/2025,Staff Expenses,2485,,OpEx - Labor,Expense,0,,,,,,,,TRUE
24/06/2025,Maintenance,120,Bank_Cash,Hardwear,06-2025,Paid,Naseem,24/06/2025,Maintance,2486,,OpEx - Maintenance,Expense,0,,,,,,,,TRUE
25/06/2025,Chicken,6005,Bank,Golden Chicken,06-2025,Paid,Bank,29/06/2025,Inventory,2487,,COGS - NonVeg,Expense,0,,,,,,,,TRUE
25/06/2025,Charcoal,1680,Bank,gyanshewri,06-2025,Paid,Bank,05/07/2025,Inventory,2488,,COGS - Fuel,Expense,0,,,,,,,,TRUE
25/06/2025,Dairy,1227,Bank,Adarsh Dairy,06-2025,Paid,Bank,02/08/2025,Inventory,2489,,COGS - Dairy,Expense,0,,,,,,,,TRUE
25/06/2025,Grocery,3828,Bank,Balaji,06-2025,Paid,Bank,28/06/2025,Inventory,2490,,COGS - Grocery,Expense,0,,,,,,,,TRUE
25/06/2025,Grocery,110,Bank_Cash,Noodles,06-2025,Paid,Naseem,25/06/2025,Inventory,2491,,COGS - Grocery,Expense,0,,,,,,,,TRUE
25/06/2025,Bakery,210,Cash,Pita Bread,06-2025,Paid,Sameer,25/06/2025,Grocery,2492,,COGS - Grocery,Expense,0,,,,,,,,TRUE
25/06/2025,Gas,1740,Bank,Sai Bharat,06-2025,Paid,Bank,04/07/2025,Fixed Maintance,2493,,OpEx - Utilities,Expense,0,,,,,,,,TRUE
25/06/2025,Momos,70,Bank_Cash,Mount,06-2025,Paid,Naseem,25/06/2025,Inventory,2494,,COGS - Inventory,Expense,0,,,,,,,,TRUE
25/06/2025,Vegetables,710,Bank,shree Bhairavnath,06-2025,Paid,Bank,01/07/2025,Inventory,2495,,COGS - Veg,Expense,0,,,,,,,,TRUE
25/06/2025,Sales,3117,Cash,Petpooja,06-2025,,,,Sales,2496,,Revenue,Income,0,,,,,,,,TRUE
25/06/2025,Sales,1143,UPI,Petpooja,06-2025,,,,Sales,2497,,Revenue,Income,0,,,,,,,,TRUE
25/06/2025,Sales,9159,Wallet,Petpooja,06-2025,,,,Sales,2498,,Revenue,Income,0,,,,,,,,TRUE
25/06/2025,Sales,888,Zomato Pay,Petpooja,06-2025,,,,Sales,2499,,Revenue,Income,0,,,,,,,,TRUE
25/06/2025,Sales,2760,Online Sale,Swiggy&zomato,06-2025,,,,Sales,2500,,Revenue,Income,0,,,,,,,,TRUE
25/06/2025,Kinners,7,Cash,Kinners,06-2025,Paid,Sameer,25/06/2025,Maintance,2501,,OpEx - Misc,Expense,0,,,,,,,,TRUE
25/06/2025,Tea,120,Bank_Cash,staff,06-2025,Paid,Naseem,25/06/2025,Staff Expenses,2502,,OpEx - Labor,Expense,0,,,,,,,,TRUE
25/06/2025,Maintenance,4000,Bank_Cash,Tandoor section repair & metrial,06-2025,Paid,Naseem,25/06/2025,Maintance,2503,,OpEx - Maintenance,Expense,0,,,,,,,,TRUE
26/06/2025,Dairy,1119,Bank,Adarsh Dairy,06-2025,Paid,Bank,02/08/2025,Inventory,2504,,COGS - Dairy,Expense,0,,,,,,,,TRUE
26/06/2025,Grocery,2505,Bank,Balaji,06-2025,Paid,Bank,29/06/2025,Inventory,2505,,COGS - Grocery,Expense,0,,,,,,,,TRUE
26/06/2025,Chicken,2814,Bank,Golden Chicken,06-2025,Paid,Bank,29/06/2025,Inventory,2506,,COGS - NonVeg,Expense,0,,,,,,,,TRUE
26/06/2025,Egg,1090,Bank_Cash,Mulani,06-2025,Paid,Naseem,26/06/2025,Grocery,2507,,COGS - Grocery,Expense,0,,,,,,,,TRUE
26/06/2025,Maintenance,1190,Bank_Cash,Cemara & Paint,06-2025,Paid,Naseem,26/06/2025,Maintance,2508,,OpEx - Maintenance,Expense,0,,,,,,,,TRUE
26/06/2025,Advance,250,Bank_Cash,Ram Kumar,06-2025,Paid,Naseem,26/06/2025,Salary,2509,,OpEx - Labor,Expense,0,,,,,,,,TRUE
26/06/2025,Restaurant New Inventory,5749,Bank,Electronic Scale,06-2025,Paid,Shakil,24/06/2025,New Inventory,2510,,OpEx - CapEx,Expense,0,,,,,,,,TRUE
26/06/2025,Gas,1740,Bank,Sai Bharat,06-2025,Paid,Bank,04/07/2025,Fixed Maintance,2511,,OpEx - Utilities,Expense,0,,,,,,,,TRUE
26/06/2025,Bakery,140,Cash,Pita Bread,06-2025,Paid,Sameer,26/06/2025,Grocery,2512,,COGS - Grocery,Expense,0,,,,,,,,TRUE
26/06/2025,Vegetables,371,Bank,shree Bhairavnath,06-2025,Paid,Bank,01/07/2025,Inventory,2513,,COGS - Veg,Expense,0,,,,,,,,TRUE
26/06/2025,Restaurant New Inventory,2500,Bank_Cash,Bowl and halogen light,06-2025,Paid,Naseem,26/06/2025,New Inventory,2514,,OpEx - CapEx,Expense,0,,,,,,,,TRUE
26/06/2025,Petrol,200,Bank_Cash,Nasim Bhai,06-2025,Paid,Naseem,26/06/2025,Bike Maintance,2515,,OpEx - Maintenance,Expense,0,,,,,,,,TRUE
26/06/2025,Sales,4255,Cash,Petpooja,06-2025,,,,Sales,2516,,Revenue,Income,0,,,,,,,,TRUE
26/06/2025,Sales,595,UPI,Petpooja,06-2025,,,,Sales,2517,,Revenue,Income,0,,,,,,,,TRUE
26/06/2025,Sales,11714,Wallet,Petpooja,06-2025,,,,Sales,2518,,Revenue,Income,0,,,,,,,,TRUE
26/06/2025,Sales,1099,Zomato Pay,Petpooja,06-2025,,,,Sales,2519,,Revenue,Income,0,,,,,,,,TRUE
26/06/2025,Sales,2663,Online Sale,Swiggy&zomato,06-2025,,,,Sales,2520,,Revenue,Income,0,,,,,,,,TRUE
26/06/2025,Sales,250,Card,Petpooja,06-2025,,,,Sales,2521,,Revenue,Income,0,,,,,,,,TRUE
26/06/2025,Kinners,15,Cash,Kinners,06-2025,Paid,Naseem,26/06/2025,Maintance,2522,,OpEx - Misc,Expense,0,,,,,,,,TRUE
26/06/2025,Tea,170,Bank_Cash,staff,06-2025,Paid,Naseem,26/06/2025,Staff Expenses,2523,,OpEx - Labor,Expense,0,,,,,,,,TRUE
27/06/2025,Dairy,755,Bank,Adarsh Dairy,06-2025,Paid,Bank,02/08/2025,Inventory,2524,,COGS - Dairy,Expense,0,,,,,,,,TRUE
27/06/2025,Charcoal,1680,Bank,gyanshewri,06-2025,Paid,Bank,05/07/2025,Inventory,2525,,COGS - Fuel,Expense,0,,,,,,,,TRUE
27/06/2025,Bakery,210,Cash,Pita Bread,06-2025,Paid,Sameer,27/06/2025,Grocery,2526,,COGS - Grocery,Expense,0,,,,,,,,TRUE
27/06/2025,Maintenance,510,Bank_Cash,Charing Cable & Lighter,06-2025,Paid,Naseem,27/06/2025,Maintance,2527,,OpEx - Maintenance,Expense,0,,,,,,,,TRUE
27/06/2025,Grocery,1006,Bank,Balaji,06-2025,Paid,Bank,29/06/2025,Inventory,2528,,COGS - Grocery,Expense,0,,,,,,,,TRUE
27/06/2025,Beverages,2400,Bank_Cash,Water Bottel,06-2025,Paid,Naseem,27/06/2025,Grocery,2529,,COGS - Grocery,Expense,0,,,,,,,,TRUE
27/06/2025,Vegetables,640,Bank_Cash,Onion & papaya,06-2025,Paid,Naseem,27/06/2025,Inventory,2530,,COGS - Veg,Expense,0,,,,,,,,TRUE
27/06/2025,Dairy,350,Bank_Cash,Soyachaap & Paratha,06-2025,Paid,Naseem,27/06/2025,Inventory,2531,,COGS - Dairy,Expense,0,,,,,,,,TRUE
27/06/2025,Chicken,4680,Bank,Golden Chicken,06-2025,Paid,Bank,03/07/2025,Inventory,2532,,COGS - NonVeg,Expense,0,,,,,,,,TRUE
27/06/2025,Gas,1740,Bank,Sai Bharat,06-2025,Paid,Bank,04/07/2025,Fixed Maintance,2533,,OpEx - Utilities,Expense,0,,,,,,,,TRUE
27/06/2025,Vegetables,362,Bank,shree Bhairavnath,06-2025,Paid,Bank,01/07/2025,Inventory,2534,,COGS - Veg,Expense,0,,,,,,,,TRUE
27/06/2025,Disposable,3435,Bank,Anand,06-2025,Paid,Bank,14/07/2025,Inventory,2535,,COGS - Packaging,Expense,0,,,,,,,,TRUE
27/06/2025,Petrol,1020,Bank_Cash,Shakil Sir,06-2025,Paid,Naseem,27/06/2025,Bike Maintance,2536,,OpEx - Maintenance,Expense,0,,,,,,,,TRUE
27/06/2025,Sales,3435,Cash,Petpooja,06-2025,,,,Sales,2537,,Revenue,Income,0,,,,,,,,TRUE
27/06/2025,Sales,1840,Card,Petpooja,06-2025,,,,Sales,2538,,Revenue,Income,0,,,,,,,,TRUE
27/06/2025,Sales,580,UPI,Petpooja,06-2025,,,,Sales,2539,,Revenue,Income,0,,,,,,,,TRUE
27/06/2025,Sales,13984,Wallet,Petpooja,06-2025,,,,Sales,2540,,Revenue,Income,0,,,,,,,,TRUE
27/06/2025,Sales,2940,Online Sale,Swiggy&zomato,06-2025,,,,Sales,2541,,Revenue,Income,0,,,,,,,,TRUE
27/06/2025,Advance,100,Bank_Cash,Mukesh Kumar,06-2025,Paid,Naseem,27/06/2025,Salary,2542,,OpEx - Labor,Expense,0,,,,,,,,TRUE
27/06/2025,Tea,155,Bank_Cash,staff,06-2025,Paid,Naseem,27/06/2025,Staff Expenses,2543,,OpEx - Labor,Expense,0,,,,,,,,TRUE
28/06/2025,Dairy,702,Bank,Adarsh Dairy,06-2025,Paid,Bank,02/08/2025,Inventory,2544,,COGS - Dairy,Expense,0,,,,,,,,TRUE
28/06/2025,Grocery,2455,Bank,Balaji,06-2025,Paid,Bank,07/07/2025,Inventory,2545,,COGS - Grocery,Expense,0,,,,,,,,TRUE
28/06/2025,Chicken,3995,Bank,Golden Chicken,06-2025,Paid,Bank,03/07/2025,Inventory,2546,,COGS - NonVeg,Expense,0,,,,,,,,TRUE
28/06/2025,Bakery,210,Cash,Pita Bread,06-2025,Paid,Sameer,28/06/2025,Grocery,2547,,COGS - Grocery,Expense,0,,,,,,,,TRUE
28/06/2025,Maintenance,1000,Bank_Cash,Hardwear,06-2025,Paid,Naseem,28/06/2025,Maintance,2548,,OpEx - Maintenance,Expense,0,,,,,,,,TRUE
28/06/2025,Vegetables,369,Bank,shree Bhairavnath,06-2025,Paid,Bank,01/07/2025,Inventory,2549,,COGS - Veg,Expense,0,,,,,,,,TRUE
28/06/2025,Gas,1740,Bank,Sai Bharat,06-2025,Paid,Bank,04/07/2025,Fixed Maintance,2550,,OpEx - Utilities,Expense,0,,,,,,,,TRUE
28/06/2025,Hotel Commision,1380,Cash,Prime Rose,06-2025,Paid,Sameer,28/06/2025,Fixed Maintance,2551,,OpEx - Admin,Expense,0,,,,,,,,TRUE
28/06/2025,Sales,3325,Cash,Petpooja,06-2025,,,,Sales,2552,,Revenue,Income,0,,,,,,,,TRUE
28/06/2025,Sales,3263,Card,Petpooja,06-2025,,,,Sales,2553,,Revenue,Income,0,,,,,,,,TRUE
28/06/2025,Sales,230,UPI,Petpooja,06-2025,,,,Sales,2554,,Revenue,Income,0,,,,,,,,TRUE
28/06/2025,Sales,25036,Wallet,Petpooja,06-2025,,,,Sales,2555,,Revenue,Income,0,,,,,,,,TRUE
28/06/2025,Sales,3676,Online Sale,Swiggy&zomato,06-2025,,,,Sales,2556,,Revenue,Income,0,,,,,,,,TRUE
28/06/2025,Kinners,35,Cash,Kinners,06-2025,Paid,Naseem,28/06/2025,Maintance,2557,,OpEx - Misc,Expense,0,,,,,,,,TRUE
28/06/2025,Tea,150,Bank_Cash,staff,06-2025,Paid,Naseem,28/06/2025,Staff Expenses,2558,,OpEx - Labor,Expense,0,,,,,,,,TRUE
29/06/2025,Dairy,1509,Bank,Adarsh Dairy,06-2025,Paid,Bank,02/08/2025,Inventory,2559,,COGS - Dairy,Expense,0,,,,,,,,TRUE
29/06/2025,Grocery,455,Bank,Balaji,06-2025,Paid,Bank,07/07/2025,Inventory,2560,,COGS - Grocery,Expense,0,,,,,,,,TRUE
29/06/2025,Bakery,280,Cash,Pita Bread,06-2025,Paid,Sameer,29/06/2025,Grocery,2561,,COGS - Grocery,Expense,0,,,,,,,,TRUE
29/06/2025,Grocery,110,Cash,Noodles,06-2025,Paid,Sameer,29/06/2025,Inventory,2562,,COGS - Grocery,Expense,0,,,,,,,,TRUE
29/06/2025,Chicken,5455,Bank,Golden Chicken,06-2025,Paid,Bank,03/07/2025,Inventory,2563,,COGS - NonVeg,Expense,0,,,,,,,,TRUE
29/06/2025,Gas,1740,Bank,Sai Bharat,06-2025,Paid,Bank,04/07/2025,Fixed Maintance,2564,,OpEx - Utilities,Expense,0,,,,,,,,TRUE
29/06/2025,Vegetables,587,Bank,shree Bhairavnath,06-2025,Paid,Bank,01/07/2025,Inventory,2565,,COGS - Veg,Expense,0,,,,,,,,TRUE
29/06/2025,Momos,210,Bank_Cash,Mount,06-2025,Paid,Naseem,29/06/2025,Inventory,2566,,COGS - Inventory,Expense,0,,,,,,,,TRUE
29/06/2025,Sales,4070,Cash,Petpooja,06-2025,,,,Sales,2567,,Revenue,Income,0,,,,,,,,TRUE
29/06/2025,Sales,45,UPI,Petpooja,06-2025,,,,Sales,2568,,Revenue,Income,0,,,,,,,,TRUE
29/06/2025,Sales,20297,Wallet,Petpooja,06-2025,,,,Sales,2569,,Revenue,Income,0,,,,,,,,TRUE
29/06/2025,Sales,1735,Online Sale,Swiggy&zomato,06-2025,,,,Sales,2570,,Revenue,Income,0,,,,,,,,TRUE
29/06/2025,Petrol,400,Bank_Cash,Nasim Bhai,06-2025,Paid,Naseem,29/06/2025,Bike Maintance,2571,,OpEx - Maintenance,Expense,0,,,,,,,,TRUE
29/06/2025,Vegetables,620,Bank_Cash,Onion,06-2025,Paid,Naseem,29/06/2025,Inventory,2572,,COGS - Veg,Expense,0,,,,,,,,TRUE
29/06/2025,Tea,150,Bank_Cash,staff,06-2025,Paid,Naseem,29/06/2025,Staff Expenses,2573,,OpEx - Labor,Expense,0,,,,,,,,TRUE
30/06/2025,Dairy,1719,Bank,Adarsh Dairy,06-2025,Paid,Bank,02/08/2025,Inventory,2574,,COGS - Dairy,Expense,0,,,,,,,,TRUE
30/06/2025,Charcoal,840,Bank,gyanshewri,06-2025,Paid,Bank,05/07/2025,Inventory,2575,,COGS - Fuel,Expense,0,,,,,,,,TRUE
30/06/2025,Grocery,551,Bank,Balaji,06-2025,Paid,Bank,07/07/2025,Inventory,2576,,COGS - Grocery,Expense,0,,,,,,,,TRUE
30/06/2025,Bakery,140,Cash,Pita Bread,06-2025,Paid,,,Grocery,2577,,COGS - Grocery,Expense,0,,,,,,,,TRUE
30/06/2025,Chicken,3929,Bank,Golden Chicken,06-2025,Paid,Bank,07/07/2025,Inventory,2578,,COGS - NonVeg,Expense,0,,,,,,,,TRUE
30/06/2025,Vegetables,302,Bank,shree Bhairavnath,06-2025,Paid,Bank,01/07/2025,Inventory,2579,,COGS - Veg,Expense,0,,,,,,,,TRUE
30/06/2025,Gas,1740,Bank,Sai Bharat,06-2025,Paid,Bank,04/07/2025,Fixed Maintance,2580,,OpEx - Utilities,Expense,0,,,,,,,,TRUE
30/06/2025,Egg,940,Bank_Cash,Mulani,06-2025,Paid,Sameer,30/06/2025,Grocery,2581,,COGS - Grocery,Expense,0,,,,,,,,TRUE
30/06/2025,Sales,390,Cash,Petpooja,06-2025,,,,Sales,2582,,Revenue,Income,0,,,,,,,,TRUE
30/06/2025,Sales,1380,Card,Petpooja,06-2025,,,,Sales,2583,,Revenue,Income,0,,,,,,,,TRUE
30/06/2025,Sales,20,UPI,Petpooja,06-2025,,,,Sales,2584,,Revenue,Income,0,,,,,,,,TRUE
30/06/2025,Sales,7783,Wallet,Petpooja,06-2025,,,,Sales,2585,,Revenue,Income,0,,,,,,,,TRUE
30/06/2025,Sales,390,Zomato Pay,Petpooja,06-2025,,,,Sales,2586,,Revenue,Income,0,,,,,,,,TRUE
30/06/2025,Sales,2184,Online Sale,Swiggy&zomato,06-2025,,,,Sales,2587,,Revenue,Income,0,,,,,,,,TRUE
30/06/2025,Tea,110,Cash,staff,06-2025,Paid,Sameer,30/06/2025,Staff Expenses,2588,,OpEx - Labor,Expense,0,,,,,,,,TRUE
01/07/2025,Chicken,788,Bank,Golden Chicken,07-2025,Paid,Bank,07/07/2025,Inventory,2589,,COGS - NonVeg,Expense,0,,,,,,,,TRUE
01/07/2025,Dairy,286,Bank,Adarsh Dairy,07-2025,Unpaid,,,Inventory,2590,,COGS - Dairy,Expense,0,,,,,,,,TRUE
01/07/2025,Hotel Commision,2830,Bank_Cash,Elite Stay,07-2025,Paid,Naseem,01/07/2025,Fixed Maintance,2591,,OpEx - Admin,Expense,0,,,,,,,,TRUE
01/07/2025,Hotel Commision,970,Bank_Cash,Shivsai,07-2025,Paid,Naseem,01/07/2025,Fixed Maintance,2592,,OpEx - Admin,Expense,0,,,,,,,,TRUE
01/07/2025,Maintenance,1160,Bank_Cash,Hardwear,07-2025,Paid,Naseem,01/07/2025,Maintance,2593,,OpEx - Maintenance,Expense,0,,,,,,,,TRUE
01/07/2025,Advance,100,Bank_Cash,Mukesh Kumar,07-2025,Paid,Naseem,01/07/2025,Salary,2594,,OpEx - Labor,Expense,0,,,,,,,,TRUE
01/07/2025,Stationary,1500,Bank_Cash,Paper Roll For Biling Machine,07-2025,Paid,Naseem,01/07/2025,Inventory,2595,,COGS - Inventory,Expense,0,,,,,,,,TRUE
01/07/2025,Gas,1678,Bank,Sai Bharat,07-2025,Paid,Bank,26/07/2025,Fixed Maintance,2596,,OpEx - Utilities,Expense,0,,,,,,,,TRUE
01/07/2025,Vegetables,245,Bank,shree Bhairavnath,07-2025,Unpaid,,,Inventory,2597,,COGS - Veg,Expense,0,,,,,,,,TRUE
01/07/2025,Sales,3120,Cash,Petpooja,07-2025,,,,Sales,2598,,Revenue,Income,0,,,,,,,,TRUE
01/07/2025,Sales,448,Card,Petpooja,07-2025,,,,Sales,2599,,Revenue,Income,0,,,,,,,,TRUE
01/07/2025,Sales,560,UPI,Petpooja,07-2025,,,,Sales,2600,,Revenue,Income,0,,,,,,,,TRUE
01/07/2025,Sales,16880,Wallet,Petpooja,07-2025,,,,Sales,2601,,Revenue,Income,0,,,,,,,,TRUE
01/07/2025,Sales,2635,Online Sale,Swiggy&zomato,07-2025,,,,Sales,2602,,Revenue,Income,0,,,,,,,,TRUE
01/07/2025,Tea,140,Bank_Cash,staff,07-2025,Paid,Naseem,01/07/2025,Staff Expenses,2603,,OpEx - Labor,Expense,0,,,,,,,,TRUE
01/07/2025,Kinners,20,Cash,Kinners,07-2025,Paid,Sameer,01/07/2025,Maintance,2604,,OpEx - Misc,Expense,0,,,,,,,,TRUE
01/07/2025,Advance,500,Cash,Prakash,07-2025,Paid,Sameer,01/07/2025,Salary,2605,,OpEx - Labor,Expense,0,,,,,,,,TRUE
02/07/2025,Charcoal,1680,Bank,gyanshewri,07-2025,Paid,Bank,05/07/2025,Inventory,2606,,COGS - Fuel,Expense,0,,,,,,,,TRUE
02/07/2025,Dairy,586,Bank,Adarsh Dairy,07-2025,Unpaid,,,Inventory,2607,,COGS - Dairy,Expense,0,,,,,,,,TRUE
02/07/2025,Vegetables,169,Bank,shree Bhairavnath,07-2025,Unpaid,,,Inventory,2608,,COGS - Veg,Expense,0,,,,,,,,TRUE
02/07/2025,Chicken,5319,Bank,Golden Chicken,07-2025,Paid,Bank,07/07/2025,Inventory,2609,,COGS - NonVeg,Expense,0,,,,,,,,TRUE
02/07/2025,Bakery,350,Cash,Pita Bread,07-2025,Paid,Sameer,02/07/2025,Grocery,2610,,COGS - Grocery,Expense,0,,,,,,,,TRUE
02/07/2025,Electricity,19900,Bank,Electricity,07-2025,Unpaid,,,Fixed Maintance,2611,,OpEx - Utilities,Expense,0,,,,,,,,TRUE
02/07/2025,Beverages,2535,Bank_Cash,Cold Drinks,07-2025,Paid,Sameer,02/07/2025,Grocery,2612,,COGS - Grocery,Expense,0,,,,,,,,TRUE
02/07/2025,Mutton,3360,Bank,A1,07-2025,Paid,Bank,02/07/2025,Inventory,2613,,COGS - NonVeg,Expense,0,,,,,,,,TRUE
02/07/2025,Hotel Commision,1622,Bank,Cornet Hotel,07-2025,Paid,Bank,02/07/2025,Fixed Maintance,2614,,OpEx - Admin,Expense,0,,,,,,,,TRUE
02/07/2025,Sales,1660,Cash,Petpooja,07-2025,,,,Sales,2615,,Revenue,Income,0,,,,,,,,TRUE
02/07/2025,Sales,840,Due,Anna Dosa Wale,07-2025,,,,Sales,2616,,Revenue,Income,0,,,,,,,,TRUE
02/07/2025,Sales,760,UPI,Petpooja,07-2025,,,,Sales,2617,,Revenue,Income,0,,,,,,,,TRUE
02/07/2025,Sales,10789,Wallet,Petpooja,07-2025,,,,Sales,2618,,Revenue,Income,0,,,,,,,,TRUE
02/07/2025,Sales,818,Zomato Pay,Petpooja,07-2025,,,,Sales,2619,,Revenue,Income,0,,,,,,,,TRUE
02/07/2025,Sales,3146,Online Sale,Swiggy&zomato,07-2025,,,,Sales,2620,,Revenue,Income,0,,,,,,,,TRUE
02/07/2025,Tea,125,Cash,staff,07-2025,Paid,Sameer,02/07/2025,Staff Expenses,2621,,OpEx - Labor,Expense,0,,,,,,,,TRUE
03/07/2025,Vegetables,258,Bank,shree Bhairavnath,07-2025,Unpaid,,,Inventory,2622,,COGS - Veg,Expense,0,,,,,,,,TRUE
03/07/2025,Dairy,958,Bank,Adarsh Dairy,07-2025,Unpaid,,,Inventory,2623,,COGS - Dairy,Expense,0,,,,,,,,TRUE
03/07/2025,Grocery,4802,Bank,Balaji,07-2025,Paid,Bank,13/07/2025,Inventory,2624,,COGS - Grocery,Expense,0,,,,,,,,TRUE
03/07/2025,Grocery,110,Cash,Chopsy,07-2025,Paid,Sameer,03/07/2025,Inventory,2625,,COGS - Grocery,Expense,0,,,,,,,,TRUE
03/07/2025,Dairy,900,Bank_Cash,Soyachaap & Paratha,07-2025,Paid,Naseem,03/07/2025,Inventory,2626,,COGS - Dairy,Expense,0,,,,,,,,TRUE
03/07/2025,Garbage Vehicle,1500,Bank,Garbage Vehicle,07-2025,Paid,Bank,03/07/2025,Fixed Maintance,2627,,OpEx - Maintenance,Expense,0,,,,,,,,TRUE
03/07/2025,Maintenance,160,Bank_Cash,Hardwear,07-2025,Paid,Naseem,03/07/2025,Maintance,2628,,OpEx - Maintenance,Expense,0,,,,,,,,TRUE
03/07/2025,Grocery,700,Bank_Cash,barista ,07-2025,Paid,Naseem,03/07/2025,Inventory,2629,,COGS - Grocery,Expense,0,,,,,,,,TRUE
03/07/2025,Chicken,2386,Bank,Golden Chicken,07-2025,Paid,Bank,07/07/2025,Inventory,2630,,COGS - NonVeg,Expense,0,,,,,,,,TRUE
03/07/2025,Advance,1240,Bank_Cash,Nasim Bhai Advance,07-2025,Paid,Naseem,03/07/2025,Salary,2631,,OpEx - Labor,Expense,0,,,,,,,,TRUE
03/07/2025,Advance,60,Cash,Nasim Bhai Advance,07-2025,Paid,Sameer,03/07/2025,Salary,2632,,OpEx - Labor,Expense,0,,,,,,,,TRUE
03/07/2025,Gas,1678,Bank,Sai Bharat,07-2025,Paid,Bank,26/07/2025,Fixed Maintance,2633,,OpEx - Utilities,Expense,0,,,,,,,,TRUE
03/07/2025,Bakery,140,Cash,Pita Bread,07-2025,Paid,,,Grocery,2634,,COGS - Grocery,Expense,0,,,,,,,,TRUE
03/07/2025,Restaurant New Inventory,13250,Bank,Gas Cylinder,07-2025,Paid,Shakil,03/07/2025,New Inventory,2635,,OpEx - CapEx,Expense,0,,,,,,,,TRUE
03/07/2025,Sales,3790,Cash,Petpooja,07-2025,,,,Sales,2636,,Revenue,Income,0,,,,,,,,TRUE
03/07/2025,Sales,160,Card,Petpooja,07-2025,,,,Sales,2637,,Revenue,Income,0,,,,,,,,TRUE
03/07/2025,Sales,625,UPI,Petpooja,07-2025,,,,Sales,2638,,Revenue,Income,0,,,,,,,,TRUE
03/07/2025,Sales,9824,Wallet,Petpooja,07-2025,,,,Sales,2639,,Revenue,Income,0,,,,,,,,TRUE
03/07/2025,Sales,4401,Online Sale,Swiggy&zomato,07-2025,,,,Sales,2640,,Revenue,Income,0,,,,,,,,TRUE
03/07/2025,Tea,80,Cash,staff,07-2025,Paid,Sameer,03/07/2025,Staff Expenses,2641,,OpEx - Labor,Expense,0,,,,,,,,TRUE
04/07/2025,Grocery,1954,Bank,Balaji,07-2025,Paid,Bank,13/07/2025,Inventory,2642,,COGS - Grocery,Expense,0,,,,,,,,TRUE
04/07/2025,Charcoal,1800,Bank,gyanshewri,07-2025,Paid,Bank,19/07/2025,Inventory,2643,,COGS - Fuel,Expense,0,,,,,,,,TRUE
04/07/2025,Vegetables,474,Bank,shree Bhairavnath,07-2025,Unpaid,,,Inventory,2644,,COGS - Veg,Expense,0,,,,,,,,TRUE
04/07/2025,Dairy,1131,Bank,Adarsh Dairy,07-2025,Unpaid,,,Inventory,2645,,COGS - Dairy,Expense,0,,,,,,,,TRUE
04/07/2025,Chicken,4490,Bank,Golden Chicken,07-2025,Paid,Bank,11/07/2025,Inventory,2646,,COGS - NonVeg,Expense,0,,,,,,,,TRUE
04/07/2025,Advance,3000,Bank_Cash,Ram Kumar,07-2025,Paid,Sameer,04/07/2025,Salary,2647,,OpEx - Labor,Expense,0,,,,,,,,TRUE
04/07/2025,Advance,500,Bank_Cash,Prakash,07-2025,Paid,Sameer,04/07/2025,Salary,2648,,OpEx - Labor,Expense,0,,,,,,,,TRUE
04/07/2025,Bakery,140,Cash,Pita Bread,07-2025,Paid,Sameer,04/07/2025,Grocery,2649,,COGS - Grocery,Expense,0,,,,,,,,TRUE
04/07/2025,Advance,100,Cash,Mukesh Kumar,07-2025,Paid,Sameer,04/07/2025,Salary,2650,,OpEx - Labor,Expense,0,,,,,,,,TRUE
04/07/2025,Gas,1678,Bank,Sai Bharat,07-2025,Paid,Bank,26/07/2025,Fixed Maintance,2651,,OpEx - Utilities,Expense,0,,,,,,,,TRUE
04/07/2025,Sales,3555,Cash,Petpooja,07-2025,,,,Sales,2652,,Revenue,Income,0,,,,,,,,TRUE
04/07/2025,Sales,920,UPI,Petpooja,07-2025,,,,Sales,2653,,Revenue,Income,0,,,,,,,,TRUE
04/07/2025,Sales,18743,Wallet,Petpooja,07-2025,,,,Sales,2654,,Revenue,Income,0,,,,,,,,TRUE
04/07/2025,Sales,2949,Online Sale,Swiggy&zomato,07-2025,,,,Sales,2655,,Revenue,Income,0,,,,,,,,TRUE
04/07/2025,Tea,115,Cash,staff,07-2025,Paid,Sameer,04/07/2025,Staff Expenses,2656,,OpEx - Labor,Expense,0,,,,,,,,TRUE
05/07/2025,Chicken,1130,Bank,Golden Chicken,07-2025,Paid,Bank,11/07/2025,Inventory,2657,,COGS - NonVeg,Expense,0,,,,,,,,TRUE
05/07/2025,Dairy,1258,Bank,Adarsh Dairy,07-2025,Unpaid,,,Inventory,2658,,COGS - Dairy,Expense,0,,,,,,,,TRUE
05/07/2025,Beverages,1200,Bank_Cash,Water Bottel,07-2025,Paid,Sameer,05/07/2025,Grocery,2659,,COGS - Grocery,Expense,0,,,,,,,,TRUE
05/07/2025,Bakery,140,Bank_Cash,Pita Bread,07-2025,Paid,Sameer,05/07/2025,Grocery,2660,,COGS - Grocery,Expense,0,,,,,,,,TRUE
05/07/2025,Beverages,780,Bank_Cash,Cold Drinks,07-2025,Paid,Sameer,05/07/2025,Grocery,2661,,COGS - Grocery,Expense,0,,,,,,,,TRUE
05/07/2025,Stationary,100,Bank_Cash,News Paper,07-2025,Paid,Sameer,05/07/2025,Inventory,2662,,COGS - Inventory,Expense,0,,,,,,,,TRUE
05/07/2025,Petrol,410,Bank_Cash,Nasim Bhai,07-2025,Paid,Sameer,05/07/2025,Bike Maintance,2663,,OpEx - Maintenance,Expense,0,,,,,,,,TRUE
05/07/2025,Disposable,6175,Bank,Anand,07-2025,Paid,Bank,03/08/2025,Inventory,2664,,COGS - Packaging,Expense,0,,,,,,,,TRUE
05/07/2025,Vegetables,353,Bank,shree Bhairavnath,07-2025,Unpaid,,,Inventory,2665,,COGS - Veg,Expense,0,,,,,,,,TRUE
05/07/2025,Egg,400,Bank_Cash,Mulani,07-2025,Paid,Sameer,05/07/2025,Grocery,2666,,COGS - Grocery,Expense,0,,,,,,,,TRUE
05/07/2025,Sales,6324,Cash,Petpooja,07-2025,,,,Sales,2667,,Revenue,Income,0,,,,,,,,TRUE
05/07/2025,Sales,730,UPI,Petpooja,07-2025,,,,Sales,2668,,Revenue,Income,0,,,,,,,,TRUE
05/07/2025,Sales,16530,Wallet,Petpooja,07-2025,,,,Sales,2669,,Revenue,Income,0,,,,,,,,TRUE
05/07/2025,Sales,1460,Zomato Pay,Petpooja,07-2025,,,,Sales,2670,,Revenue,Income,0,,,,,,,,TRUE
05/07/2025,Sales,2337,Online Sale,Swiggy&zomato,07-2025,,,,Sales,2671,,Revenue,Income,0,,,,,,,,TRUE
05/07/2025,Tea,94,Cash,staff,07-2025,Paid,Sameer,05/07/2025,Staff Expenses,2672,,OpEx - Labor,Expense,0,,,,,,,,TRUE
06/07/2025,Chicken,5858,Bank,Golden Chicken,07-2025,Paid,Bank,12/07/2025,Inventory,2673,,COGS - NonVeg,Expense,0,,,,,,,,TRUE
06/07/2025,Grocery,2265,Bank,Balaji,07-2025,Paid,Bank,13/07/2025,Inventory,2674,,COGS - Grocery,Expense,0,,,,,,,,TRUE
06/07/2025,Dairy,725,Bank,Adarsh Dairy,07-2025,Unpaid,,,Inventory,2675,,COGS - Dairy,Expense,0,,,,,,,,TRUE
06/07/2025,Bakery,140,Cash,Pita Bread,07-2025,Paid,Sameer,06/07/2025,Grocery,2676,,COGS - Grocery,Expense,0,,,,,,,,TRUE
06/07/2025,Gas,1678,Bank,Sai Bharat,07-2025,Paid,Bank,26/07/2025,Fixed Maintance,2677,,OpEx - Utilities,Expense,0,,,,,,,,TRUE
06/07/2025,Advance,6000,Bank_Cash,Laxmi Bai Salary,07-2025,Paid,Sameer,06/07/2025,Salary,2678,,OpEx - Labor,Expense,0,,,,,,,,TRUE
06/07/2025,Egg,920,Cash,Mulani,07-2025,Paid,Sameer,06/07/2025,Grocery,2679,,COGS - Grocery,Expense,0,,,,,,,,TRUE
06/07/2025,Vegetables,313,Bank,shree Bhairavnath,07-2025,Unpaid,,,Inventory,2680,,COGS - Veg,Expense,0,,,,,,,,TRUE
06/07/2025,Advance,1200,Cash,Abid Salary,07-2025,Paid,Sameer,06/07/2025,Salary,2681,,OpEx - Labor,Expense,0,,,,,,,,TRUE
06/07/2025,Sales,2615,Cash,Petpooja,07-2025,,,,Sales,2682,,Revenue,Income,0,,,,,,,,TRUE
06/07/2025,Sales,1989,UPI,Petpooja,07-2025,,,,Sales,2683,,Revenue,Income,0,,,,,,,,TRUE
06/07/2025,Sales,16057,Wallet,Petpooja,07-2025,,,,Sales,2684,,Revenue,Income,0,,,,,,,,TRUE
06/07/2025,Sales,2431,Online Sale,Swiggy&zomato,07-2025,,,,Sales,2685,,Revenue,Income,0,,,,,,,,TRUE
06/07/2025,Tea,105,Cash,staff,07-2025,Paid,Sameer,06/07/2025,Staff Expenses,2686,,OpEx - Labor,Expense,0,,,,,,,,TRUE
07/07/2025,Grocery,1750,Bank,Balaji,07-2025,Paid,Bank,13/07/2025,Inventory,2687,,COGS - Grocery,Expense,0,,,,,,,,TRUE
07/07/2025,Charcoal,1800,Bank,gyanshewri,07-2025,Paid,Bank,19/07/2025,Inventory,2688,,COGS - Fuel,Expense,0,,,,,,,,TRUE
07/07/2025,Vegetables,357,Bank,shree Bhairavnath,07-2025,Unpaid,,,Inventory,2689,,COGS - Veg,Expense,0,,,,,,,,TRUE
07/07/2025,Dairy,936,Bank,Adarsh Dairy,07-2025,Unpaid,,,Inventory,2690,,COGS - Dairy,Expense,0,,,,,,,,TRUE
07/07/2025,Chicken,2169,Bank,Golden Chicken,07-2025,Paid,Bank,13/07/2025,Inventory,2691,,COGS - NonVeg,Expense,0,,,,,,,,TRUE
07/07/2025,Dairy,220,Bank_Cash,Chipotali Sauce,07-2025,Paid,Sameer,07/07/2025,Inventory,2692,,COGS - Dairy,Expense,0,,,,,,,,TRUE
07/07/2025,Maintenance,220,Bank_Cash,Mixer Dhakan,07-2025,Paid,Sameer,07/07/2025,Maintance,2693,,OpEx - Maintenance,Expense,0,,,,,,,,TRUE
07/07/2025,Vegetables,500,Bank_Cash,Onion,07-2025,Paid,Sameer,07/07/2025,Inventory,2694,,COGS - Veg,Expense,0,,,,,,,,TRUE
07/07/2025,Bakery,210,Bank_Cash,Pita Bread,07-2025,Paid,Sameer,07/07/2025,Grocery,2695,,COGS - Grocery,Expense,0,,,,,,,,TRUE
07/07/2025,Disposable,80,Cash,Paper Plate,07-2025,Paid,Sameer,07/07/2025,Inventory,2696,,COGS - Packaging,Expense,0,,,,,,,,TRUE
07/07/2025,Gas,1678,Bank,Sai Bharat,07-2025,Paid,Bank,26/07/2025,Fixed Maintance,2697,,OpEx - Utilities,Expense,0,,,,,,,,TRUE
07/07/2025,Chamber Clean,1000,Cash,Vijay Mama,07-2025,Paid,Sameer,07/07/2025,Maintenance,2698,,OpEx - Maintenance,Expense,0,,,,,,,,TRUE
07/07/2025,Advance,100,Cash,Vijay,07-2025,Paid,Sameer,07/07/2025,Salary,2699,,OpEx - Labor,Expense,0,,,,,,,,TRUE
07/07/2025,Grocery,4500,Bank,Grocery,07-2025,Paid,Shakil,07/07/2025,Inventory,2700,,COGS - Grocery,Expense,0,,,,,,,,TRUE
07/07/2025,Maintenance,2300,Bank,Danish,07-2025,Paid,Bank,07/07/2025,Maintance,2701,,OpEx - Maintenance,Expense,0,,,,,,,,TRUE
07/07/2025,Sales,1870,Cash,Petpooja,07-2025,,,,Sales,2702,,Revenue,Income,0,,,,,,,,TRUE
07/07/2025,Sales,500,UPI,Petpooja,07-2025,,,,Sales,2703,,Revenue,Income,0,,,,,,,,TRUE
07/07/2025,Sales,12849,Wallet,Petpooja,07-2025,,,,Sales,2704,,Revenue,Income,0,,,,,,,,TRUE
07/07/2025,Sales,1635,Online Sale,Petpooja,07-2025,,,,Sales,2705,,Revenue,Income,0,,,,,,,,TRUE
07/07/2025,Tea,90,Cash,staff,07-2025,Paid,Sameer,07/07/2025,Staff Expenses,2706,,OpEx - Labor,Expense,0,,,,,,,,TRUE
08/07/2025,Dairy,653,Bank,Adarsh Dairy,07-2025,Unpaid,,,Inventory,2707,,COGS - Dairy,Expense,0,,,,,,,,TRUE
08/07/2025,Chicken,4469,Bank,Golden Chicken,07-2025,Paid,Bank,13/07/2025,Inventory,2708,,COGS - NonVeg,Expense,0,,,,,,,,TRUE
08/07/2025,Grocery,4093,Bank,Balaji,07-2025,Paid,Bank,13/07/2025,Inventory,2709,,COGS - Grocery,Expense,0,,,,,,,,TRUE
08/07/2025,Medical,90,Cash,staff,07-2025,Paid,Sameer,08/07/2025,Staff Expenses,2710,,OpEx - Labor,Expense,0,,,,,,,,TRUE
08/07/2025,Bakery,350,Cash,Pita Bread,07-2025,Paid,Sameer,08/07/2025,Grocery,2711,,COGS - Grocery,Expense,0,,,,,,,,TRUE
08/07/2025,Vegetables,188,Bank,shree Bhairavnath,07-2025,Unpaid,,,Inventory,2712,,COGS - Veg,Expense,0,,,,,,,,TRUE
08/07/2025,Advance,3000,Bank,Mukesh,07-2025,Paid,Shakil,08/07/2025,Salary,2713,,OpEx - Labor,Expense,0,,,,,,,,TRUE
08/07/2025,Advance,5000,Bank,Rahman,07-2025,Paid,Shakil,08/07/2025,Salary,2714,,OpEx - Labor,Expense,0,,,,,,,,TRUE
08/07/2025,Tea,99,Cash,staff,07-2025,Paid,Sameer,08/07/2025,Staff Expenses,2715,,OpEx - Labor,Expense,0,,,,,,,,TRUE
08/07/2025,Sales,2989,Cash,Petpooja,07-2025,,,,Sales,2716,,Revenue,Income,0,,,,,,,,TRUE
08/07/2025,Sales,510,Card,Petpooja,07-2025,,,,Sales,2717,,Revenue,Income,0,,,,,,,,TRUE
08/07/2025,Sales,740,UPI,Petpooja,07-2025,,,,Sales,2718,,Revenue,Income,0,,,,,,,,TRUE
08/07/2025,Sales,15385,Wallet,Petpooja,07-2025,,,,Sales,2719,,Revenue,Income,0,,,,,,,,TRUE
08/07/2025,Sales,2376,Online Sale,Swiggy&zomato,07-2025,,,,Sales,2720,,Revenue,Income,0,,,,,,,,TRUE
09/07/2025,Dairy,630,Bank,Adarsh Dairy,07-2025,Unpaid,,,Inventory,2721,,COGS - Dairy,Expense,0,,,,,,,,TRUE
09/07/2025,Charcoal,900,Bank,gyanshewri,07-2025,Paid,Bank,19/07/2025,Inventory,2722,,COGS - Fuel,Expense,0,,,,,,,,TRUE
09/07/2025,Chicken,3937,Bank,Golden Chicken,07-2025,Paid,Bank,13/07/2025,Inventory,2723,,COGS - NonVeg,Expense,0,,,,,,,,TRUE
09/07/2025,Grocery,2215,Bank,Balaji,07-2025,Paid,Bank,16/07/2025,Inventory,2724,,COGS - Grocery,Expense,0,,,,,,,,TRUE
09/07/2025,Vegetables,507,Bank,shree Bhairavnath,07-2025,Unpaid,,,Inventory,2725,,COGS - Veg,Expense,0,,,,,,,,TRUE
09/07/2025,Mutton,400,Bank_Cash,A1,07-2025,Paid,Sameer,09/07/2025,Inventory,2726,,COGS - NonVeg,Expense,0,,,,,,,,TRUE
09/07/2025,Grocery,150,Bank_Cash,Peri Peri Masala,07-2025,Paid,Sameer,09/07/2025,Inventory,2727,,COGS - Grocery,Expense,0,,,,,,,,TRUE
09/07/2025,Sales,1895,Cash,Petpooja,07-2025,,,,Sales,2728,,Revenue,Income,0,,,,,,,,TRUE
09/07/2025,Sales,440,Card,Petpooja,07-2025,,,,Sales,2729,,Revenue,Income,0,,,,,,,,TRUE
09/07/2025,Sales,1395,UPI,Petpooja,07-2025,,,,Sales,2730,,Revenue,Income,0,,,,,,,,TRUE
09/07/2025,Sales,19584,Wallet,Petpooja,07-2025,,,,Sales,2731,,Revenue,Income,0,,,,,,,,TRUE
09/07/2025,Sales,5041,Online Sale,Swiggy&zomato,07-2025,,,,Sales,2732,,Revenue,Income,0,,,,,,,,TRUE
09/07/2025,Tea,95,Cash,staff,07-2025,Paid,Sameer,09/07/2025,Staff Expenses,2733,,OpEx - Labor,Expense,0,,,,,,,,TRUE
10/07/2025,Vegetables,507,Bank,shree Bhairavnath,07-2025,Unpaid,,,Inventory,2734,,COGS - Veg,Expense,0,,,,,,,,TRUE
10/07/2025,Grocery,781,Bank,Balaji,07-2025,Paid,Bank,16/07/2025,Inventory,2735,,COGS - Grocery,Expense,0,,,,,,,,TRUE
10/07/2025,Bakery,210,Bank_Cash,Pita Bread,07-2025,Paid,Sameer,10/07/2025,Grocery,2736,,COGS - Grocery,Expense,0,,,,,,,,TRUE
10/07/2025,Dairy,1329,Bank,Adarsh Dairy,07-2025,Unpaid,,,Inventory,2737,,COGS - Dairy,Expense,0,,,,,,,,TRUE
10/07/2025,Grocery,700,Bank_Cash,barista ,07-2025,Paid,Sameer,10/07/2025,Inventory,2738,,COGS - Grocery,Expense,0,,,,,,,,TRUE
10/07/2025,Maintenance,150,Bank_Cash,Mixer Repair,07-2025,Paid,Sameer,10/07/2025,Maintance,2739,,OpEx - Maintenance,Expense,0,,,,,,,,TRUE
10/07/2025,Grocery,2800,Bank_Cash,Hyperpure,07-2025,Paid,Sameer,10/07/2025,Inventory,2740,,COGS - Grocery,Expense,0,,,,,,,,TRUE
10/07/2025,Disposable,810,Bank,Anand,07-2025,Paid,,21/07/2025,Inventory,2741,,COGS - Packaging,Expense,0,,,,,,,,TRUE
10/07/2025,Grocery,110,Bank_Cash,Noodles,07-2025,Paid,Sameer,10/07/2025,Inventory,2742,,COGS - Grocery,Expense,0,,,,,,,,TRUE
10/07/2025,Gas,1678,Bank,Sai Bharat,07-2025,Paid,Bank,26/07/2025,Fixed Maintance,2743,,OpEx - Utilities,Expense,0,,,,,,,,TRUE
10/07/2025,Egg,879,Cash,Mulani,07-2025,Paid,Sameer,10/07/2025,Grocery,2744,,COGS - Grocery,Expense,0,,,,,,,,TRUE
10/07/2025,Sales,1939,Cash,Petpooja,07-2025,,,,Sales,2745,,Revenue,Income,0,,,,,,,,TRUE
10/07/2025,Sales,200,Due,Kishan Pan Shop,07-2025,,,,Sales,2746,,Revenue,Income,0,,,,,,,,TRUE
10/07/2025,Sales,405,UPI,Petpooja,07-2025,,,,Sales,2747,,Revenue,Income,0,,,,,,,,TRUE
10/07/2025,Sales,9700,Wallet,Petpooja,07-2025,,,,Sales,2748,,Revenue,Income,0,,,,,,,,TRUE
10/07/2025,Sales,1288,Online Sale,Petpooja,07-2025,,,,Sales,2749,,Revenue,Income,0,,,,,,,,TRUE
10/07/2025,Chicken,5454,Bank,Golden Chicken,07-2025,Paid,Bank,16/07/2025,Inventory,2750,,COGS - NonVeg,Expense,0,,,,,,,,TRUE
10/07/2025,Sales,1110,Card,Petpooja,07-2025,,,,Sales,2751,,Revenue,Income,0,,,,,,,,TRUE
10/07/2025,Tea,90,Cash,staff,07-2025,Paid,Sameer,10/07/2025,Staff Expenses,2752,,OpEx - Labor,Expense,0,,,,,,,,TRUE
11/07/2025,Charcoal,1800,Bank,gyanshewri,07-2025,Paid,Bank,19/07/2025,Inventory,2753,,COGS - Fuel,Expense,0,,,,,,,,TRUE
11/07/2025,Bakery,210,Bank_Cash,Pita Bread,07-2025,Paid,,,Grocery,2754,,COGS - Grocery,Expense,0,,,,,,,,TRUE
11/07/2025,Grocery,1810,Bank,Balaji,07-2025,Paid,Bank,16/07/2025,Inventory,2755,,COGS - Grocery,Expense,0,,,,,,,,TRUE
11/07/2025,Dairy,630,Bank,Adarsh Dairy,07-2025,Unpaid,,,Inventory,2756,,COGS - Dairy,Expense,0,,,,,,,,TRUE
11/07/2025,Chicken,2204,Bank,Golden Chicken,07-2025,Paid,Bank,20/07/2025,Inventory,2757,,COGS - NonVeg,Expense,0,,,,,,,,TRUE
11/07/2025,Petrol,310,Bank_Cash,Nasim Bhai,07-2025,Paid,Sameer,11/07/2025,Bike Maintance,2758,,OpEx - Maintenance,Expense,0,,,,,,,,TRUE
11/07/2025,Internet,600,Bank_Cash,Internet,07-2025,Paid,Sameer,11/07/2025,Fixed Maintance,2759,,OpEx - Utilities,Expense,0,,,,,,,,TRUE
11/07/2025,Sales,5103,Cash,Petpooja,07-2025,,,,Sales,2760,,Revenue,Income,0,,,,,,,,TRUE
11/07/2025,Sales,765,Card,Petpooja,07-2025,,,,Sales,2761,,Revenue,Income,0,,,,,,,,TRUE
11/07/2025,Sales,260,UPI,Petpooja,07-2025,,,,Sales,2762,,Revenue,Income,0,,,,,,,,TRUE
11/07/2025,Sales,24257,Wallet,Petpooja,07-2025,,,,Sales,2763,,Revenue,Income,0,,,,,,,,TRUE
11/07/2025,Sales,2680,Zomato Pay,Petpooja,07-2025,,,,Sales,2764,,Revenue,Income,0,,,,,,,,TRUE
11/07/2025,Sales,3201,Online Sale,Swiggy&zomato,07-2025,,,,Sales,2765,,Revenue,Income,0,,,,,,,,TRUE
11/07/2025,Tea,83,Cash,staff,07-2025,Paid,Sameer,11/07/2025,Staff Expenses,2766,,OpEx - Labor,Expense,0,,,,,,,,TRUE
11/07/2025,Vegetables,315,Bank,shree Bhairavnath,07-2025,Unpaid,,,Inventory,2767,,COGS - Veg,Expense,0,,,,,,,,TRUE
12/07/2025,Grocery,1058,Bank,Balaji,07-2025,Paid,Bank,21/07/2025,Inventory,2768,,COGS - Grocery,Expense,0,,,,,,,,TRUE
12/07/2025,Dairy,1646,Bank,Adarsh Dairy,07-2025,Unpaid,,,Inventory,2769,,COGS - Dairy,Expense,0,,,,,,,,TRUE
12/07/2025,Vegetables,900,Bank_Cash,Onion,07-2025,Paid,Sameer,12/07/2025,Inventory,2770,,COGS - Veg,Expense,0,,,,,,,,TRUE
12/07/2025,Chicken,7481,Bank,Golden Chicken,07-2025,Paid,Bank,20/07/2025,Inventory,2771,,COGS - NonVeg,Expense,0,,,,,,,,TRUE
12/07/2025,Beverages,1200,Bank_Cash,Water Bottel,07-2025,Paid,Sameer,12/07/2025,Grocery,2772,,COGS - Grocery,Expense,0,,,,,,,,TRUE
12/07/2025,Mutton,1880,Bank_Cash,A1,07-2025,Paid,Sameer,12/07/2025,Inventory,2773,,COGS - NonVeg,Expense,0,,,,,,,,TRUE
12/07/2025,Dairy,350,Bank_Cash,Paratha,07-2025,Paid,Sameer,12/07/2025,Inventory,2774,,COGS - Dairy,Expense,0,,,,,,,,TRUE
12/07/2025,Gas,1678,Bank,Sai Bharat,07-2025,Paid,Bank,26/07/2025,Fixed Maintance,2775,,OpEx - Utilities,Expense,0,,,,,,,,TRUE
12/07/2025,Vegetables,838,Bank,shree Bhairavnath,07-2025,Unpaid,,,Inventory,2776,,COGS - Veg,Expense,0,,,,,,,,TRUE
12/07/2025,Sales,4694,Cash,Petpooja,07-2025,,,,Sales,2777,,Revenue,Income,0,,,,,,,,TRUE
12/07/2025,Sales,965,Card,Petpooja,07-2025,,,,Sales,2778,,Revenue,Income,0,,,,,,,,TRUE
12/07/2025,Sales,230,UPI,Petpooja,07-2025,,,,Sales,2779,,Revenue,Income,0,,,,,,,,TRUE
12/07/2025,Sales,27442,Wallet,Petpooja,07-2025,,,,Sales,2780,,Revenue,Income,0,,,,,,,,TRUE
12/07/2025,Sales,2787,Online Sale,Swiggy&zomato,07-2025,,,,Sales,2781,,Revenue,Income,0,,,,,,,,TRUE
12/07/2025,Bakery,210,Bank_Cash,Pita Bread,07-2025,Paid,Sameer,12/07/2025,Grocery,2782,,COGS - Grocery,Expense,0,,,,,,,,TRUE
12/07/2025,Advance,500,Cash,Vijay,07-2025,Paid,Sameer,12/07/2025,Salary,2783,,OpEx - Labor,Expense,0,,,,,,,,TRUE
12/07/2025,Advance,500,Cash,Ram Kumar,07-2025,Paid,Sameer,12/07/2025,Salary,2784,,OpEx - Labor,Expense,0,,,,,,,,TRUE
12/07/2025,Tea,104,Cash,staff,07-2025,Paid,Sameer,12/07/2025,Staff Expenses,2785,,OpEx - Labor,Expense,0,,,,,,,,TRUE
12/07/2025,Grocery,245,Bank,Balaji,07-2025,Paid,Bank,27/07/2025,Inventory,2786,,COGS - Grocery,Expense,0,,,,,,,,TRUE
13/07/2025,Dairy,1656,Bank,Adarsh Dairy,07-2025,Unpaid,,,Inventory,2787,,COGS - Dairy,Expense,0,,,,,,,,TRUE
13/07/2025,Grocery,4650,Bank,Balaji,07-2025,Paid,Bank,21/07/2025,Inventory,2788,,COGS - Grocery,Expense,0,,,,,,,,TRUE
13/07/2025,Grocery,110,Bank_Cash,Noodles,07-2025,Paid,Sameer,13/07/2025,Inventory,2789,,COGS - Grocery,Expense,0,,,,,,,,TRUE
13/07/2025,Vegetables,583,Bank,shree Bhairavnath,07-2025,Unpaid,,,Inventory,2790,,COGS - Veg,Expense,0,,,,,,,,TRUE
13/07/2025,Bakery,210,Bank_Cash,Pita Bread,07-2025,Paid,Sameer,13/07/2025,Grocery,2791,,COGS - Grocery,Expense,0,,,,,,,,TRUE
13/07/2025,Advance,500,Bank_Cash,Prakash,07-2025,Paid,Sameer,13/07/2025,Salary,2792,,OpEx - Labor,Expense,0,,,,,,,,TRUE
13/07/2025,Chicken,3825,Bank,Golden Chicken,07-2025,Paid,Bank,20/07/2025,Inventory,2793,,COGS - NonVeg,Expense,0,,,,,,,,TRUE
13/07/2025,Sales,7223,Cash,Petpooja,07-2025,,,,Sales,2794,,Revenue,Income,0,,,,,,,,TRUE
13/07/2025,Sales,360,Card,Petpooja,07-2025,,,,Sales,2795,,Revenue,Income,0,,,,,,,,TRUE
13/07/2025,Sales,3159,UPI,Petpooja,07-2025,,,,Sales,2796,,Revenue,Income,0,,,,,,,,TRUE
13/07/2025,Sales,12810,Wallet,Petpooja,07-2025,,,,Sales,2797,,Revenue,Income,0,,,,,,,,TRUE
13/07/2025,Sales,559,Zomato Pay,Petpooja,07-2025,,,,Sales,2798,,Revenue,Income,0,,,,,,,,TRUE
13/07/2025,Sales,2350,Online Sale,Swiggy&zomato,07-2025,,,,Sales,2799,,Revenue,Income,0,,,,,,,,TRUE
13/07/2025,Advance,3000,Bank_Cash,Danish,07-2025,Paid,Sameer,13/07/2025,Salary,2800,,OpEx - Labor,Expense,0,,,,,,,,TRUE
13/07/2025,Tea,103,Cash,staff,07-2025,Paid,Sameer,13/07/2025,Staff Expenses,2801,,OpEx - Labor,Expense,0,,,,,,,,TRUE
14/07/2025,Grocery,200,Bank,Balaji,07-2025,Paid,Bank,23/07/2025,Inventory,2802,,COGS - Grocery,Expense,0,,,,,,,,TRUE
14/07/2025,Gas,1678,Bank,Sai Bharat,07-2025,Paid,Bank,26/07/2025,Fixed Maintance,2803,,OpEx - Utilities,Expense,0,,,,,,,,TRUE
14/07/2025,Vegetables,327,Bank,shree Bhairavnath,07-2025,Unpaid,,,Inventory,2804,,COGS - Veg,Expense,0,,,,,,,,TRUE
14/07/2025,Chicken,3586,Bank,Golden Chicken,07-2025,Paid,Bank,20/07/2025,Inventory,2805,,COGS - NonVeg,Expense,0,,,,,,,,TRUE
14/07/2025,Dairy,962,Bank,Adarsh Dairy,07-2025,Unpaid,,,Inventory,2806,,COGS - Dairy,Expense,0,,,,,,,,TRUE
14/07/2025,Charcoal,900,Bank,gyanshewri,07-2025,Paid,Bank,19/07/2025,Inventory,2807,,COGS - Fuel,Expense,0,,,,,,,,TRUE
14/07/2025,Bakery,210,Bank_Cash,Pita Bread,07-2025,Paid,Sameer,14/07/2025,Grocery,2808,,COGS - Grocery,Expense,0,,,,,,,,TRUE
14/07/2025,Kinners,50,Cash,Kinners,07-2025,Paid,Sameer,14/07/2025,Maintance,2809,,OpEx - Misc,Expense,0,,,,,,,,TRUE
14/07/2025,Sales,860,Cash,Petpooja,07-2025,,,,Sales,2810,,Revenue,Income,0,,,,,,,,TRUE
14/07/2025,Sales,715,Card,Petpooja,07-2025,,,,Sales,2811,,Revenue,Income,0,,,,,,,,TRUE
14/07/2025,Sales,170,UPI,Petpooja,07-2025,,,,Sales,2812,,Revenue,Income,0,,,,,,,,TRUE
14/07/2025,Sales,6980,Wallet,Petpooja,07-2025,,,,Sales,2813,,Revenue,Income,0,,,,,,,,TRUE
14/07/2025,Sales,1800,Online Sale,Swiggy&zomato,07-2025,,,,Sales,2814,,Revenue,Income,0,,,,,,,,TRUE
15/07/2025,Chicken,1935,Bank,Golden Chicken,07-2025,Paid,Bank,20/07/2025,Inventory,2815,,COGS - NonVeg,Expense,0,,,,,,,,TRUE
15/07/2025,Vegetables,100,Bank,shree Bhairavnath,07-2025,Unpaid,,,Inventory,2816,,COGS - Veg,Expense,0,,,,,,,,TRUE
15/07/2025,Dairy,711,Bank,Adarsh Dairy,07-2025,Unpaid,,,Inventory,2817,,COGS - Dairy,Expense,0,,,,,,,,TRUE
15/07/2025,Grocery,165,Bank_Cash,Noodles,07-2025,Paid,Sameer,15/07/2025,Inventory,2818,,COGS - Grocery,Expense,0,,,,,,,,TRUE
15/07/2025,Egg,1020,Bank_Cash,Mulani,07-2025,Paid,Sameer,15/07/2025,Grocery,2819,,COGS - Grocery,Expense,0,,,,,,,,TRUE
15/07/2025,Sales,3053,Cash,Petpooja,07-2025,,,,Sales,2820,,Revenue,Income,0,,,,,,,,TRUE
15/07/2025,Sales,60,UPI,Petpooja,07-2025,,,,Sales,2821,,Revenue,Income,0,,,,,,,,TRUE
15/07/2025,Sales,9143,Wallet,Petpooja,07-2025,,,,Sales,2822,,Revenue,Income,0,,,,,,,,TRUE
15/07/2025,Sales,2472,Online Sale,Swiggy&zomato,07-2025,,,,Sales,2823,,Revenue,Income,0,,,,,,,,TRUE
15/07/2025,Tea,118,Cash,staff,07-2025,Paid,Sameer,15/07/2025,Staff Expenses,2824,,OpEx - Labor,Expense,0,,,,,,,,TRUE
15/07/2025,Advance,100,Bank_Cash,Vijay,07-2025,Paid,Sameer,15/07/2025,Salary,2825,,OpEx - Labor,Expense,0,,,,,,,,TRUE
16/07/2025,Grocery,3170,Bank,Balaji,07-2025,Paid,Bank,23/07/2025,Inventory,2826,,COGS - Grocery,Expense,0,,,,,,,,TRUE
16/07/2025,Chicken,1450,Bank,Golden Chicken,07-2025,Paid,Bank,23/07/2025,Inventory,2827,,COGS - NonVeg,Expense,0,,,,,,,,TRUE
16/07/2025,Charcoal,1800,Bank,gyanshewri,07-2025,Paid,Bank,19/07/2025,Inventory,2828,,COGS - Fuel,Expense,0,,,,,,,,TRUE
16/07/2025,Dairy,543,Bank,Adarsh Dairy,07-2025,Unpaid,,,Inventory,2829,,COGS - Dairy,Expense,0,,,,,,,,TRUE
16/07/2025,Petrol,370,Bank_Cash,Nasim Bhai,07-2025,Paid,Sameer,16/07/2025,Bike Maintance,2830,,OpEx - Maintenance,Expense,0,,,,,,,,TRUE
16/07/2025,Disposable,2155,Bank,Anand,07-2025,Paid,Sameer,26/07/2025,Inventory,2831,,COGS - Packaging,Expense,0,,,,,,,,TRUE
16/07/2025,Dairy,570,Bank_Cash,paratha & Soya Chaap,07-2025,Paid,Sameer,16/07/2025,Inventory,2832,,COGS - Dairy,Expense,0,,,,,,,,TRUE
16/07/2025,Grocery,700,Bank_Cash,barista ,07-2025,Paid,Sameer,16/07/2025,Inventory,2833,,COGS - Grocery,Expense,0,,,,,,,,TRUE
16/07/2025,Bakery,210,Bank_Cash,Pita Bread,07-2025,Paid,Sameer,16/07/2025,Grocery,2834,,COGS - Grocery,Expense,0,,,,,,,,TRUE
16/07/2025,Vegetables,331,Bank,shree Bhairavnath,07-2025,Unpaid,,,Inventory,2835,,COGS - Veg,Expense,0,,,,,,,,TRUE
16/07/2025,Gas,1678,Bank,Sai Bharat,07-2025,Paid,Bank,26/07/2025,Fixed Maintance,2836,,OpEx - Utilities,Expense,0,,,,,,,,TRUE
16/07/2025,Momos,210,Bank_Cash,Mount,07-2025,Paid,Sameer,16/07/2025,Inventory,2837,,COGS - Inventory,Expense,0,,,,,,,,TRUE
16/07/2025,Water 20 Ltrs,1950,Bank,Water 20 Ltrs,07-2025,Paid,Bank,16/07/2025,Inventory,2838,,COGS - Utilities,Expense,0,,,,,,,,TRUE
16/07/2025,Sales,5329,Cash,Petpooja,07-2025,,,,Sales,2839,,Revenue,Income,0,,,,,,,,TRUE
16/07/2025,Sales,430,Card,Petpooja,07-2025,,,,Sales,2840,,Revenue,Income,0,,,,,,,,TRUE
16/07/2025,Sales,95,UPI,Petpooja,07-2025,,,,Sales,2841,,Revenue,Income,0,,,,,,,,TRUE
16/07/2025,Sales,14075,Wallet,Petpooja,07-2025,,,,Sales,2842,,Revenue,Income,0,,,,,,,,TRUE
16/07/2025,Sales,1280,Online Sale,Swiggy&zomato,07-2025,,,,Sales,2843,,Revenue,Income,0,,,,,,,,TRUE
16/07/2025,Tea,69,Cash,staff,07-2025,Paid,Sameer,16/07/2025,Staff Expenses,2844,,OpEx - Labor,Expense,0,,,,,,,,TRUE
17/07/2025,Chicken,3768,Bank,Golden Chicken,07-2025,Paid,Bank,23/07/2025,Inventory,2845,,COGS - NonVeg,Expense,0,,,,,,,,TRUE
17/07/2025,Grocery,2923,Bank,Balaji,07-2025,Paid,Bank,23/07/2025,Inventory,2846,,COGS - Grocery,Expense,0,,,,,,,,TRUE
17/07/2025,Dairy,1448,Bank,Adarsh Dairy,07-2025,Unpaid,,,Inventory,2847,,COGS - Dairy,Expense,0,,,,,,,,TRUE
17/07/2025,Bakery,350,Bank_Cash,Pita Bread,07-2025,Paid,Sameer,17/07/2025,Grocery,2848,,COGS - Grocery,Expense,0,,,,,,,,TRUE
17/07/2025,Beverages,1200,Bank_Cash,Water Bottel,07-2025,Paid,Sameer,17/07/2025,Grocery,2849,,COGS - Grocery,Expense,0,,,,,,,,TRUE
17/07/2025,Maintenance,50,Bank_Cash,Weldding,07-2025,Paid,Sameer,17/07/2025,Maintance,2850,,OpEx - Maintenance,Expense,0,,,,,,,,TRUE
17/07/2025,Vegetables,237,Bank,shree Bhairavnath,07-2025,Unpaid,,,Inventory,2851,,COGS - Veg,Expense,0,,,,,,,,TRUE
17/07/2025,Kinners,100,Bank_Cash,Kinners,07-2025,Paid,Sameer,17/07/2025,Maintance,2852,,OpEx - Misc,Expense,0,,,,,,,,TRUE
17/07/2025,Sales,3555,Cash,Petpooja,07-2025,,,,Sales,2853,,Revenue,Income,0,,,,,,,,TRUE
17/07/2025,Sales,1135,Card,Petpooja,07-2025,,,,Sales,2854,,Revenue,Income,0,,,,,,,,TRUE
17/07/2025,Sales,500,UPI,Petpooja,07-2025,,,,Sales,2855,,Revenue,Income,0,,,,,,,,TRUE
17/07/2025,Sales,6989,Wallet,Petpooja,07-2025,,,,Sales,2856,,Revenue,Income,0,,,,,,,,TRUE
17/07/2025,Sales,854,Online Sale,Petpooja,07-2025,,,,Sales,2857,,Revenue,Income,0,,,,,,,,TRUE
17/07/2025,Tea,55,Cash,Swiggy&zomato,07-2025,Paid,Sameer,17/07/2025,Staff Expenses,2858,,OpEx - Labor,Expense,0,,,,,,,,TRUE
18/07/2025,Grocery,653,Bank,Balaji,07-2025,Paid,Bank,23/07/2025,Inventory,2859,,COGS - Grocery,Expense,0,,,,,,,,TRUE
18/07/2025,Charcoal,900,Bank,gyanshewri,07-2025,Paid,Bank,01/08/2025,Inventory,2860,,COGS - Fuel,Expense,0,,,,,,,,TRUE
18/07/2025,Dairy,610,Bank,Adarsh Dairy,07-2025,Unpaid,,,Inventory,2861,,COGS - Dairy,Expense,0,,,,,,,,TRUE
18/07/2025,Grocery,110,Bank_Cash,Noodles,07-2025,Paid,Sameer,18/07/2025,Inventory,2862,,COGS - Grocery,Expense,0,,,,,,,,TRUE
18/07/2025,Chicken,1975,Bank,Golden Chicken,07-2025,Paid,Bank,23/07/2025,Inventory,2863,,COGS - NonVeg,Expense,0,,,,,,,,TRUE
18/07/2025,Mutton,1480,Bank_Cash,A1,07-2025,Paid,Sameer,18/07/2025,Inventory,2864,,COGS - NonVeg,Expense,0,,,,,,,,TRUE
18/07/2025,Vegetables,537,Bank,shree Bhairavnath,07-2025,Unpaid,,,Inventory,2865,,COGS - Veg,Expense,0,,,,,,,,TRUE
18/07/2025,Gas,1678,Bank,Sai Bharat,07-2025,Paid,Bank,26/07/2025,Fixed Maintance,2866,,OpEx - Utilities,Expense,0,,,,,,,,TRUE
18/07/2025,Sales,735,Cash,Petpooja,07-2025,,,,Sales,2867,,Revenue,Income,0,,,,,,,,TRUE
18/07/2025,Sales,30,UPI,Petpooja,07-2025,,,,Sales,2868,,Revenue,Income,0,,,,,,,,TRUE
18/07/2025,Sales,17544,Wallet,Petpooja,07-2025,,,,Sales,2869,,Revenue,Income,0,,,,,,,,TRUE
18/07/2025,Sales,580,Zomato Pay,Petpooja,07-2025,,,,Sales,2870,,Revenue,Income,0,,,,,,,,TRUE
18/07/2025,Sales,2422,Online Sale,Petpooja,07-2025,,,,Sales,2871,,Revenue,Income,0,,,,,,,,TRUE
18/07/2025,Tea,95,Cash,staff,07-2025,Paid,Sameer,18/07/2025,Staff Expenses,2872,,OpEx - Labor,Expense,0,,,,,,,,TRUE
19/07/2025,Chicken,2687,Bank,Golden Chicken,07-2025,Paid,Bank,23/07/2025,Inventory,2873,,COGS - NonVeg,Expense,0,,,,,,,,TRUE
19/07/2025,Grocery,2725,Bank,Balaji,07-2025,Paid,Bank,23/07/2025,Inventory,2874,,COGS - Grocery,Expense,0,,,,,,,,TRUE
19/07/2025,Advance,3000,Bank_Cash,Vijay,07-2025,Paid,Sameer,19/07/2025,Salary,2875,,OpEx - Labor,Expense,0,,,,,,,,TRUE
19/07/2025,Bakery,210,Bank_Cash,Pita Bread,07-2025,Paid,Sameer,19/07/2025,Grocery,2876,,COGS - Grocery,Expense,0,,,,,,,,TRUE
19/07/2025,Dairy,545,Bank,Adarsh Dairy,07-2025,Unpaid,,,Inventory,2877,,COGS - Dairy,Expense,0,,,,,,,,TRUE
19/07/2025,Grocery,310,Bank_Cash,Honey,07-2025,Paid,Sameer,19/07/2025,Inventory,2878,,COGS - Grocery,Expense,0,,,,,,,,TRUE
19/07/2025,Garbage Vehicle,700,Bank_Cash,Chicken,07-2025,Paid,Sameer,19/07/2025,Fixed Maintance,2879,,OpEx - Maintenance,Expense,0,,,,,,,,TRUE
19/07/2025,Mutton,400,Bank_Cash,A1,07-2025,Paid,Sameer,19/07/2025,Inventory,2880,,COGS - NonVeg,Expense,0,,,,,,,,TRUE
19/07/2025,Egg,1010,Bank_Cash,Mulani,07-2025,Paid,Sameer,19/07/2025,Grocery,2881,,COGS - Grocery,Expense,0,,,,,,,,TRUE
19/07/2025,Vegetables,475,Bank,shree Bhairavnath,07-2025,Unpaid,,,Inventory,2882,,COGS - Veg,Expense,0,,,,,,,,TRUE
19/07/2025,Sales,2930,Cash,Petpooja,07-2025,,,,Sales,2883,,Revenue,Income,0,,,,,,,,TRUE
19/07/2025,Sales,300,Card,Petpooja,07-2025,,,,Sales,2884,,Revenue,Income,0,,,,,,,,TRUE
19/07/2025,Sales,150,UPI,Petpooja,07-2025,,,,Sales,2885,,Revenue,Income,0,,,,,,,,TRUE
19/07/2025,Sales,12539,Wallet,Petpooja,07-2025,,,,Sales,2886,,Revenue,Income,0,,,,,,,,TRUE
19/07/2025,Sales,4069,Online Sale,Swiggy&zomato,07-2025,,,,Sales,2887,,Revenue,Income,0,,,,,,,,TRUE
19/07/2025,Tea,100,Cash,staff,07-2025,Paid,Sameer,19/07/2025,Staff Expenses,2888,,OpEx - Labor,Expense,0,,,,,,,,TRUE
20/07/2025,Grocery,870,Bank,Balaji,07-2025,Paid,Bank,27/07/2025,Inventory,2889,,COGS - Grocery,Expense,0,,,,,,,,TRUE
20/07/2025,Vegetables,190,Bank,shree Bhairavnath,07-2025,Unpaid,,,Inventory,2890,,COGS - Veg,Expense,0,,,,,,,,TRUE
20/07/2025,Dairy,1371,Bank,Adarsh Dairy,07-2025,Unpaid,,,Inventory,2891,,COGS - Dairy,Expense,0,,,,,,,,TRUE
20/07/2025,Stationary,100,Bank_Cash,News Paper,07-2025,Paid,Sameer,20/07/2025,Inventory,2892,,COGS - Inventory,Expense,0,,,,,,,,TRUE
20/07/2025,Gas,3356,Bank,Sai Bharat,07-2025,Paid,Bank,26/07/2025,Fixed Maintance,2893,,OpEx - Utilities,Expense,0,,,,,,,,TRUE
20/07/2025,Dairy,350,Bank_Cash,Paratha,07-2025,Paid,Sameer,20/07/2025,Inventory,2894,,COGS - Dairy,Expense,0,,,,,,,,TRUE
20/07/2025,Petrol,310,Bank_Cash,Nasim Bhai,07-2025,Paid,Sameer,20/07/2025,Bike Maintance,2895,,OpEx - Maintenance,Expense,0,,,,,,,,TRUE
20/07/2025,Sales,2960,Cash,Petpooja,07-2025,,,,Sales,2896,,Revenue,Income,0,,,,,,,,TRUE
20/07/2025,Sales,1600,Card,Petpooja,07-2025,,,,Sales,2897,,Revenue,Income,0,,,,,,,,TRUE
20/07/2025,Sales,1220,UPI,Petpooja,07-2025,,,,Sales,2898,,Revenue,Income,0,,,,,,,,TRUE
20/07/2025,Sales,16799,Wallet,Petpooja,07-2025,,,,Sales,2899,,Revenue,Income,0,,,,,,,,TRUE
20/07/2025,Sales,245,Zomato Pay,Petpooja,07-2025,,,,Sales,2900,,Revenue,Income,0,,,,,,,,TRUE
20/07/2025,Sales,5151,Online Sale,Swiggy&zomato,07-2025,,,,Sales,2901,,Revenue,Income,0,,,,,,,,TRUE
20/07/2025,Chicken,4555,Bank,Golden Chicken,07-2025,Paid,Bank,27/07/2025,Inventory,2902,,COGS - NonVeg,Expense,0,,,,,,,,TRUE
20/07/2025,Advance,1000,Bank_Cash,Imran,07-2025,Paid,Sameer,20/07/2025,Salary,2903,,OpEx - Labor,Expense,0,,,,,,,,TRUE
20/07/2025,Advance,1000,Bank_Cash,Prakash Salary,07-2025,Paid,Sameer,20/07/2025,Salary,2904,,OpEx - Labor,Expense,0,,,,,,,,TRUE
20/07/2025,Advance,7720,Bank_Cash,Ram Kumar Salary,07-2025,Paid,Sameer,20/07/2025,Salary,2905,,OpEx - Labor,Expense,0,,,,,,,,TRUE
20/07/2025,Tea,80,Cash,staff,07-2025,Paid,Sameer,20/07/2025,Staff Expenses,2906,,OpEx - Labor,Expense,0,,,,,,,,TRUE
21/07/2025,Chicken,5735,Bank,Golden Chicken,07-2025,Paid,Bank,27/07/2025,Inventory,2907,,COGS - NonVeg,Expense,0,,,,,,,,TRUE
21/07/2025,Grocery,4662,Bank,Balaji,07-2025,Paid,Bank,27/07/2025,Inventory,2908,,COGS - Grocery,Expense,0,,,,,,,,TRUE
21/07/2025,Bakery,315,Cash,Pita Bread,07-2025,Paid,Sameer,21/07/2025,Grocery,2909,,COGS - Grocery,Expense,0,,,,,,,,TRUE
21/07/2025,Dairy,1425,Bank,Adarsh Dairy,07-2025,Unpaid,,,Inventory,2910,,COGS - Dairy,Expense,0,,,,,,,,TRUE
21/07/2025,Charcoal,900,Bank,gyanshewri,07-2025,Paid,Bank,01/08/2025,Inventory,2911,,COGS - Fuel,Expense,0,,,,,,,,TRUE
21/07/2025,Beverages,1200,Bank_Cash,Water Bottel,07-2025,Paid,Sameer,21/07/2025,Grocery,2912,,COGS - Grocery,Expense,0,,,,,,,,TRUE
21/07/2025,Vegetables,363,Bank,shree Bhairavnath,07-2025,Unpaid,,,Inventory,2913,,COGS - Veg,Expense,0,,,,,,,,TRUE
21/07/2025,Sales,680,Cash,Petpooja,07-2025,,,,Sales,2914,,Revenue,Income,0,,,,,,,,TRUE
21/07/2025,Sales,1245,UPI,Petpooja,07-2025,,,,Sales,2915,,Revenue,Income,0,,,,,,,,TRUE
21/07/2025,Sales,3970,Wallet,Petpooja,07-2025,,,,Sales,2916,,Revenue,Income,0,,,,,,,,TRUE
21/07/2025,Sales,728,Online Sale,Swiggy&zomato,07-2025,,,,Sales,2917,,Revenue,Income,0,,,,,,,,TRUE
21/07/2025,Vegetables,50,Bank_Cash,Papaya,07-2025,Paid,Sameer,21/07/2025,Inventory,2918,,COGS - Veg,Expense,0,,,,,,,,TRUE
21/07/2025,Tea,65,Cash,staff,07-2025,Paid,Sameer,21/07/2025,Staff Expenses,2919,,OpEx - Labor,Expense,0,,,,,,,,TRUE
22/07/2025,Dairy,446,Bank,Adarsh Dairy,07-2025,Unpaid,,,Inventory,2920,,COGS - Dairy,Expense,0,,,,,,,,TRUE
22/07/2025,Vegetables,550,Bank_Cash,Onion,07-2025,Paid,Sameer,22/07/2025,Inventory,2921,,COGS - Veg,Expense,0,,,,,,,,TRUE
22/07/2025,Grocery,528,Bank,Balaji,07-2025,Paid,Bank,27/07/2025,Inventory,2922,,COGS - Grocery,Expense,0,,,,,,,,TRUE
22/07/2025,Dairy,150,Bank_Cash,Banana & Milk,07-2025,Paid,Sameer,15/07/2025,Inventory,2923,,COGS - Dairy,Expense,0,,,,,,,,TRUE
22/07/2025,Grocery,1914,Bank,Balaji,07-2025,Paid,Bank,31/07/2025,Inventory,2924,,COGS - Grocery,Expense,0,,,,,,,,TRUE
22/07/2025,Gas,1678,Bank,Sai Bharat,07-2025,Unpaid,,,Fixed Maintance,2925,,OpEx - Utilities,Expense,0,,,,,,,,TRUE
22/07/2025,Vegetables,285,Bank,shree Bhairavnath,07-2025,Unpaid,,,Inventory,2926,,COGS - Veg,Expense,0,,,,,,,,TRUE
22/07/2025,Sales,3455,Cash,Petpooja,07-2025,,,,Sales,2927,,Revenue,Income,0,,,,,,,,TRUE
22/07/2025,Sales,1525,UPI,Petpooja,07-2025,,,,Sales,2928,,Revenue,Income,0,,,,,,,,TRUE
22/07/2025,Sales,10240,Wallet,Petpooja,07-2025,,,,Sales,2929,,Revenue,Income,0,,,,,,,,TRUE
22/07/2025,Sales,455,Zomato Pay,Petpooja,07-2025,,,,Sales,2930,,Revenue,Income,0,,,,,,,,TRUE
22/07/2025,Sales,1358,Online Sale,Swiggy&zomato,07-2025,,,,Sales,2931,,Revenue,Income,0,,,,,,,,TRUE
22/07/2025,Tea,55,Cash,staff,07-2025,Paid,Sameer,22/07/2025,Staff Expenses,2932,,OpEx - Labor,Expense,0,,,,,,,,TRUE
23/07/2025,Egg,950,Cash,Mulani,07-2025,Paid,Sameer,23/07/2025,Grocery,2933,,COGS - Grocery,Expense,0,,,,,,,,TRUE
23/07/2025,Mutton,400,Cash,A1,07-2025,Paid,Sameer,23/07/2025,Inventory,2934,,COGS - NonVeg,Expense,0,,,,,,,,TRUE
23/07/2025,Tea,20,Cash,Tea,07-2025,Paid,Sameer,23/07/2025,Staff Expenses,2935,,OpEx - Labor,Expense,0,,,,,,,,TRUE
23/07/2025,Grocery,700,Cash,Bristha,07-2025,Paid,Sameer,23/07/2025,Inventory,2936,,COGS - Grocery,Expense,0,,,,,,,,TRUE
23/07/2025,Bakery,60,Cash,Pita Bread,07-2025,Paid,Sameer,23/07/2025,Grocery,2937,,COGS - Grocery,Expense,0,,,,,,,,TRUE
23/07/2025,Sales,1850,Cash,Petpooja,07-2025,,,,Sales,2938,,Revenue,Income,0,,,,,,,,TRUE
23/07/2025,Sales,250,Card,Petpooja,07-2025,,,,Sales,2939,,Revenue,Income,0,,,,,,,,TRUE
23/07/2025,Sales,1750,UPI,Petpooja,07-2025,,,,Sales,2940,,Revenue,Income,0,,,,,,,,TRUE
23/07/2025,Sales,18449,Wallet,Petpooja,07-2025,,,,Sales,2941,,Revenue,Income,0,,,,,,,,TRUE
23/07/2025,Sales,1369,Online Sale,Swiggy&zomato,07-2025,,,,Sales,2942,,Revenue,Income,0,,,,,,,,TRUE
23/07/2025,Sales,399,Zomato Pay,Petpooja,07-2025,,,,Sales,2943,,Revenue,Income,0,,,,,,,,TRUE
23/07/2025,Vegetables,187,Bank,shree Bhairavnath,07-2025,Unpaid,,,Inventory,2944,,COGS - Veg,Expense,0,,,,,,,,TRUE
23/07/2025,Chicken,3170,Bank,Golden Chicken,07-2025,Paid,Bank,27/07/2025,Inventory,2945,,COGS - NonVeg,Expense,0,,,,,,,,TRUE
23/07/2025,Dairy,603,Bank,Adarsh Dairy,07-2025,Unpaid,,,Inventory,2946,,COGS - Dairy,Expense,0,,,,,,,,TRUE
23/07/2025,Charcoal,900,Bank,gyanshewri,07-2025,Paid,Bank,01/08/2025,Inventory,2947,,COGS - Fuel,Expense,0,,,,,,,,TRUE
23/07/2025,Grocery,1265,Bank,Balaji,07-2025,Paid,Bank,31/07/2025,Inventory,2948,,COGS - Grocery,Expense,0,,,,,,,,TRUE
24/07/2025,Vegetables,304,Bank,shree Bhairavnath,07-2025,Unpaid,,,Inventory,2949,,COGS - Veg,Expense,0,,,,,,,,TRUE
24/07/2025,Disposable,6545,Bank,Anand,07-2025,Unpaid,,,Inventory,2950,,COGS - Packaging,Expense,0,,,,,,,,TRUE
24/07/2025,Dairy,806,Bank,Adarsh Dairy,07-2025,Unpaid,,,Inventory,2951,,COGS - Dairy,Expense,0,,,,,,,,TRUE
24/07/2025,Chicken,4222,Bank,Golden Chicken,07-2025,Paid,Bank,,Inventory,2952,,COGS - NonVeg,Expense,0,,,,,,,,TRUE
24/07/2025,Sales,1050,Cash,Petpooja,07-2025,,,,Sales,2953,,Revenue,Income,0,,,,,,,,TRUE
24/07/2025,Sales,1569,Card,Petpooja,07-2025,,,,Sales,2954,,Revenue,Income,0,,,,,,,,TRUE
24/07/2025,Sales,1055,UPI,Petpooja,07-2025,,,,Sales,2955,,Revenue,Income,0,,,,,,,,TRUE
24/07/2025,Sales,9675,Wallet,Petpooja,07-2025,,,,Sales,2956,,Revenue,Income,0,,,,,,,,TRUE
24/07/2025,Sales,1440,Online Sale,Swiggy&zomato,07-2025,,,,Sales,2957,,Revenue,Income,0,,,,,,,,TRUE
24/07/2025,Tea,60,Cash,staff,07-2025,Paid,Sameer,24/07/2025,Staff Expenses,2958,,OpEx - Labor,Expense,0,,,,,,,,TRUE
24/07/2025,Gas,1678,Bank,Sai Bharat,07-2025,Unpaid,,,Fixed Maintance,2959,,OpEx - Utilities,Expense,0,,,,,,,,TRUE
24/07/2025,Grocery,110,Cash,Noodles,07-2025,Paid,Sameer,24/07/2025,Inventory,2960,,COGS - Grocery,Expense,0,,,,,,,,TRUE
25/07/2025,Grocery,2655,Bank,Balaji,07-2025,Unpaid,,,Inventory,2961,,COGS - Grocery,Expense,0,,,,,,,,TRUE
25/07/2025,Chicken,4313,Bank,Golden Chicken,07-2025,Paid,Bank,,Inventory,2962,,COGS - NonVeg,Expense,0,,,,,,,,TRUE
25/07/2025,Mutton,1480,Bank_Cash,A1,07-2025,Paid,Sameer,25/07/2025,Inventory,2963,,COGS - NonVeg,Expense,0,,,,,,,,TRUE
25/07/2025,Grocery,700,Bank_Cash,barista ,07-2025,Paid,Sameer,25/07/2025,Inventory,2964,,COGS - Grocery,Expense,0,,,,,,,,TRUE
25/07/2025,Bakery,350,Bank_Cash,Pita Bread,07-2025,Paid,Sameer,25/07/2025,Grocery,2965,,COGS - Grocery,Expense,0,,,,,,,,TRUE
25/07/2025,Grocery,110,Bank_Cash,Chopsy,07-2025,Paid,Sameer,25/07/2025,Inventory,2966,,COGS - Grocery,Expense,0,,,,,,,,TRUE
25/07/2025,Dairy,568,Bank,Pita Bread,07-2025,Unpaid,,,Inventory,2967,,COGS - Dairy,Expense,0,,,,,,,,TRUE
25/07/2025,Petrol,310,Bank_Cash,Nasim Bhai,07-2025,Paid,Sameer,25/07/2025,Bike Maintance,2968,,OpEx - Maintenance,Expense,0,,,,,,,,TRUE
25/07/2025,Charcoal,1800,Bank,gyanshewri,07-2025,Paid,Bank,01/08/2025,Inventory,2969,,COGS - Fuel,Expense,0,,,,,,,,TRUE
25/07/2025,Sales,1855,Cash,Petpooja,07-2025,,,,Sales,2970,,Revenue,Income,0,,,,,,,,TRUE
25/07/2025,Sales,155,Card,Petpooja,07-2025,,,,Sales,2971,,Revenue,Income,0,,,,,,,,TRUE
25/07/2025,Sales,9723,Wallet,Petpooja,07-2025,,,,Sales,2972,,Revenue,Income,0,,,,,,,,TRUE
25/07/2025,Sales,785,Zomato Pay,Petpooja,07-2025,,,,Sales,2973,,Revenue,Income,0,,,,,,,,TRUE
25/07/2025,Sales,2972,Online Sale,Swiggy&zomato,07-2025,,,,Sales,2974,,Revenue,Income,0,,,,,,,,TRUE
25/07/2025,Advance,300,Bank_Cash,Vijay,07-2025,Paid,Sameer,25/07/2025,Salary,2975,,OpEx - Labor,Expense,0,,,,,,,,TRUE
25/07/2025,Tea,55,Cash,staff,07-2025,Paid,Sameer,25/07/2025,Staff Expenses,2976,,OpEx - Labor,Expense,0,,,,,,,,TRUE
25/07/2025,Advance,100,Bank_Cash,Imran,07-2025,Paid,Sameer,25/07/2025,Salary,2977,,OpEx - Labor,Expense,0,,,,,,,,TRUE
25/07/2025,Vegetables,486,Bank,shree Bhairavnath,07-2025,Unpaid,,,Inventory,2978,,COGS - Veg,Expense,0,,,,,,,,TRUE
26/07/2025,Grocery,5357,Bank,Balaji,07-2025,Unpaid,,,Inventory,2979,,COGS - Grocery,Expense,0,,,,,,,,TRUE
26/07/2025,Charcoal,900,Bank,gyanshewri,07-2025,Paid,Bank,01/08/2025,Inventory,2980,,COGS - Fuel,Expense,0,,,,,,,,TRUE
26/07/2025,Chicken,4105,Bank,Golden Chicken,07-2025,Paid,Bank,,Inventory,2981,,COGS - NonVeg,Expense,0,,,,,,,,TRUE
26/07/2025,Dairy,823,Bank,Adarsh Dairy,07-2025,Unpaid,,,Inventory,2982,,COGS - Dairy,Expense,0,,,,,,,,TRUE
26/07/2025,Bakery,140,Bank_Cash,Pita Bread,07-2025,Paid,Sameer,26/07/2025,Grocery,2983,,COGS - Grocery,Expense,0,,,,,,,,TRUE
26/07/2025,Maintenance,200,Bank_Cash,hardwear,07-2025,Paid,Sameer,26/07/2025,Maintance,2984,,OpEx - Maintenance,Expense,0,,,,,,,,TRUE
26/07/2025,Grocery,160,Bank_Cash,Oil,07-2025,Paid,Sameer,26/07/2025,Inventory,2985,,COGS - Grocery,Expense,0,,,,,,,,TRUE
26/07/2025,Beverages,2748,Bank,Cold Drinks,07-2025,Paid,Shakil,26/07/2025,Grocery,2986,,COGS - Grocery,Expense,0,,,,,,,,TRUE
26/07/2025,Advance,3000,Bank,Vijay,07-2025,Paid,Shakil,26/07/2025,Salary,2987,1,OpEx - Labor,Expense,0,,,,,,,,TRUE
26/07/2025,Vegetables,456,Bank,shree Bhairavnath,07-2025,Unpaid,,,Inventory,2988,,COGS - Veg,Expense,0,,,,,,,,TRUE
26/07/2025,Sales,2360,Cash,Petpooja,07-2025,,,,Sales,2989,,Revenue,Income,0,,,,,,,,TRUE
26/07/2025,Sales,80,Card,Petpooja,07-2025,,,,Sales,2990,,Revenue,Income,0,,,,,,,,TRUE
26/07/2025,Sales,16338,Wallet,Petpooja,07-2025,,,,Sales,2991,,Revenue,Income,0,,,,,,,,TRUE
26/07/2025,Sales,750,Zomato Pay,Petpooja,07-2025,,,,Sales,2992,,Revenue,Income,0,,,,,,,,TRUE
26/07/2025,Sales,1964,Online Sale,Swiggy&zomato,07-2025,,,,Sales,2993,,Revenue,Income,0,,,,,,,,TRUE
26/07/2025,Tea,60,Cash,staff,07-2025,Paid,Sameer,26/07/2025,Staff Expenses,2994,,OpEx - Labor,Expense,0,,,,,,,,TRUE
26/07/2025,Gas,1678,Bank,Sai Bharat,07-2025,Unpaid,,,Fixed Maintance,2995,,OpEx - Utilities,Expense,0,,,,,,,,TRUE
26/07/2025,Sales,190,UPI,Petpooja,07-2025,,,,Sales,2996,,Revenue,Income,0,,,,,,,,TRUE
27/07/2025,Vegetables,193,Bank,shree Bhairavnath,07-2025,Unpaid,,,Inventory,2997,,COGS - Veg,Expense,0,,,,,,,,TRUE
27/07/2025,Grocery,4151,Bank,Balaji,07-2025,Unpaid,,,Inventory,2998,,COGS - Grocery,Expense,0,,,,,,,,TRUE
27/07/2025,Dairy,688,Bank,Adarsh Dairy,07-2025,Unpaid,,,Inventory,2999,,COGS - Dairy,Expense,0,,,,,,,,TRUE
27/07/2025,Bakery,105,Bank_Cash,Pita Bread,07-2025,Paid,Sameer,27/07/2025,Grocery,3000,,COGS - Grocery,Expense,0,,,,,,,,TRUE
27/07/2025,Beverages,1200,Bank_Cash,Water Bottel,07-2025,Paid,Sameer,27/07/2025,Grocery,3001,,COGS - Grocery,Expense,0,,,,,,,,TRUE
27/07/2025,Advance,1000,Bank,Ibrar,07-2025,Paid,Shakil,27/07/2025,Salary,3002,,OpEx - Labor,Expense,0,,,,,,,,TRUE
27/07/2025,Sales,3865,Cash,Petpooja,07-2025,,,,Sales,3003,,Revenue,Income,0,,,,,,,,TRUE
27/07/2025,Sales,220,UPI,Petpooja,07-2025,,,,Sales,3004,,Revenue,Income,0,,,,,,,,TRUE
27/07/2025,Sales,9744,Wallet,Petpooja,07-2025,,,,Sales,3005,,Revenue,Income,0,,,,,,,,TRUE
27/07/2025,Sales,2091,Online Sale,Swiggy&zomato,07-2025,,,,Sales,3006,,Revenue,Income,0,,,,,,,,TRUE
27/07/2025,Grocery,200,Bank_Cash,Oil & Sugar,07-2025,Paid,Sameer,27/07/2025,Inventory,3007,,COGS - Grocery,Expense,0,,,,,,,,TRUE
27/07/2025,Tea,110,Cash,staff,07-2025,Paid,Sameer,27/07/2025,Staff Expenses,3008,,OpEx - Labor,Expense,0,,,,,,,,TRUE
28/07/2025,Chicken,715,Bank,Golden Chicken,07-2025,Paid,Bank,,Inventory,3009,,COGS - NonVeg,Expense,0,,,,,,,,TRUE
28/07/2025,Charcoal,900,Bank,gyanshewri,07-2025,Paid,Bank,01/08/2025,Inventory,3010,,COGS - Fuel,Expense,0,,,,,,,,TRUE
28/07/2025,Grocery,110,Bank_Cash,Noodles,07-2025,Paid,Sameer,28/07/2025,Inventory,3011,,COGS - Grocery,Expense,0,,,,,,,,TRUE
28/07/2025,Bakery,105,Bank_Cash,Pita Bread,07-2025,Paid,Sameer,28/07/2025,Grocery,3012,,COGS - Grocery,Expense,0,,,,,,,,TRUE
28/07/2025,Vegetables,203,Bank,shree Bhairavnath,07-2025,Unpaid,,,Inventory,3013,,COGS - Veg,Expense,0,,,,,,,,TRUE
28/07/2025,Maintenance,120,Bank_Cash,Bike Repair,07-2025,Paid,Sameer, ,Maintance,3014,,OpEx - Maintenance,Expense,0,,,,,,,,TRUE
28/07/2025,Dairy,344,Bank,Adarsh Dairy,07-2025,Unpaid,,,Inventory,3015,,COGS - Dairy,Expense,0,,,,,,,,TRUE
28/07/2025,Dairy,985,Bank_Cash,Soya Chaap & Paratha,07-2025,Paid,Sameer,28/07/2025,Inventory,3016,,COGS - Dairy,Expense,0,,,,,,,,TRUE
28/07/2025,Mutton,400,Bank_Cash,A1,07-2025,Paid,Sameer,28/07/2025,Inventory,3017,,COGS - NonVeg,Expense,0,,,,,,,,TRUE
28/07/2025,Gas,3356,Bank,Sai Bharat,07-2025,Unpaid,,,Fixed Maintance,3018,,OpEx - Utilities,Expense,0,,,,,,,,TRUE
28/07/2025,Momos,210,Bank_Cash,Monut,07-2025,Paid,Sameer,28/07/2025,Inventory,3019,,COGS - Inventory,Expense,0,,,,,,,,TRUE
28/07/2025,Advance,100,Bank_Cash,Imran,07-2025,Paid,Sameer,28/07/2025,Salary,3020,,OpEx - Labor,Expense,0,,,,,,,,TRUE
28/07/2025,Sales,1720,Cash,Petpooja,07-2025,,,,Sales,3021,,Revenue,Income,0,,,,,,,,TRUE
28/07/2025,Sales,1139,Card,Petpooja,07-2025,,,,Sales,3022,,Revenue,Income,0,,,,,,,,TRUE
28/07/2025,Sales,8923,Wallet,Petpooja,07-2025,,,,Sales,3023,,Revenue,Income,0,,,,,,,,TRUE
28/07/2025,Sales,1487,Online Sale,Swiggy&zomato,07-2025,,,,Sales,3024,,Revenue,Income,0,,,,,,,,TRUE
28/07/2025,Tea,90,Cash,staff,07-2025,Paid,Sameer,28/07/2025,Staff Expenses,3025,,OpEx - Labor,Expense,0,,,,,,,,TRUE
29/07/2025,Vegetables,362,Bank,shree Bhairavnath,07-2025,Unpaid,,,Inventory,3026,,COGS - Veg,Expense,0,,,,,,,,TRUE
29/07/2025,Chicken,1473,Bank,Golden Chicken,07-2025,Paid,Bank,,Inventory,3027,,COGS - NonVeg,Expense,0,,,,,,,,TRUE
29/07/2025,Grocery,3350,Bank,Balaji,07-2025,Unpaid,,,Inventory,3028,,COGS - Grocery,Expense,0,,,,,,,,TRUE
29/07/2025,Dairy,290,Bank,Adarsh Dairy,07-2025,Unpaid,,,Inventory,3029,,COGS - Dairy,Expense,0,,,,,,,,TRUE
29/07/2025,Maintenance,500,Bank_Cash,Bike Repair,07-2025,Paid,Sameer,29/07/2025,Maintance,3030,,OpEx - Maintenance,Expense,0,,,,,,,,TRUE
29/07/2025,Petrol,310,Bank_Cash,Nasim Bhai,07-2025,Paid,Sameer,29/07/2025,Bike Maintance,3031,,OpEx - Maintenance,Expense,0,,,,,,,,TRUE
29/07/2025,Sales,940,Cash,Petpooja,07-2025,,,,Sales,3032,,Revenue,Income,0,,,,,,,,TRUE
29/07/2025,Sales,175,Card,Petpooja,07-2025,,,,Sales,3033,,Revenue,Income,0,,,,,,,,TRUE
29/07/2025,Sales,200,UPI,Petpooja,07-2025,,,,Sales,3034,,Revenue,Income,0,,,,,,,,TRUE
29/07/2025,Sales,6129,Wallet,Petpooja,07-2025,,,,Sales,3035,,Revenue,Income,0,,,,,,,,TRUE
29/07/2025,Sales,751,Online Sale,Swiggy&zomato,07-2025,,,,Sales,3036,,Revenue,Income,0,,,,,,,,TRUE
29/07/2025,Tea,30,Cash,staff,07-2025,Paid,Sameer,29/07/2025,Staff Expenses,3037,,OpEx - Labor,Expense,0,,,,,,,,TRUE
30/07/2025,Charcoal,900,Bank,gyanshewri,07-2025,Paid,Bank,01/08/2025,Inventory,3038,,COGS - Fuel,Expense,0,,,,,,,,TRUE
30/07/2025,Dairy,813,Bank,Adarsh Dairy,07-2025,Unpaid,,,Inventory,3039,,COGS - Dairy,Expense,0,,,,,,,,TRUE
30/07/2025,Beverages,2040,Bank_Cash,Cold Drinks,07-2025,Paid,Sameer,30/07/2025,Grocery,3040,,COGS - Grocery,Expense,0,,,,,,,,TRUE
30/07/2025,Grocery,38,Bank,Balaji,07-2025,Unpaid,,,Inventory,3041,,COGS - Grocery,Expense,0,,,,,,,,TRUE
30/07/2025,Mutton,740,Bank_Cash,A1,07-2025,Paid,Sameer,30/07/2025,Inventory,3042,,COGS - NonVeg,Expense,0,,,,,,,,TRUE
30/07/2025,Disposable,140,Bank_Cash,Paper Plate,07-2025,Paid,Sameer,30/07/2025,Inventory,3043,,COGS - Packaging,Expense,0,,,,,,,,TRUE
30/07/2025,Vegetables,125,Bank,shree Bhairavnath,07-2025,Unpaid,,,Inventory,3044,,COGS - Veg,Expense,0,,,,,,,,TRUE
30/07/2025,Sales,3789,Cash,Petpooja,07-2025,,,,Sales,3045,,Revenue,Income,0,,,,,,,,TRUE
30/07/2025,Sales,1475,Card,Petpooja,07-2025,,,,Sales,3046,,Revenue,Income,0,,,,,,,,TRUE
30/07/2025,Sales,229,UPI,Petpooja,07-2025,,,,Sales,3047,,Revenue,Income,0,,,,,,,,TRUE
30/07/2025,Sales,7769,Wallet,Petpooja,07-2025,,,,Sales,3048,,Revenue,Income,0,,,,,,,,TRUE
30/07/2025,Sales,400,Zomato Pay,Petpooja,07-2025,,,,Sales,3049,,Revenue,Income,0,,,,,,,,TRUE
30/07/2025,Sales,894,Online Sale,Swiggy&zomato,07-2025,,,,Sales,3050,,Revenue,Income,0,,,,,,,,TRUE
30/07/2025,Tea,69,Cash,staff,07-2025,Paid,Sameer,30/07/2025,Staff Expenses,3051,,OpEx - Labor,Expense,0,,,,,,,,TRUE
31/07/2025,Chicken,1195,Bank,Golden Chicken,07-2025,Paid,Bank,,Inventory,3052,,COGS - NonVeg,Expense,0,,,,,,,,TRUE
31/07/2025,Grocery,334,Bank,Balaji,07-2025,Unpaid,,,Inventory,3053,,COGS - Grocery,Expense,0,,,,,,,,TRUE
31/07/2025,Dairy,406,Bank,Adarsh Dairy,07-2025,Unpaid,,,Inventory,3054,,COGS - Dairy,Expense,0,,,,,,,,TRUE
31/07/2025,Maintenance,430,Bank_Cash,Knife Repair,07-2025,Paid,Sameer,31/07/2025,Maintance,3055,,OpEx - Maintenance,Expense,0,,,,,,,,TRUE
31/07/2025,Mutton,740,Bank_Cash,A1,07-2025,Paid,Sameer,31/07/2025,Inventory,3056,,COGS - NonVeg,Expense,0,,,,,,,,TRUE
31/07/2025,Bakery,140,Bank_Cash,Pita Bread,07-2025,Paid,Sameer,31/07/2025,Grocery,3057,,COGS - Grocery,Expense,0,,,,,,,,TRUE
31/07/2025,Stationary,670,Bank_Cash,"Files,Notebook",07-2025,Paid,Sameer,31/07/2025,Inventory,3058,,COGS - Inventory,Expense,0,,,,,,,,TRUE
31/07/2025,Gas,1678,Bank,Sai Bharat,07-2025,Unpaid,,,Fixed Maintance,3059,,OpEx - Utilities,Expense,0,,,,,,,,TRUE
31/07/2025,Sales,1949,Cash,Petpooja,07-2025,,,,Sales,3060,,Revenue,Income,0,,,,,,,,TRUE
31/07/2025,Sales,6325,UPI,Petpooja,07-2025,,,,Sales,3061,,Revenue,Income,0,,,,,,,,TRUE
31/07/2025,Sales,8225,Wallet,Petpooja,07-2025,,,,Sales,3062,,Revenue,Income,0,,,,,,,,TRUE
31/07/2025,Sales,1949,Online Sale,Swiggy&zomato,07-2025,,,,Sales,3063,,Revenue,Income,0,,,,,,,,TRUE
31/07/2025,Tea,69,Cash,staff,07-2025,Paid,Sameer,31/07/2025,Staff Expenses,3064,,OpEx - Labor,Expense,0,,,,,,,,TRUE
31/07/2025,Advance,800,Bank_Cash,Imran,07-2025,Paid,Sameer,31/07/2025,Salary,3065,,OpEx - Labor,Expense,0,,,,,,,,TRUE
01/08/2025,Charcoal,900,Bank,gyanshewri,08-2025,Unpaid,,,Inventory,3066,,COGS - Fuel,Expense,0,,,,,,,,TRUE
01/08/2025,Vegetables,624,Bank,shree Bhairavnath,08-2025,Unpaid,,,Inventory,3067,,COGS - Veg,Expense,0,,,,,,,,TRUE
01/08/2025,Chicken,1964,Bank,Golden Chicken,08-2025,Paid,Bank,,Inventory,3068,,COGS - NonVeg,Expense,0,,,,,,,,TRUE
01/08/2025,Dairy,1036,Bank,Adarsh Dairy,08-2025,Unpaid,,,Inventory,3069,,COGS - Dairy,Expense,0,,,,,,,,TRUE
01/08/2025,Bakery,210,Bank_Cash,Pita Bread,08-2025,Paid,Sameer,01/08/2025,Grocery,3070,,COGS - Grocery,Expense,0,,,,,,,,TRUE
01/08/2025,Maintenance,200,Bank_Cash,Cooker Repair,08-2025,Paid,Sameer,01/08/2025,Maintance,3071,,OpEx - Maintenance,Expense,0,,,,,,,,TRUE
01/08/2025,Grocery,11653,Bank,Balaji,08-2025,Unpaid,,,Inventory,3072,,COGS - Grocery,Expense,0,,,,,,,,TRUE
01/08/2025,Sales,1880,Cash,Petpooja,08-2025,,,,Sales,3073,,Revenue,Income,0,,,,,,,,TRUE
01/08/2025,Sales,120,Card,Petpooja,08-2025,,,,Sales,3074,,Revenue,Income,0,,,,,,,,TRUE
01/08/2025,Sales,1070,UPI,Petpooja,08-2025,,,,Sales,3075,,Revenue,Income,0,,,,,,,,TRUE
01/08/2025,Sales,13624,Wallet,Petpooja,08-2025,,,,Sales,3076,,Revenue,Income,0,,,,,,,,TRUE
01/08/2025,Sales,630,Zomato Pay,Petpooja,08-2025,,,,Sales,3077,,Revenue,Income,0,,,,,,,,TRUE
01/08/2025,Sales,1768,Online Sale,Swiggy&zomato,08-2025,,,,Sales,3078,,Revenue,Income,0,,,,,,,,TRUE
01/08/2025,Tea,60,Cash,staff,08-2025,Paid,Sameer,01/08/2025,Staff Expenses,3079,,OpEx - Labor,Expense,0,,,,,,,,TRUE
01/08/2025,Vegetables,60,Cash,Papaya,08-2025,Paid,Sameer,01/08/2025,Inventory,3080,,COGS - Veg,Expense,0,,,,,,,,TRUE
01/08/2025,Petrol,300,Bank_Cash,Nasim Bhai,08-2025,Paid,Sameer,01/08/2025,Bike Maintance,3081,,OpEx - Maintenance,Expense,0,,,,,,,,TRUE
01/08/2025,Gas,1645,Bank,Sai Bharat,08-2025,Paid,Bank,14/08/2025,Fixed Maintance,3082,,OpEx - Utilities,Expense,0,,,,,,,,TRUE
02/08/2025,Chicken,2957,Bank,Golden Chicken,08-2025,Paid,Bank,,Inventory,3083,,COGS - NonVeg,Expense,0,,,,,,,,TRUE
02/08/2025,Vegetables,616,Bank,shree Bhairavnath,08-2025,Unpaid,,,Inventory,3084,,COGS - Veg,Expense,0,,,,,,,,TRUE
02/08/2025,Dairy,600,Bank,Adarsh Dairy,08-2025,Unpaid,,,Inventory,3085,,COGS - Dairy,Expense,0,,,,,,,,TRUE
02/08/2025,Water 20 Ltrs,90,Bank_Cash,Water 20 Ltrs,08-2025,Paid,,,Inventory,3086,,COGS - Utilities,Expense,0,,,,,,,,TRUE
02/08/2025,Vegetables,600,Bank_Cash,Onion,08-2025,Paid,,,Inventory,3087,,COGS - Veg,Expense,0,,,,,,,,TRUE
02/08/2025,Advance,500,Bank_Cash,Ram Kumar ,08-2025,Paid,,,Salary,3088,,OpEx - Labor,Expense,0,,,,,,,,TRUE
02/08/2025,Grocery,50,Bank,Balaji,08-2025,Unpaid,,,Inventory,3089,,COGS - Grocery,Expense,0,,,,,,,,TRUE
02/08/2025,Grocery,4073,Bank,Qureshi Masala,08-2025,Paid,Bank,02/08/2025,Inventory,3090,,COGS - Grocery,Expense,0,,,,,,,,TRUE
02/08/2025,Gas,1645,Bank,Sai Bharat,08-2025,Paid,Bank,14/08/2025,Fixed Maintance,3091,,OpEx - Utilities,Expense,0,,,,,,,,TRUE
02/08/2025,Mutton,740,Bank_Cash,A1,08-2025,Paid,Sameer,02/08/2025,Inventory,3092,,COGS - NonVeg,Expense,0,,,,,,,,TRUE
02/08/2025,Grocery,165,Cash,Sunflower Oil,08-2025,Paid,Sameer,02/08/2025,Inventory,3093,,COGS - Grocery,Expense,0,,,,,,,,TRUE
02/08/2025,Water Tanker,1200,Bank,Water Tanker,08-2025,Paid,Shakil,02/08/2025,Maintenance,3094,,OpEx - Utilities,Expense,0,,,,,,,,TRUE
02/08/2025,Stationary,70,Bank_Cash,Note Book,08-2025,Paid,Sameer,02/08/2025,Inventory,3095,,COGS - Inventory,Expense,0,,,,,,,,TRUE
02/08/2025,Sales,2675,Cash,Petpooja,08-2025,,,,Sales,3096,,Revenue,Income,0,,,,,,,,TRUE
02/08/2025,Sales,200,Card,Petpooja,08-2025,,,,Sales,3097,,Revenue,Income,0,,,,,,,,TRUE
02/08/2025,Sales,1610,UPI,Petpooja,08-2025,,,,Sales,3098,,Revenue,Income,0,,,,,,,,TRUE
02/08/2025,Sales,13609,Wallet,Petpooja,08-2025,,,,Sales,3099,,Revenue,Income,0,,,,,,,,TRUE
02/08/2025,Sales,1911,Online Sale,Swiggy&zomato,08-2025,,,,Sales,3100,,Revenue,Income,0,,,,,,,,TRUE
02/08/2025,Tea,110,Cash,staff,08-2025,Paid,Sameer,02/08/2025,Staff Expenses,3101,,OpEx - Labor,Expense,0,,,,,,,,TRUE
03/08/2025,Advance,500,Cash,Prakash,08-2025,Paid,Sameer,03/08/2025,Salary,3102,,OpEx - Labor,Expense,0,,,,,,,,TRUE
03/08/2025,Chicken,1192,Bank,Golden Chicken,08-2025,Paid,Bank,,Inventory,3103,,COGS - NonVeg,Expense,0,,,,,,,,TRUE
03/08/2025,Dairy,1170,Bank,Adarsh Dairy,08-2025,Unpaid,,,Inventory,3104,,COGS - Dairy,Expense,0,,,,,,,,TRUE
03/08/2025,Grocery,110,Cash,Noodles,08-2025,Paid,Sameer,03/08/2025,Inventory,3105,,COGS - Grocery,Expense,0,,,,,,,,TRUE
03/08/2025,Dairy,90,Cash,Milk,08-2025,Paid,Sameer,03/08/2025,Inventory,3106,,COGS - Dairy,Expense,0,,,,,,,,TRUE
03/08/2025,Disposable,4105,Bank,Anand,08-2025,Unpaid,,,Inventory,3107,,COGS - Packaging,Expense,0,,,,,,,,TRUE
03/08/2025,Grocery,1890,Bank,Balaji,08-2025,Unpaid,,,Inventory,3108,,COGS - Grocery,Expense,0,,,,,,,,TRUE
03/08/2025,Mutton,1480,Cash,Mutton,08-2025,Paid,Sameer,03/08/2025,Inventory,3109,,COGS - NonVeg,Expense,0,,,,,,,,TRUE
03/08/2025,Bakery,360,Cash,Pita Bread,08-2025,Paid,Sameer,03/08/2025,Grocery,3110,,COGS - Grocery,Expense,0,,,,,,,,TRUE
03/08/2025,Tea,80,Cash,Staff Tea,08-2025,Paid,Sameer,03/08/2025,Staff Expenses,3111,,OpEx - Labor,Expense,0,,,,,,,,TRUE
03/08/2025,Advance,1000,Cash,Ibrar,08-2025,Paid,Shakil,03/08/2025,Salary,3112,,OpEx - Labor,Expense,0,,,,,,,,TRUE
03/08/2025,Garbage Vehicle,1500,Bank,Garbage,08-2025,Paid,Shakil,03/08/2025,Fixed Maintance,3113,,OpEx - Maintenance,Expense,0,,,,,,,,TRUE
03/08/2025,Donation,2100,Bank,Chanda Ganpati Swaraj mitra Mnadal,08-2025,Paid,Shakil,,Maintance,3114,,OpEx - Misc,Expense,0,,,,,,,,TRUE
03/08/2025,Sales,3559,Cash,Petpooja,08-2025,,,,Sales,3115,,Revenue,Income,0,,,,,,,,TRUE
03/08/2025,Sales,610,Card,Petpooja,08-2025,,,,Sales,3116,,Revenue,Income,0,,,,,,,,TRUE
03/08/2025,Sales,350,UPI,Petpooja,08-2025,,,,Sales,3117,,Revenue,Income,0,,,,,,,,TRUE
03/08/2025,Sales,21006,Wallet,Petpooja,08-2025,,,,Sales,3118,,Revenue,Income,0,,,,,,,,TRUE
03/08/2025,Sales,3897,Online Sale,Petpooja,08-2025,,,,Sales,3119,,Revenue,Income,0,,,,,,,,TRUE
03/08/2025,Egg,700,Cash,Mulani,08-2025,Paid,Sameer,03/08/2025,Grocery,3120,,COGS - Grocery,Expense,0,,,,,,,,TRUE
04/08/2025,Chicken,4304,Bank,Golden Chicken,08-2025,Paid,Bank,,Inventory,3121,,COGS - NonVeg,Expense,0,,,,,,,,TRUE
04/08/2025,Grocery,393,Bank,Balaji,08-2025,Paid,Shakil,04/08/2025,Inventory,3122,,COGS - Grocery,Expense,0,,,,,,,,TRUE
04/08/2025,Tea,20,Cash,Staff Tea,08-2025,Paid,Shakil,04/08/2025,Staff Expenses,3123,,OpEx - Labor,Expense,0,,,,,,,,TRUE
04/08/2025,Maintenance,1600,Bank_Cash,Splendor Service,08-2025,Paid,Shakil,04/08/2025,Maintance,3124,,OpEx - Maintenance,Expense,0,,,,,,,,TRUE
04/08/2025,Bakery,175,Cash,Pita Bread,08-2025,Paid,Shakil,04/08/2025,Grocery,3125,,COGS - Grocery,Expense,0,,,,,,,,TRUE
04/08/2025,Beverages,1000,Cash,Water  1 ltr,08-2025,Paid,Shakil,04/08/2025,Grocery,3126,,COGS - Grocery,Expense,0,,,,,,,,TRUE
04/08/2025,Grocery,170,Cash,Sunflower Oil,08-2025,Paid,Shakil,04/08/2025,Inventory,3127,,COGS - Grocery,Expense,0,,,,,,,,TRUE
04/08/2025,Vegetables,20,Cash,Mint,08-2025,Paid,Shakil,04/08/2025,Inventory,3128,,COGS - Veg,Expense,0,,,,,,,,TRUE
04/08/2025,Kinners,20,Cash,Kinner,08-2025,Paid,Shakil,04/08/2025,Maintance,3129,,OpEx - Misc,Expense,0,,,,,,,,TRUE
04/08/2025,Dairy,50,Cash,Milk,08-2025,Paid,Shakil,04/08/2025,Inventory,3130,,COGS - Dairy,Expense,0,,,,,,,,TRUE
04/08/2025,Petrol,100,Cash,Aditya,08-2025,Paid,Shakil,04/08/2025,Bike Maintance,3131,,OpEx - Maintenance,Expense,0,,,,,,,,TRUE
04/08/2025,Advance,1000,Bank_Cash,Aditya,08-2025,Paid,Shakil,04/08/2025,Salary,3132,,OpEx - Labor,Expense,0,,,,,,,,TRUE
04/08/2025,Maintenance,170,Cash,Biryani Sample,08-2025,Paid,Shakil,04/08/2025,Maintance,3133,,OpEx - Maintenance,Expense,0,,,,,,,,TRUE
04/08/2025,Dairy,2085,Bank,Adarsh Dairy,08-2025,,,,Inventory,3134,,COGS - Dairy,Expense,0,,,,,,,,TRUE
04/08/2025,Charcoal,2250,Bank,gyanshewri,08-2025,,,,Inventory,3135,,COGS - Fuel,Expense,0,,,,,,,,TRUE
04/08/2025,Sales,4025,Cash,Petpooja,08-2025,,,,Sales,3136,,Revenue,Income,0,,,,,,,,TRUE
04/08/2025,Sales,310,UPI,Petpooja,08-2025,,,,Sales,3137,,Revenue,Income,0,,,,,,,,TRUE
04/08/2025,Sales,5840,Wallet,Petpooja,08-2025,,,,Sales,3138,,Revenue,Income,0,,,,,,,,TRUE
04/08/2025,Sales,616,Online Sale,Petpooja,08-2025,,,,Sales,3139,,Revenue,Income,0,,,,,,,,TRUE
06/08/2025,Advance,1200,Bank_Cash,Abid Salary,08-2025,Paid,Shakil,06/08/2025,Salary,3140,,OpEx - Labor,Expense,0,,,,,,,,TRUE
06/08/2025,Advance,1000,Bank_Cash,Vijay Chamber Cleaning,08-2025,Paid,Shakil,06/08/2025,Salary,3141,,OpEx - Labor,Expense,0,,,,,,,,TRUE
06/08/2025,Petrol,310,Cash,Splendor,08-2025,Paid,Shakil,06/08/2025,Bike Maintance,3142,,OpEx - Maintenance,Expense,0,,,,,,,,TRUE
06/08/2025,Advance,312,Cash,Fish,08-2025,Paid,Shakil,06/08/2025,Salary,3143,,OpEx - Labor,Expense,0,,,,,,,,TRUE
06/08/2025,Advance,220,Bank,Vijay,08-2025,Paid,Shakil,06/08/2025,Salary,3144,,OpEx - Labor,Expense,0,,,,,,,,TRUE
08/08/2025,Chicken,3990,Bank,Golden Chicken,08-2025,Paid,Bank,,Inventory,3145,,COGS - NonVeg,Expense,0,,,,,,,,TRUE
08/08/2025,Mutton,1480,Bank_Cash,A1 Mutton,08-2025,Paid,Sameer,,Inventory,3146,,COGS - NonVeg,Expense,0,,,,,,,,TRUE
08/08/2025,Mutton,400,Bank_Cash,A1 Mutton,08-2025,Paid,Sameer,,Inventory,3147,,COGS - NonVeg,Expense,0,,,,,,,,TRUE
08/08/2025,Charcoal,900,Bank,gyanshewri,08-2025,Unpaid,,,Inventory,3148,,COGS - Fuel,Expense,0,,,,,,,,TRUE
08/08/2025,Vegetables,1100,Bank,Kedar Vegitable,08-2025,Paid,Shakil,02/09/2025,Inventory,3149,,COGS - Veg,Expense,0,,,,,,,,TRUE
08/08/2025,Dairy,870,Bank,Adarsh Dairy,08-2025,Unpaid,,,Inventory,3150,,COGS - Dairy,Expense,0,,,,,,,,TRUE
08/08/2025,Grocery,2910,Bank,Balaji,08-2025,Unpaid,,,Inventory,3151,,COGS - Grocery,Expense,0,,,,,,,,TRUE
08/08/2025,Grocery,155,Bank_Cash,Sunflower Oil,08-2025,Paid,Shakil,08/08/2025,Inventory,3152,,COGS - Grocery,Expense,0,,,,,,,,TRUE
08/08/2025,Tea,30,Bank_Cash,Staff tea,08-2025,Paid,Shakil,08/08/2025,Staff Expenses,3153,,OpEx - Labor,Expense,0,,,,,,,,TRUE
08/08/2025,Kinners,40,Bank_Cash,Kinner,08-2025,Paid,Shakil,08/08/2025,Maintance,3154,,OpEx - Misc,Expense,0,,,,,,,,TRUE
08/08/2025,Maintenance,140,Bank_Cash,Porter,08-2025,Paid,,,Maintance,3155,,OpEx - Maintenance,Expense,0,,,,,,,,TRUE
08/08/2025,Disposable,410,Bank_Cash,Container,08-2025,Paid,,,Inventory,3156,,COGS - Packaging,Expense,0,,,,,,,,TRUE
08/08/2025,Dairy,30,Bank_Cash,Milk,08-2025,Paid,,,Inventory,3157,,COGS - Dairy,Expense,0,,,,,,,,TRUE
08/08/2025,Vegetables,20,Bank_Cash,Banana,08-2025,Paid,,,Inventory,3158,,COGS - Veg,Expense,0,,,,,,,,TRUE
08/08/2025,Vegetables,20,Bank_Cash,Pudhina,08-2025,Paid,,,Inventory,3159,,COGS - Veg,Expense,0,,,,,,,,TRUE
08/08/2025,Counter Cash,90,Bank_Cash,Customer Excess Return,08-2025,Paid,,,Excess Amount Return,3160,,Excess Amount Return,Expense,0,,,,,,,,TRUE
08/08/2025,Advance,3000,Bank,Akheel,08-2025,Paid,Bank,08/08/2025,Salary,3161,,OpEx - Labor,Expense,0,,,,,,,,TRUE
08/08/2025,Sales,1180,Cash,Petpooja,08-2025,,,,Sales,3162,,Revenue,Income,0,,,,,,,,TRUE
08/08/2025,Sales,20,UPI,Petpooja,08-2025,,,,Sales,3163,,Revenue,Income,0,,,,,,,,TRUE
08/08/2025,Sales,16319,Wallet,Petpooja,08-2025,,,,Sales,3164,,Revenue,Income,0,,,,,,,,TRUE
08/08/2025,Sales,1153,Online Sale,Petpooja,08-2025,,,,Sales,3165,,Revenue,Income,0,,,,,,,,TRUE
08/08/2025,Sales,1020,Card,Petpooja,08-2025,,,,Sales,3166,,Revenue,Income,0,,,,,,,,TRUE
08/08/2025,Advance,2260,Bank_Cash,Laxmi Bai Salary,08-2025,Paid,Sameer,08/08/2025,Salary,3167,,OpEx - Labor,Expense,0,,,,,,,,TRUE
08/08/2025,Advance,3740,Bank,Laxmi Bai Salary,08-2025,Paid,Shakil,08/08/2025,Salary,3168,,OpEx - Labor,Expense,0,,,,,,,,TRUE
08/08/2025,Vegetables,613,Bank,Sree Bhairavnath,08-2025,Unpaid,,,Inventory,3169,,COGS - Veg,Expense,0,,,,,,,,TRUE
09/08/2025,Maintenance,100,Cash,Gas,08-2025,Paid,Shakil,09/08/2025,Maintance,3170,,OpEx - Maintenance,Expense,0,,,,,,,,TRUE
09/08/2025,Chicken,1285,Bank,Golden Chicken,08-2025,Paid,Bank,,Inventory,3171,,COGS - NonVeg,Expense,0,,,,,,,,TRUE
09/08/2025,Vegetables,153,Bank,Sree Bhairavnath,08-2025,Unpaid,,,Inventory,3172,,COGS - Veg,Expense,0,,,,,,,,TRUE
09/08/2025,Beverages,975,Cash,Pepsi,08-2025,Paid,Shakil,09/08/2025,Grocery,3173,,COGS - Grocery,Expense,0,,,,,,,,TRUE
09/08/2025,Grocery,25280,Bank,Balaji,08-2025,Unpaid,,,Inventory,3174,,COGS - Grocery,Expense,0,,,,,,,,TRUE
09/08/2025,Egg,742,Cash,Mulani,08-2025,Paid,Shakil,10/08/2025,Grocery,3175,,COGS - Grocery,Expense,0,,,,,,,,TRUE
09/08/2025,Grocery,110,Cash,Noodles,08-2025,Paid,Shakil,09/08/2025,Inventory,3176,,COGS - Grocery,Expense,0,,,,,,,,TRUE
09/08/2025,Tea,20,Cash,tea,08-2025,Paid,Shakil,09/08/2025,Staff Expenses,3177,,OpEx - Labor,Expense,0,,,,,,,,TRUE
09/08/2025,Kinners,20,Cash,Kinner,08-2025,Paid,Shakil,09/08/2025,Maintance,3178,,OpEx - Misc,Expense,0,,,,,,,,TRUE
09/08/2025,Sales,2189,Cash,Petpooja,08-2025,,,,Sales,3179,,Revenue,Income,0,,,,,,,,TRUE
09/08/2025,Sales,110,UPI,Petpooja,08-2025,,,,Sales,3180,,Revenue,Income,0,,,,,,,,TRUE
09/08/2025,Sales,12235,Wallet,Petpooja,08-2025,,,,Sales,3181,,Revenue,Income,0,,,,,,,,TRUE
09/08/2025,Sales,1683,Online Sale,Petpooja,08-2025,,,,Sales,3182,,Revenue,Income,0,,,,,,,,TRUE
09/08/2025,Water 20 Ltrs,50,Cash,20 lts,08-2025,Paid,Shakil,09/08/2025,Inventory,3183,,COGS - Utilities,Expense,0,,,,,,,,TRUE
09/08/2025,Egg,170,Cash,Egg,08-2025,Paid,Shakil,09/08/2025,Grocery,3184,,COGS - Grocery,Expense,0,,,,,,,,TRUE
10/08/2025,Petrol,310,Cash,Splendor,08-2025,Paid,Shakil,,Bike Maintance,3185,,OpEx - Maintenance,Expense,0,,,,,,,,TRUE
10/08/2025,Vegetables,430,Bank,Kedar,08-2025,Paid,Shakil,02/09/2025,Inventory,3186,,COGS - Veg,Expense,0,,,,,,,,TRUE
10/08/2025,Chicken,1815,Bank,Golden Chicken,08-2025,Paid,Bank,,Inventory,3187,,COGS - NonVeg,Expense,0,,,,,,,,TRUE
10/08/2025,Dairy,998,Bank,Adarsh Dairy,08-2025,Unpaid,Shakil,,Inventory,3188,,COGS - Dairy,Expense,0,,,,,,,,TRUE
10/08/2025,Kinners,20,Cash,Kinner,08-2025,Paid,Shakil,,Maintance,3189,,OpEx - Misc,Expense,0,,,,,,,,TRUE
10/08/2025,Beverages,1200,Cash,Water 1 ltr,08-2025,Paid,Shakil,,Grocery,3190,,COGS - Grocery,Expense,0,,,,,,,,TRUE
10/08/2025,Bakery,770,Cash,Pita Bread,08-2025,Paid,Shakil,,Grocery,3191,,COGS - Grocery,Expense,0,,,,,,,,TRUE
10/08/2025,Advance,100,Cash,Vijay,08-2025,Paid,Shakil,,Salary,3192,,OpEx - Labor,Expense,0,,,,,,,,TRUE
10/08/2025,Vegetables,10,Cash,Banana,08-2025,Paid,Shakil,,Inventory,3193,,COGS - Veg,Expense,0,,,,,,,,TRUE
10/08/2025,Vegetables,20,Cash,Mint,08-2025,Paid,Shakil,,Inventory,3194,,COGS - Veg,Expense,0,,,,,,,,TRUE
10/08/2025,Vegetables,650,Bank,Tomato & Cabbage,08-2025,Paid,Shakil,,Inventory,3195,,COGS - Veg,Expense,0,,,,,,,,TRUE
10/08/2025,Sales,2960,Cash,Petpooja,08-2025,,,,Sales,3196,,Revenue,Income,0,,,,,,,,TRUE
10/08/2025,Sales,1625,Card,Petpooja,08-2025,,,,Sales,3197,,Revenue,Income,0,,,,,,,,TRUE
10/08/2025,Sales,815,UPI,Petpooja,08-2025,,,,Sales,3198,,Revenue,Income,0,,,,,,,,TRUE
10/08/2025,Sales,20058,Wallet,Petpooja,08-2025,,,,Sales,3199,,Revenue,Income,0,,,,,,,,TRUE
10/08/2025,Sales,4189,Online Sale,Petpooja,08-2025,,,,Sales,3200,,Revenue,Income,0,,,,,,,,TRUE
10/08/2025,Sales,889,Zomato Pay,Petpooja,08-2025,,,,Sales,3201,,Revenue,Income,0,,,,,,,,TRUE
10/08/2025,Advance,1000,Bank,Ibrar,08-2025,Paid,Shakil,10/08/2025,Salary,3202,,OpEx - Labor,Expense,0,,,,,,,,TRUE
11/08/2025,Charcoal,1800,Bank,gyanshewri,08-2025,Unpaid,Shakil,,Inventory,3203,,COGS - Fuel,Expense,0,,,,,,,,TRUE
11/08/2025,Bakery,350,Cash,pita Bread,08-2025,Paid,Shakil,11/08/2025,Grocery,3204,,COGS - Grocery,Expense,0,,,,,,,,TRUE
11/08/2025,Advance,300,Bank,Vijay,08-2025,Paid,Shakil,11/08/2025,Salary,3205,,OpEx - Labor,Expense,0,,,,,,,,TRUE
11/08/2025,Chicken,2788,Bank,Golden Chicken,08-2025,Paid,Bank,,Inventory,3206,,COGS - NonVeg,Expense,0,,,,,,,,TRUE
11/08/2025,Dairy,350,Cash,Paratha,08-2025,Paid,Shakil,11/08/2025,Inventory,3207,,COGS - Dairy,Expense,0,,,,,,,,TRUE
11/08/2025,Maintenance,100,Cash,jali repair,08-2025,Paid,Shakil,11/08/2025,Maintance,3208,,OpEx - Maintenance,Expense,0,,,,,,,,TRUE
11/08/2025,Maintenance,100,Cash,News Paper,08-2025,Paid,Shakil,11/08/2025,Maintance,3209,,OpEx - Maintenance,Expense,0,,,,,,,,TRUE
11/08/2025,Vegetables,731,Bank,shree Bhairavnath,08-2025,Unpaid,,,Inventory,3210,,COGS - Veg,Expense,0,,,,,,,,TRUE
11/08/2025,Vegetables,770,Bank,Sabji mandi,08-2025,Paid,Shakil,,Inventory,3211,,COGS - Veg,Expense,0,,,,,,,,TRUE
11/08/2025,Stationary,100,Cash,News Paper,08-2025,Paid,Shakil,,Inventory,3212,,COGS - Inventory,Expense,0,,,,,,,,TRUE
11/08/2025,Kinners,20,Cash,kinners,08-2025,Paid,Shakil,,Maintance,3213,,OpEx - Misc,Expense,0,,,,,,,,TRUE
11/08/2025,Sales,910,Cash,petpooja,08-2025,,,,Sales,3214,,Revenue,Income,0,,,,,,,,TRUE
11/08/2025,Sales,2736,Zomato Pay,petpooja,08-2025,,,,Sales,3215,,Revenue,Income,0,,,,,,,,TRUE
11/08/2025,Sales,9170,Wallet,petpooja,08-2025,Unpaid,,,Sales,3216,,Revenue,Income,0,,,,,,,,TRUE
12/08/2025,Chicken,1253,Bank,Golden Chicken,08-2025,Paid,Bank,,Inventory,3217,,COGS - NonVeg,Expense,0,,,,,,,,TRUE
12/08/2025,Dairy,510,Bank,Adarsh Dairy,08-2025,Unpaid,,,Inventory,3218,,COGS - Dairy,Expense,0,,,,,,,,TRUE
12/08/2025,Maintenance,1000,Bank,fan repair,08-2025,Paid,,,Maintance,3219,,OpEx - Maintenance,Expense,0,,,,,,,,TRUE
13/08/2025,Charcoal,900,Bank,gyanshewri,08-2025,Unpaid,,,Inventory,3220,,COGS - Fuel,Expense,0,,,,,,,,TRUE
13/08/2025,Dairy,900,Bank,Adarsh Dairy,08-2025,Unpaid,,,Inventory,3221,,COGS - Dairy,Expense,0,,,,,,,,TRUE
13/08/2025,Maintenance,450,Cash,GAS Bhatthi repair,08-2025,Paid,,13/08/2025,Maintance,3222,,OpEx - Maintenance,Expense,0,,,,,,,,TRUE
13/08/2025,Chicken,755,Bank,Golden Chicken,08-2025,Paid,Bank,,Inventory,3223,,COGS - NonVeg,Expense,0,,,,,,,,TRUE
13/08/2025,Kinners,20,Cash,kinnars,08-2025,Paid,,13/08/2025,Maintance,3224,,OpEx - Misc,Expense,0,,,,,,,,TRUE
13/08/2025,Mutton,1480,Cash,mutton,08-2025,Paid,,13/08/2025,Inventory,3225,,COGS - NonVeg,Expense,0,,,,,,,,TRUE
12/08/2025,Sales,1810,Cash,Petpooja,08-2025,,,,Sales,3226,,Revenue,Income,0,,,,,,,,TRUE
12/08/2025,Sales,810,Card,Petpooja,08-2025,,,,Sales,3227,,Revenue,Income,0,,,,,,,,TRUE
12/08/2025,Sales,740,UPI,Petpooja,08-2025,,,,Sales,3228,,Revenue,Income,0,,,,,,,,TRUE
12/08/2025,Sales,4280,Wallet,Petpooja,08-2025,,,,Sales,3229,,Revenue,Income,0,,,,,,,,TRUE
12/08/2025,Sales,1606,Online Sale,Petpooja,08-2025,,,,Sales,3230,,Revenue,Income,0,,,,,,,,TRUE
12/08/2025,Counter Cash,100,Cash,excess cash return,08-2025,Paid,Shakil,12/08/2025,Excess Amount Return,3231,,Excess Amount Return,Expense,0,,,,,,,,TRUE
13/08/2025,Disposable,10750,Bank,Umesh Ji,08-2025,Unpaid,,,Inventory,3232,,COGS - Packaging,Expense,0,,,,,,,,TRUE
13/08/2025,Grocery,55,Cash,chopsi,08-2025,Paid,,13/08/2025,Inventory,3233,,COGS - Grocery,Expense,0,,,,,,,,TRUE
13/08/2025,Kinners,30,Cash,kinnars,08-2025,Paid,,13/08/2025,Maintance,3234,,OpEx - Misc,Expense,0,,,,,,,,TRUE
13/08/2025,Maintenance,15,Cash,Lighter,08-2025,Paid,,13/08/2025,Maintance,3235,,OpEx - Maintenance,Expense,0,,,,,,,,TRUE
14/08/2025,Chicken,2212,Bank,Golden Chicken,08-2025,Paid,Bank,,Inventory,3236,,COGS - NonVeg,Expense,0,,,,,,,,TRUE
14/08/2025,Dairy,1350,Bank,Adarsh Dairy,08-2025,Unpaid,,,Inventory,3237,,COGS - Dairy,Expense,0,,,,,,,,TRUE
14/08/2025,Maintenance,80,Cash,Splendor Washing,08-2025,Paid,Shakil,14/08/2025,Maintance,3238,,OpEx - Maintenance,Expense,0,,,,,,,,TRUE
14/08/2025,Bakery,120,Cash,sahi tukda bread,08-2025,Paid,Shakil,14/08/2025,Grocery,3239,,COGS - Grocery,Expense,0,,,,,,,,TRUE
14/08/2025,Disposable,450,Cash,Biryani continor,08-2025,Paid,Shakil,14/08/2025,Inventory,3240,,COGS - Packaging,Expense,0,,,,,,,,TRUE
14/08/2025,Dairy,150,Cash,shivdatt dairy,08-2025,Paid,Shakil,14/08/2025,Inventory,3241,,COGS - Dairy,Expense,0,,,,,,,,TRUE
14/08/2025,Grocery,50,Cash,Badam ,08-2025,Paid,Shakil,14/08/2025,Inventory,3242,,COGS - Grocery,Expense,0,,,,,,,,TRUE
14/08/2025,Vegetables,30,Cash,papaya,08-2025,Paid,Shakil,14/08/2025,Inventory,3243,,COGS - Veg,Expense,0,,,,,,,,TRUE
14/08/2025,Vegetables,25,Cash,Mint,08-2025,Paid,Shakil,14/08/2025,Inventory,3244,,COGS - Veg,Expense,0,,,,,,,,TRUE
14/08/2025,Advance,500,Bank,Vijay,08-2025,Paid,Shakil,14/08/2025,Salary,3245,,OpEx - Labor,Expense,0,,,,,,,,TRUE
14/08/2025,Sales,3750,Cash,petpooja,08-2025,,,,Sales,3246,,Revenue,Income,0,,,,,,,,TRUE
14/08/2025,Sales,389,Card,petpooja,08-2025,,,,Sales,3247,,Revenue,Income,0,,,,,,,,TRUE
14/08/2025,Sales,315,UPI,petpooja,08-2025,,,,Sales,3248,,Revenue,Income,0,,,,,,,,TRUE
14/08/2025,Sales,13543,Wallet,petpooja,08-2025,,,,Sales,3249,,Revenue,Income,0,,,,,,,,TRUE
14/08/2025,Sales,1005,Zomato Pay,petpooja,08-2025,,,,Sales,3250,,Revenue,Income,0,,,,,,,,TRUE
14/08/2025,Sales,830,Zomato Pay,petpooja,08-2025,,,,Sales,3251,,Revenue,Income,0,,,,,,,,TRUE
15/08/2025,Bank,3300,Cash,Shakil,08-2025,Paid,Shakil,15/08/2025,Cash Withdrawal,3252,,OpEx - Transfer,Expense,0,,,,,,,,TRUE
15/08/2025,Chicken,3567,Bank,Golden Chicken,08-2025,Paid,Bank,,Inventory,3253,,COGS - NonVeg,Expense,0,,,,,,,,TRUE
15/08/2025,Vegetables,380,Bank,Kedar,08-2025,Paid,Shakil,02/09/2025,Inventory,3254,,COGS - Veg,Expense,0,,,,,,,,TRUE
15/08/2025,Grocery,50,Cash,Balaji,08-2025,Paid,Shakil,15/08/2025,Inventory,3255,,COGS - Grocery,Expense,0,,,,,,,,TRUE
15/08/2025,Grocery,330,Cash,Soya Chaap,08-2025,Paid,Shakil,15/08/2025,Inventory,3256,,COGS - Grocery,Expense,0,,,,,,,,TRUE
15/08/2025,Dairy,486,Bank,Adarsh Dairy,08-2025,Unpaid,,,Inventory,3257,,COGS - Dairy,Expense,0,,,,,,,,TRUE
15/08/2025,Charcoal,1500,Bank,gyanshewri,08-2025,Unpaid,,,Inventory,3258,,COGS - Fuel,Expense,0,,,,,,,,TRUE
15/08/2025,Medical,10,Cash,Bandage,08-2025,Paid,Shakil,15/08/2025,Staff Expenses,3259,,OpEx - Labor,Expense,0,,,,,,,,TRUE
15/08/2025,Grocery,110,Cash,Noodles,08-2025,Paid,Shakil,15/08/2025,Inventory,3260,,COGS - Grocery,Expense,0,,,,,,,,TRUE
15/08/2025,Kinners,20,Cash,kinnars,08-2025,Paid,Shakil,15/08/2025,Maintance,3261,,OpEx - Misc,Expense,0,,,,,,,,TRUE
15/08/2025,Grocery,50,Cash,est and soda,08-2025,Paid,Shakil,15/08/2025,Inventory,3262,,COGS - Grocery,Expense,0,,,,,,,,TRUE
15/08/2025,Momos,210,Cash,rosan ,08-2025,Paid,Shakil,15/08/2025,Inventory,3263,,COGS - Inventory,Expense,0,,,,,,,,TRUE
15/08/2025,Vegetables,10,Cash,Banana,08-2025,Paid,Shakil,15/08/2025,Inventory,3264,,COGS - Veg,Expense,0,,,,,,,,TRUE
15/08/2025,Grocery,1187.5,Bank,Caremal Pudding,08-2025,Paid,Shakil,15/08/2025,Inventory,3265,,COGS - Grocery,Expense,0,,,,,,,,TRUE
15/08/2025,Dairy,232,Bank,Mashroom & Dahi,08-2025,Paid,Shakil,15/08/2025,Inventory,3266,,COGS - Dairy,Expense,0,,,,,,,,TRUE
15/08/2025,Bakery,380,Cash,pita Bread,08-2025,Paid,Shakil,15/08/2025,Grocery,3267,,COGS - Grocery,Expense,0,,,,,,,,TRUE
16/08/2025,Chicken,2954,Bank,Golden Chicken,08-2025,Paid,Bank,,Inventory,3268,,COGS - NonVeg,Expense,0,,,,,,,,TRUE
16/08/2025,Dairy,789,Bank,Adarsh Dairy,08-2025,Unpaid,,,Inventory,3269,,COGS - Dairy,Expense,0,,,,,,,,TRUE
16/08/2025,Petrol,310,Cash,petrol,08-2025,Paid,Shakil,16/08/2025,Bike Maintance,3270,,OpEx - Maintenance,Expense,0,,,,,,,,TRUE
16/08/2025,Mutton,400,Cash,Paya,08-2025,Paid,Shakil,16/08/2025,Inventory,3271,,COGS - NonVeg,Expense,0,,,,,,,,TRUE
16/08/2025,Grocery,70,Cash,Moto,08-2025,Paid,Shakil,16/08/2025,Inventory,3272,,COGS - Grocery,Expense,0,,,,,,,,TRUE
16/08/2025,Maintenance,500,Cash,Exhaust Fan,08-2025,Paid,Shakil,16/08/2025,Maintance,3273,,OpEx - Maintenance,Expense,0,,,,,,,,TRUE
16/08/2025,Kinners,20,Cash,kinnars,08-2025,Paid,Shakil,,Maintance,3274,,OpEx - Misc,Expense,0,,,,,,,,TRUE
16/08/2025,Beverages,1900,Cash,Waterbottle,08-2025,Paid,Shakil,,Grocery,3275,,COGS - Grocery,Expense,0,,,,,,,,TRUE
16/08/2025,Beverages,700,Cash,Waterbottle,08-2025,Paid,Shakil,,Grocery,3276,,COGS - Grocery,Expense,0,,,,,,,,TRUE
15/08/2025,Sales,3070,Cash,Petpooja,08-2025,,,,Sales,3277,,Revenue,Income,0,,,,,,,,TRUE
15/08/2025,Sales,200,Card,Petpooja,08-2025,,,,Sales,3278,,Revenue,Income,0,,,,,,,,TRUE
15/08/2025,Sales,1450,UPI,Petpooja,08-2025,,,,Sales,3279,,Revenue,Income,0,,,,,,,,TRUE
15/08/2025,Sales,17518,Wallet,Petpooja,08-2025,,,,Sales,3280,,Revenue,Income,0,,,,,,,,TRUE
15/08/2025,Sales,100,Zomato Pay,Petpooja,08-2025,,,,Sales,3281,,Revenue,Income,0,,,,,,,,TRUE
15/08/2025,Sales,643,Online Sale,Petpooja,08-2025,,,,Sales,3282,,Revenue,Income,0,,,,,,,,TRUE
16/08/2025,Egg,780,Bank,Mulani,08-2025,Unpaid,,,Grocery,3283,,COGS - Grocery,Expense,0,,,,,,,,TRUE
16/08/2025,Sales,2530,Cash,Petpooja,08-2025,Paid,Shakil,,Sales,3284,,Revenue,Income,0,,,,,,,,TRUE
16/08/2025,Sales,310,UPI,Petpooja,08-2025,,,,Sales,3285,,Revenue,Income,0,,,,,,,,TRUE
16/08/2025,Sales,9920,Wallet,Petpooja,08-2025,,,,Sales,3286,,Revenue,Income,0,,,,,,,,TRUE
16/08/2025,Sales,2755,Online Sale,Petpooja,08-2025,,,,Sales,3287,,Revenue,Income,0,,,,,,,,TRUE
17/08/2025,Chicken,2351,Bank,Golden Chicken,08-2025,Paid,Bank,,Inventory,3288,,COGS - NonVeg,Expense,0,,,,,,,,TRUE
17/08/2025,Dairy,879,Bank,Adarsh Dairy,08-2025,Unpaid,,,Inventory,3289,,COGS - Dairy,Expense,0,,,,,,,,TRUE
17/08/2025,Bakery,175,Cash,pita Bread,08-2025,Paid,Shakil,17/08/2025,Grocery,3290,,COGS - Grocery,Expense,0,,,,,,,,TRUE
17/08/2025,Grocery,10,Cash,Banana,08-2025,Paid,Shakil,17/08/2025,Inventory,3291,,COGS - Grocery,Expense,0,,,,,,,,TRUE
17/08/2025,Fish,490,Cash,Fish,08-2025,Paid,Shakil,17/08/2025,Staff Expenses,3292,,COGS - NonVeg,Expense,0,,,,,,,,TRUE
17/08/2025,Advance,1000,Cash,Vijay,08-2025,Paid,Shakil,17/08/2025,Salary,3293,1,OpEx - Labor,Expense,0,,,,,,,,TRUE
17/08/2025,Grocery,32,Cash,Nirma,08-2025,Paid,Shakil,17/08/2025,Inventory,3294,,COGS - Grocery,Expense,0,,,,,,,,TRUE
17/08/2025,Vegetables,20,Cash,Mint,08-2025,Paid,Shakil,17/08/2025,Inventory,3295,,COGS - Veg,Expense,0,,,,,,,,TRUE
17/08/2025,Advance,3000,Bank,Vijay,08-2025,Paid,Shakil,17/08/2025,Salary,3296,1,OpEx - Labor,Expense,0,,,,,,,,TRUE
17/08/2025,Advance,3000,Bank,Vijay,08-2025,Paid,Shakil,17/08/2025,Salary,3297,1,OpEx - Labor,Expense,0,,,,,,,,TRUE
17/08/2025,Vegetables,1160,Cash,Bhaji mandi,08-2025,Paid,Shakil,,Inventory,3298,,COGS - Veg,Expense,0,,,,,,,,TRUE
17/08/2025,Kinners,20,Cash,kinnars,08-2025,,,,Maintance,3299,,OpEx - Misc,Expense,0,,,,,,,,TRUE
17/08/2025,Sales,2105,Cash,Petpooja,08-2025,,,,Sales,3300,,Revenue,Income,0,,,,,,,,TRUE
17/08/2025,Sales,230,UPI,Petpooja,08-2025,,,,Sales,3301,,Revenue,Income,0,,,,,,,,TRUE
17/08/2025,Sales,14555,Wallet,Petpooja,08-2025,,,,Sales,3302,,Revenue,Income,0,,,,,,,,TRUE
17/08/2025,Sales,2657,Online Sale,Petpooja,08-2025,,,,Sales,3303,,Revenue,Income,0,,,,,,,,TRUE
17/08/2025,Cash Shortage,87,Cash,Shortage,08-2025,Paid,Shakil,17/08/2025,Shortage,3304,,OpEx - Misc,Expense,0,,,,,,,,TRUE
18/08/2025,Bakery,280,Cash,pita Bread,08-2025,Paid,,,Grocery,3305,,COGS - Grocery,Expense,0,,,,,,,,TRUE
18/08/2025,Chicken,1539,Bank,Golden Chicken,08-2025,Paid,Bank,,Inventory,3306,,COGS - NonVeg,Expense,0,,,,,,,,TRUE
18/08/2025,Dairy,968,Bank,Adarsh Dairy,08-2025,Unpaid,,,Inventory,3307,,COGS - Dairy,Expense,0,,,,,,,,TRUE
18/08/2025,Charcoal,1800,Bank,gyanshewri,08-2025,Unpaid,,,Inventory,3308,,COGS - Fuel,Expense,0,,,,,,,,TRUE
18/08/2025,Grocery,9728,Bank,Balaji,08-2025,Unpaid,,,Inventory,3309,,COGS - Grocery,Expense,0,,,,,,,,TRUE
18/08/2025,Medical,550,Cash,Imran,08-2025,Paid,,,Staff Expenses,3310,,OpEx - Labor,Expense,0,,,,,,,,TRUE
18/08/2025,Sales,1650,Cash,Petpooja,08-2025,,,,Sales,3311,,Revenue,Income,0,,,,,,,,TRUE
18/08/2025,Sales,360,UPI,Petpooja,08-2025,,,,Sales,3312,,Revenue,Income,0,,,,,,,,TRUE
18/08/2025,Sales,5779,Wallet,Petpooja,08-2025,,,,Sales,3313,,Revenue,Income,0,,,,,,,,TRUE
18/08/2025,Sales,1521,Online Sale,Petpooja,08-2025,,,,Sales,3314,,Revenue,Income,0,,,,,,,,TRUE
19/08/2025,Chicken,2764,Bank,Golden Chicken,08-2025,Paid,Bank,,Inventory,3315,,COGS - NonVeg,Expense,0,,,,,,,,TRUE
19/08/2025,Dairy,385,Bank,Adarsh Dairy,08-2025,Unpaid,,,Inventory,3316,,COGS - Dairy,Expense,0,,,,,,,,TRUE
19/08/2025,Plumbing Work,120,Cash,Tap,08-2025,Paid,Shakil,19/08/2025,Maintance,3317,,OpEx - Maintenance,Expense,0,,,,,,,,TRUE
19/08/2025,Garbage Vehicle,700,Bank,Chicken Kachra,08-2025,Paid,Naseem,,Fixed Maintance,3318,,OpEx - Maintenance,Expense,0,,,,,,,,TRUE
19/08/2025,Sales,380,Cash,Petpooja,08-2025,,,,Sales,3319,,Revenue,Income,0,,,,,,,,TRUE
19/08/2025,Sales,4540,Wallet,Petpooja,08-2025,,,,Sales,3320,,Revenue,Income,0,,,,,,,,TRUE
19/08/2025,Sales,1349,Online Sale,Petpooja,08-2025,,,,Sales,3321,,Revenue,Income,0,,,,,,,,TRUE
20/08/2025,Charcoal,900,Bank,gyanshewri,08-2025,Unpaid,,,Inventory,3322,,COGS - Fuel,Expense,0,,,,,,,,TRUE
20/08/2025,Dairy,340,Bank,Adarsh Dairy,08-2025,Unpaid,,,Inventory,3323,,COGS - Dairy,Expense,0,,,,,,,,TRUE
20/08/2025,Plumbing Work,235,Cash,Pipe,08-2025,Paid,Shakil,20/08/2025,Maintance,3324,,OpEx - Maintenance,Expense,0,,,,,,,,TRUE
20/08/2025,Grocery,200,Cash,Peri peri masala and cornflower,08-2025,Paid,Shakil,20/08/2025,Inventory,3325,,COGS - Grocery,Expense,0,,,,,,,,TRUE
20/08/2025,Maintenance,500,Bank,Drainage,08-2025,Paid,Shakil,20/08/2025,Maintance,3326,,OpEx - Maintenance,Expense,0,,,,,,,,TRUE
20/08/2025,Advance,300,Bank_Cash,Sadai waris,08-2025,Paid,Shakil,20/08/2025,Salary,3327,,OpEx - Labor,Expense,0,,,,,,,,TRUE
20/08/2025,Advance,200,Cash,Sadai waris,08-2025,Paid,Shakil,20/08/2025,Salary,3328,,OpEx - Labor,Expense,0,,,,,,,,TRUE
20/08/2025,Tea,50,Cash,Nasim Bhai,08-2025,Paid,Shakil,,Staff Expenses,3329,,OpEx - Labor,Expense,0,,,,,,,,TRUE
20/08/2025,Sales,750,Cash,Petpooja,08-2025,,,,Sales,3330,,Revenue,Income,0,,,,,,,,TRUE
20/08/2025,Sales,320,UPI,Petpooja,08-2025,,,,Sales,3331,,Revenue,Income,0,,,,,,,,TRUE
20/08/2025,Sales,9754,Wallet,Petpooja,08-2025,,,,Sales,3332,,Revenue,Income,0,,,,,,,,TRUE
20/08/2025,Sales,238,Online Sale,Petpooja,08-2025,,,,Sales,3333,,Revenue,Income,0,,,,,,,,TRUE
21/08/2025,Chicken,3233,Bank,Golden Chicken,08-2025,Paid,Bank,,Inventory,3334,,COGS - NonVeg,Expense,0,,,,,,,,TRUE
21/08/2025,Dairy,1080,Bank,Adarsh Dairy,08-2025,Unpaid,,,Inventory,3335,,COGS - Dairy,Expense,0,,,,,,,,TRUE
21/08/2025,Grocery,110,Cash,Noodles,08-2025,Paid,Shakil,21/08/2025,Inventory,3336,,COGS - Grocery,Expense,0,,,,,,,,TRUE
21/08/2025,Water Tanker,700,Cash,Tanker,08-2025,Paid,Shakil,21/08/2025,Maintenance,3337,,OpEx - Utilities,Expense,0,,,,,,,,TRUE
21/08/2025,Water Tanker,300,Bank,Tanker,08-2025,Paid,Shakil,21/08/2025,Maintenance,3338,,OpEx - Utilities,Expense,0,,,,,,,,TRUE
21/08/2025,Petrol,300,Bank,Petrol,08-2025,Paid,Shakil,21/08/2025,Bike Maintance,3339,,OpEx - Maintenance,Expense,0,,,,,,,,TRUE
21/08/2025,Kinners,15,Cash,Kinner,08-2025,Paid,Shakil,21/08/2025,Maintance,3340,,OpEx - Misc,Expense,0,,,,,,,,TRUE
21/08/2025,Maintenance,11800,Bank,Petpooja Renual,08-2025,Paid,Shakil,21/08/2025,Maintance,3341,,OpEx - Maintenance,Expense,0,,,,,,,,TRUE
21/08/2025,Bakery,180,Cash,Pitabread,08-2025,Paid,Shakil,21/08/2025,Grocery,3342,,COGS - Grocery,Expense,0,,,,,,,,TRUE
21/08/2025,Advance,349,Bank,Irman,08-2025,Paid,Shakil,21/08/2025,Salary,3343,,OpEx - Labor,Expense,0,,,,,,,,TRUE
21/08/2025,Dairy,28,Cash,Milk,08-2025,Paid,Shakil,21/08/2025,Inventory,3344,,COGS - Dairy,Expense,0,,,,,,,,TRUE
21/08/2025,Vegetables,25,Cash,Mint,08-2025,Paid,Shakil,21/08/2025,Inventory,3345,,COGS - Veg,Expense,0,,,,,,,,TRUE
21/08/2025,Dairy,30,Cash,Milk,08-2025,Paid,Shakil,21/08/2025,Inventory,3346,,COGS - Dairy,Expense,0,,,,,,,,TRUE
21/08/2025,Maintenance,700,Bank,Sajid Noori,08-2025,Paid,Shakil,21/08/2025,Maintance,3347,,OpEx - Maintenance,Expense,0,,,,,,,,TRUE
21/08/2025,Sales,2355,Cash,Petpooja,08-2025,,,,Sales,3348,,Revenue,Income,0,,,,,,,,TRUE
21/08/2025,Sales,12001,Wallet,Petpooja,08-2025,,,,Sales,3349,,Revenue,Income,0,,,,,,,,TRUE
21/08/2025,Sales,1755,Online Sale,Petpooja,08-2025,,,,Sales,3350,,Revenue,Income,0,,,,,,,,TRUE
22/08/2025,Chicken,1181,Bank,Golden Chicken,08-2025,Paid,Bank,,Inventory,3351,,COGS - NonVeg,Expense,0,,,,,,,,TRUE
22/08/2025,Dairy,526,Bank,Adarsh Dairy,08-2025,Unpaid,,,Inventory,3352,,COGS - Dairy,Expense,0,,,,,,,,TRUE
22/08/2025,Vegetables,135,Bank,Bhaji mandi,08-2025,Unpaid,,,Inventory,3353,,COGS - Veg,Expense,0,,,,,,,,TRUE
22/08/2025,Charcoal,1800,Bank,gyanshewri,08-2025,Unpaid,,,Inventory,3354,,COGS - Fuel,Expense,0,,,,,,,,TRUE
22/08/2025,Bakery,210,Bank_Cash,Pitabread,08-2025,Paid,,,Grocery,3355,,COGS - Grocery,Expense,0,,,,,,,,TRUE
22/08/2025,Kinners,30,Cash,Kinnars,08-2025,Paid,,,Maintance,3356,,OpEx - Misc,Expense,0,,,,,,,,TRUE
22/08/2025,Grocery,120,Cash,Cornflower,08-2025,Paid,,,Inventory,3357,,COGS - Grocery,Expense,0,,,,,,,,TRUE
22/08/2025,Grocery,330,Bank_Cash,Soya Chaap,08-2025,Paid,,,Inventory,3358,,COGS - Grocery,Expense,0,,,,,,,,TRUE
22/08/2025,Grocery,4073,Bank,kebab masala,08-2025,Unpaid,,,Inventory,3359,,COGS - Grocery,Expense,0,,,,,,,,TRUE
22/08/2025,Mutton,400,Bank_Cash,Paya,08-2025,Paid,,,Inventory,3360,,COGS - NonVeg,Expense,0,,,,,,,,TRUE
23/08/2025,Restaurant New Inventory,950,Bank_Cash,Chaddar and takiya,08-2025,Paid,,,New Inventory,3361,,OpEx - CapEx,Expense,0,,,,,,,,TRUE
23/08/2025,Chicken,6080,Bank,Golden Chicken,08-2025,Paid,Bank,,Inventory,3362,,COGS - NonVeg,Expense,0,,,,,,,,TRUE
23/08/2025,Dairy,2052,Bank,Adarsh Dairy,08-2025,Paid,,,Inventory,3363,,COGS - Dairy,Expense,0,,,,,,,,TRUE
23/08/2025,Bakery,175,Bank_Cash,Pitabread,08-2025,Paid,,,Grocery,3364,,COGS - Grocery,Expense,0,,,,,,,,TRUE
23/08/2025,Grocery,110,Bank_Cash,Noodles,08-2025,Paid,,,Inventory,3365,,COGS - Grocery,Expense,0,,,,,,,,TRUE
23/08/2025,Electric Work,220,Bank_Cash,Laitter,08-2025,Paid,,,Maintance,3366,,OpEx - Maintenance,Expense,0,,,,,,,,TRUE
23/08/2025,Beverages,585,Bank_Cash,Softdrink,08-2025,Paid,,,Grocery,3367,,COGS - Grocery,Expense,0,,,,,,,,TRUE
23/08/2025,Mutton,2200,Bank,Mutton and keema,08-2025,Paid,Shakil,,Inventory,3368,,COGS - NonVeg,Expense,0,,,,,,,,TRUE
23/08/2025,Grocery,80,Bank_Cash,Taar ghasni,08-2025,Paid,Shakil,,Inventory,3369,,COGS - Grocery,Expense,0,,,,,,,,TRUE
23/08/2025,Counter Cash,20,Cash,Customer Return ,08-2025,Paid,Naseem,,Excess Amount Return,3370,,Excess Amount Return,Expense,0,,,,,,,,TRUE
23/08/2025,Kinners,20,Cash,Kinnars,08-2025,Paid,Naseem,,Maintance,3371,,OpEx - Misc,Expense,0,,,,,,,,TRUE
23/08/2025,Vegetables,920,Cash,mandi,08-2025,Paid,Naseem,,Inventory,3372,,COGS - Veg,Expense,0,,,,,,,,TRUE
22/08/2025,Sales,3160,Cash,Petpooja,08-2025,,,,Sales,3373,,Revenue,Income,0,,,,,,,,TRUE
22/08/2025,Sales,1570,Card,Petpooja,08-2025,,,,Sales,3374,,Revenue,Income,0,,,,,,,,TRUE
22/08/2025,Sales,1449,UPI,Petpooja,08-2025,,,,Sales,3375,,Revenue,Income,0,,,,,,,,TRUE
22/08/2025,Sales,17226,Wallet,Petpooja,08-2025,,,,Sales,3376,,Revenue,Income,0,,,,,,,,TRUE
22/08/2025,Sales,2431,Online Sale,Petpooja,08-2025,,,,Sales,3377,,Revenue,Income,0,,,,,,,,TRUE
23/08/2025,Sales,5603,Cash,Petpooja,08-2025,,,,Sales,3378,,Revenue,Income,0,,,,,,,,TRUE
23/08/2025,Sales,945,UPI,Petpooja,08-2025,,,,Sales,3379,,Revenue,Income,0,,,,,,,,TRUE
23/08/2025,Sales,23279,Wallet,Petpooja,08-2025,,,,Sales,3380,,Revenue,Income,0,,,,,,,,TRUE
23/08/2025,Sales,1561,Online Sale,Petpooja,08-2025,,,,Sales,3381,,Revenue,Income,0,,,,,,,,TRUE
23/08/2025,Vegetables,600,Cash,Tomato,08-2025,,,,Inventory,3382,,COGS - Veg,Expense,0,,,,,,,,TRUE
23/08/2025,Vegetables,920,Cash,Vegitable,08-2025,,,,Inventory,3383,,COGS - Veg,Expense,0,,,,,,,,TRUE
24/08/2025,Chicken,3802,Bank,Golden Chicken,08-2025,Paid,Bank,,Inventory,3384,,COGS - NonVeg,Expense,0,,,,,,,,TRUE
24/08/2025,egg,324,Bank_Cash,Mulani ,08-2025,Unpaid,,,Grocery,3385,,COGS - Grocery,Expense,0,,,,,,,,TRUE
24/08/2025,Dairy,350,Bank,Paratha ,08-2025,Unpaid,,,Inventory,3386,,COGS - Dairy,Expense,0,,,,,,,,TRUE
24/08/2025,Counter Cash,50,Cash,Customer Return ,08-2025,Paid,,,Excess Amount Return,3387,,Excess Amount Return,Expense,0,,,,,,,,TRUE
24/08/2025,Bakery,175,Bank_Cash,Pitabread,08-2025,Paid,,,Grocery,3388,,COGS - Grocery,Expense,0,,,,,,,,TRUE
24/08/2025,Advance,250,Cash,Sajid Noori,08-2025,Paid,Shakil,24/08/2025,Salary,3389,,OpEx - Labor,Expense,0,,,,,,,,TRUE
24/08/2025,Momos,210,Bank_Cash,Momos,08-2025,Paid,,,Inventory,3390,,COGS - Inventory,Expense,0,,,,,,,,TRUE
24/08/2025,Kinners,30,Cash,Kinnars,08-2025,Paid,,,Maintance,3391,,OpEx - Misc,Expense,0,,,,,,,,TRUE
24/08/2025,Vegetables,30,Cash,mint,08-2025,Paid,,,Inventory,3392,,COGS - Veg,Expense,0,,,,,,,,TRUE
24/08/2025,Vegetables,240,Bank_Cash,mandi,08-2025,Paid,,,Inventory,3393,,COGS - Veg,Expense,0,,,,,,,,TRUE
24/08/2025,Sales,2560,Cash,Petpooja,08-2025,,,,Sales,3394,,Revenue,Income,0,,,,,,,,TRUE
24/08/2025,Sales,2172,Online Sale,Petpooja,08-2025,,,,Sales,3395,,Revenue,Income,0,,,,,,,,TRUE
24/08/2025,Sales,970,Zomato Pay,Petpooja,08-2025,,,,Sales,3396,,Revenue,Income,0,,,,,,,,TRUE
24/08/2025,Sales,25600,Wallet,perpooja,08-2025,,,,Sales,3397,,Revenue,Income,0,,,,,,,,TRUE
24/08/2025,Sales,665,Card,Petpooja,08-2025,,,,Sales,3398,,Revenue,Income,0,,,,,,,,TRUE
24/08/2025,tea,30,Bank_Cash,Staff tea,08-2025,Paid,,,Staff Expenses,3399,,OpEx - Labor,Expense,0,,,,,,,,TRUE
24/08/2025,Sales,990,UPI,Petpooja,08-2025,,,,Sales,3400,,Revenue,Income,0,,,,,,,,TRUE
24/08/2025,Advance,1000,Cash,Ibrar,08-2025,Paid,Shakil,24/08/2025,Salary,3401,,OpEx - Labor,Expense,0,,,,,,,,TRUE
25/08/2025,Chicken,2472,Bank,Golden Chicken,08-2025,Paid,Bank,06/09/2025,Inventory,3402,,COGS - NonVeg,Expense,0,,,,,,,,TRUE
25/08/2025,Charcoal,900,Bank,gyanshewri,08-2025,Paid,,,Inventory,3403,,COGS - Fuel,Expense,0,,,,,,,,TRUE
25/08/2025,Egg,490,Bank,Mulani,08-2025,Paid,,,Grocery,3404,,COGS - Grocery,Expense,0,,,,,,,,TRUE
25/08/2025,Mutton,1600,Bank,A1Mutton,08-2025,Paid,,,Inventory,3405,,COGS - NonVeg,Expense,0,,,,,,,,TRUE
25/08/2025,Kinners,20,Cash,Kinnars,08-2025,Paid,,,Maintance,3406,,OpEx - Misc,Expense,0,,,,,,,,TRUE
25/08/2025,Dairy,1165,Bank,Adarsh Dairy,08-2025,Unpaid,,,Inventory,3407,,COGS - Dairy,Expense,0,,,,,,,,TRUE
25/08/2025,Grocery,175,Bank_Cash,175,08-2025,Paid,,,Inventory,3408,,COGS - Grocery,Expense,0,,,,,,,,TRUE
25/08/2025,Petrol,300,Bank_Cash,Petrol,08-2025,Paid,,,Bike Maintance,3409,,OpEx - Maintenance,Expense,0,,,,,,,,TRUE
25/08/2025,Civil Work,310,Bank_Cash,Board reparing,08-2025,Paid,,,Maintance,3410,,OpEx - Maintenance,Expense,0,,,,,,,,TRUE
25/08/2025,Sales,2913,Cash,Petpooja,08-2025,,,,Sales,3411,,Revenue,Income,0,,,,,,,,TRUE
25/08/2025,Sales,4030,UPI,Petpooja,08-2025,,,,Sales,3412,,Revenue,Income,0,,,,,,,,TRUE
25/08/2025,Sales,7614,Wallet,Petpooja,08-2025,,,,Sales,3413,,Revenue,Income,0,,,,,,,,TRUE
25/08/2025,Sales,1492,Online Sale,Petpooja,08-2025,,,,Sales,3414,,Revenue,Income,0,,,,,,,,TRUE
25/08/2025,Grocery,120,Bank_Cash,Balaji,08-2025,Paid,,,Inventory,3415,,COGS - Grocery,Expense,0,,,,,,,,TRUE
26/08/2025,Chicken,1592,Bank,Golden Chicken,08-2025,Paid,Bank,06/09/2025,Inventory,3416,,COGS - NonVeg,Expense,0,,,,,,,,TRUE
26/08/2025,Dairy,619,Bank,Adarsh Dairy,08-2025,Unpaid,,,Inventory,3417,,COGS - Dairy,Expense,0,,,,,,,,TRUE
26/08/2025,Mutton,1560,Bank_Cash,A1Mutton,08-2025,Paid,Shakil,26/08/2025,Inventory,3418,,COGS - NonVeg,Expense,0,,,,,,,,TRUE
26/08/2025,Beverages,1200,Bank_Cash,Tata water,08-2025,Paid,,26/08/2025,Grocery,3419,,COGS - Grocery,Expense,0,,,,,,,,TRUE
26/08/2025,Maintenance,100,Bank_Cash,Broobs,08-2025,Paid,,26/08/2025,Maintance,3420,,OpEx - Maintenance,Expense,0,,,,,,,,TRUE
26/08/2025,Grocery,28310,Bank,Balaji,08-2025,Unpaid,,,Inventory,3421,,COGS - Grocery,Expense,0,,,,,,,,TRUE
26/08/2025,Sales,1125,Cash,Petpooja,08-2025,,,,Sales,3422,,Revenue,Income,0,,,,,,,,TRUE
26/08/2025,Sales,330,UPI,Petpooja,08-2025,,,,Sales,3423,,Revenue,Income,0,,,,,,,,TRUE
26/08/2025,Sales,700,Zomato Pay,Petpooja,08-2025,,,,Sales,3424,,Revenue,Income,0,,,,,,,,TRUE
26/08/2025,Sales,3158,Online Sale,,08-2025,,,,Sales,3425,,Revenue,Income,0,,,,,,,,TRUE
26/08/2025,Maintenance,190,Bank_Cash,Maintance,08-2025,Paid,,,Maintance,3426,,OpEx - Maintenance,Expense,0,,,,,,,,TRUE
26/08/2025,Grocery,40,Cash,Surf,08-2025,Paid,,,Inventory,3427,,COGS - Grocery,Expense,0,,,,,,,,TRUE
26/08/2025,Sales,9094,Wallet,Petpooja,08-2025,,,,Sales,3428,,Revenue,Income,0,,,,,,,,TRUE
26/08/2025,Donation,1500,Bank_Cash,Donation,08-2025,Paid,,,Maintance,3429,,OpEx - Misc,Expense,0,,,,,,,,TRUE
27/08/2025,Chicken,2624,Bank,Golden Chicken,08-2025,Paid,Bank,06/09/2025,Inventory,3430,,COGS - NonVeg,Expense,0,,,,,,,,TRUE
27/08/2025,Dairy,809,Bank,Adarsh Dairy,08-2025,Unpaid,,,Inventory,3431,,COGS - Dairy,Expense,0,,,,,,,,TRUE
27/08/2025,Vegetables,279,Bank,Vegetable,08-2025,Unpaid,,,Inventory,3432,,COGS - Veg,Expense,0,,,,,,,,TRUE
27/08/2025,Grocery,165,Bank_Cash,Noodle,08-2025,Paid,,,Inventory,3433,,COGS - Grocery,Expense,0,,,,,,,,TRUE
27/08/2025,Maintenance,1290,Bank_Cash,Cement and morang,08-2025,Paid,,,Maintance,3434,,OpEx - Maintenance,Expense,0,,,,,,,,TRUE
27/08/2025,Kinners,10,Cash,,08-2025,Paid,,,Maintance,3435,,OpEx - Misc,Expense,0,,,,,,,,TRUE
27/08/2025,Vegetables,20,Cash,Kinnars,08-2025,Paid,,,Inventory,3436,,COGS - Veg,Expense,0,,,,,,,,TRUE
27/08/2025,Grocery,50,Cash,Agarbatti ,08-2025,Paid,,,Inventory,3437,,COGS - Grocery,Expense,0,,,,,,,,TRUE
27/08/2025,Sales,1310,Cash,Petpooja,08-2025,,,,Sales,3438,,Revenue,Income,0,,,,,,,,TRUE
27/08/2025,Sales,2210,UPI,Petpooja,08-2025,,,,Sales,3439,,Revenue,Income,0,,,,,,,,TRUE
27/08/2025,Sales,7569,Wallet,Petpooja,08-2025,,,,Sales,3440,,Revenue,Income,0,,,,,,,,TRUE
27/08/2025,Sales,2137,Online Sale,Petpooja,08-2025,,,,Sales,3441,,Revenue,Income,0,,,,,,,,TRUE
27/08/2025,Chamber Clean,1500,Bank_Cash,Chembar cliene,08-2025,Paid,,,Maintenance,3442,,OpEx - Maintenance,Expense,0,,,,,,,,TRUE
28/08/2025,Chicken,1290,Bank,Golden Chicken,08-2025,Paid,Bank,06/09/2025,Inventory,3443,,COGS - NonVeg,Expense,0,,,,,,,,TRUE
28/08/2025,Dairy,740,Bank,Adarsh Dairy,08-2025,Unpaid,,,Inventory,3444,,COGS - Dairy,Expense,0,,,,,,,,TRUE
28/08/2025,Kinners,10,Bank,Kinnars,08-2025,Paid,,,Maintance,3445,,OpEx - Misc,Expense,0,,,,,,,,TRUE
28/08/2025,Maintenance,325,Bank_Cash,Maintance,08-2025,Paid,,,Maintance,3446,,OpEx - Maintenance,Expense,0,,,,,,,,TRUE
28/08/2025,Advance,1000,Cash,Imraan,08-2025,Paid,,,Salary,3447,,OpEx - Labor,Expense,0,,,,,,,,TRUE
05/08/2025,Sales,599,UPI,Petpooja,08-2025,,,,Sales,3448,,Revenue,Income,0,,,,,,,,TRUE
05/08/2025,Sales,11235,Wallet,Petpooja,08-2025,,,,Sales,3449,,Revenue,Income,0,,,,,,,,TRUE
05/08/2025,Sales,3035,Cash,Petpooja,08-2025,,,,Sales,3450,,Revenue,Income,0,,,,,,,,TRUE
05/08/2025,Sales,1099,Online Sale,petpooja,08-2025,,,,Sales,3451,,Revenue,Income,0,,,,,,,,TRUE
06/08/2025,Sales,6155,Wallet,petpooja,08-2025,,,,Sales,3452,,Revenue,Income,0,,,,,,,,TRUE
06/08/2025,Sales,380,UPI,petpooja,08-2025,,,,Sales,3453,,Revenue,Income,0,,,,,,,,TRUE
06/08/2025,Sales,430,Card,petpooja,08-2025,,,,Sales,3454,,Revenue,Income,0,,,,,,,,TRUE
06/08/2025,Sales,1894,Online Sale,Petpooja,08-2025,,,,Sales,3455,,Revenue,Income,0,,,,,,,,TRUE
06/08/2025,Sales,1825,Cash,Petpooja,08-2025,,,,Sales,3456,,Revenue,Income,0,,,,,,,,TRUE
07/08/2025,Sales,13908,Wallet,Petpooja,08-2025,,,,Sales,3457,,Revenue,Income,0,,,,,,,,TRUE
07/08/2025,Sales,4147,Cash,Petpooja,08-2025,,,,Sales,3458,,Revenue,Income,0,,,,,,,,TRUE
07/08/2025,Sales,1040,UPI,Petpooja,08-2025,,,,Sales,3459,,Revenue,Income,0,,,,,,,,TRUE
07/08/2025,Sales,325,Card,Petpooja,08-2025,,,,Sales,3460,,Revenue,Income,0,,,,,,,,TRUE
07/08/2025,Sales,3267,Online Sale,Petpooja,08-2025,,,,Sales,3461,,Revenue,Income,0,,,,,,,,TRUE
28/08/2025,Sales,2390,Cash,Petpooja,08-2025,,,,Sales,3462,,Revenue,Income,0,,,,,,,,TRUE
28/08/2025,Sales,5360,Wallet,Petpooja,08-2025,,,,Sales,3463,,Revenue,Income,0,,,,,,,,TRUE
28/08/2025,Sales,1305,Online Sale,Petpooja,08-2025,,,,Sales,3464,,Revenue,Income,0,,,,,,,,TRUE
13/08/2025,Sales,1310,Cash,Petpooja,08-2025,,,,Sales,3465,,Revenue,Income,0,,,,,,,,TRUE
13/08/2025,Sales,8060,Wallet,Petpooja,08-2025,,,,Sales,3466,,Revenue,Income,0,,,,,,,,TRUE
13/08/2025,Sales,320,Card,Petpooja,08-2025,,,,Sales,3467,,Revenue,Income,0,,,,,,,,TRUE
13/08/2025,Sales,1055,Online Sale,Petpooja,08-2025,,,,Sales,3468,,Revenue,Income,0,,,,,,,,TRUE
28/08/2025,Tea,30,Bank_Cash,Staff Tea,08-2025,Paid,Shakil,28/08/2025,Staff Expenses,3469,,OpEx - Labor,Expense,0,,,,,,,,TRUE
29/08/2025,Charcoal,1800,Bank,gyaneswari,08-2025,Unpaid,,28/08/2025,Inventory,3470,,COGS - Fuel,Expense,0,,,,,,,,TRUE
22/08/2025,Restaurant New Inventory,450,Bank,Handi ,08-2025,Paid,Shakil,22/08/2025,New Inventory,3471,,OpEx - CapEx,Expense,0,,,,,,,,TRUE
29/08/2025,Dairy,665,Bank,Adarsh Dairy,08-2025,Unpaid,,,Inventory,3472,,COGS - Dairy,Expense,0,,,,,,,,TRUE
29/08/2025,Vegetables,336,Bank,Vegetable,08-2025,Unpaid,,,Inventory,3473,,COGS - Veg,Expense,0,,,,,,,,TRUE
29/08/2025,Chicken,2691,Bank,Golden Chicken,08-2025,Paid,Bank,06/09/2025,Inventory,3474,,COGS - NonVeg,Expense,0,,,,,,,,TRUE
29/08/2025,Kinners,10,Cash,Kinnars,08-2025,Paid,,,Maintance,3475,,OpEx - Misc,Expense,0,,,,,,,,TRUE
29/08/2025,Disposable,11000,Bank,Anand disposal,08-2025,Unpaid,,,Inventory,3476,,COGS - Packaging,Expense,0,,,,,,,,TRUE
29/08/2025,Maintenance,160,Bank_Cash,Hardwere,08-2025,Paid,,,Maintance,3477,,OpEx - Maintenance,Expense,0,,,,,,,,TRUE
04/08/2025,Hotel Commision,1500,Bank,Shivsai,08-2025,Paid,Bank,04/08/2025,Fixed Maintance,3478,,OpEx - Admin,Expense,0,,,,,,,,TRUE
28/08/2025,Cash Shortage,9326,Bank_Cash,Nasim Bhai,08-2025,Paid,Shakil,,Shortage,3479,,OpEx - Misc,Expense,0,,,,,,,,TRUE
29/08/2025,Vegetables,600,Bank_Cash,Onion,08-2025,Paid,Shakil,29/08/2025,Inventory,3480,,COGS - Veg,Expense,0,,,,,,,,TRUE
29/08/2025,Sales,1935,Cash,Petpooja,08-2025,,,,Sales,3481,,Revenue,Income,0,,,,,,,,TRUE
29/08/2025,Sales,860,UPI,Petpooja,08-2025,,,,Sales,3482,,Revenue,Income,0,,,,,,,,TRUE
29/08/2025,Sales,13815,Wallet,Petpooja,08-2025,,,,Sales,3483,,Revenue,Income,0,,,,,,,,TRUE
29/08/2025,Sales,1040,Zomato Pay,Petpooja,08-2025,,,,Sales,3484,,Revenue,Income,0,,,,,,,,TRUE
29/08/2025,Sales,993,Online Sale,Petpooja,08-2025,,,,Sales,3485,,Revenue,Income,0,,,,,,,,TRUE
30/08/2025,Chicken,2566,Bank,Golden Chicken,08-2025,Paid,,,Inventory,3486,,COGS - NonVeg,Expense,0,,,,,,,,TRUE
30/08/2025,Beverages,1170,Bank_Cash,Softdrink,08-2025,Paid,Shakil,30/08/2025,Grocery,3487,,COGS - Grocery,Expense,0,,,,,,,,TRUE
30/08/2025,Vegetables,20,Cash,Mint,08-2025,Paid,Shakil,,Inventory,3488,,COGS - Veg,Expense,0,,,,,,,,TRUE
30/08/2025,Vegetables,200,Bank_Cash,Tomatto,08-2025,Paid,Shakil,,Inventory,3489,,COGS - Veg,Expense,0,,,,,,,,TRUE
30/08/2025,Kinners,20,Cash,Kinnars,08-2025,Paid,Naseem,,Maintance,3490,,OpEx - Misc,Expense,0,,,,,,,,TRUE
30/08/2025,Bakery,520,Bank_Cash,Pitabread,08-2025,Paid,Naseem,,Grocery,3491,,COGS - Grocery,Expense,0,,,,,,,,TRUE
30/08/2025,Petrol,300,Bank_Cash,Petrol ,08-2025,Paid,Shakil,,Bike Maintance,3492,,OpEx - Maintenance,Expense,0,,,,,,,,TRUE
30/08/2025,Sales,1470,Cash,Petpooja,08-2025,,,,Sales,3493,,Revenue,Income,0,,,,,,,,TRUE
30/08/2025,Sales,735,Card,Petpooja,08-2025,,,,Sales,3494,,Revenue,Income,0,,,,,,,,TRUE
30/08/2025,Sales,930,UPI,Petpooja,08-2025,,,,Sales,3495,,Revenue,Income,0,,,,,,,,TRUE
30/08/2025,Sales,13068,Wallet,Petpooja,08-2025,,,,Sales,3496,,Revenue,Income,0,,,,,,,,TRUE
30/08/2025,Dairy,874,Bank_Cash,Adarsh Dairy,08-2025,Unpaid,,,Inventory,3497,,COGS - Dairy,Expense,0,,,,,,,,TRUE
30/08/2025,Vegetables,407,Bank_Cash,Bhaironath,08-2025,Unpaid,,,Inventory,3498,,COGS - Veg,Expense,0,,,,,,,,TRUE
30/08/2025,Maintenance,80,Bank_Cash,brooms,08-2025,Paid,,,Maintance,3499,,OpEx - Maintenance,Expense,0,,,,,,,,TRUE
30/08/2025,Tea,30,Bank_Cash,tea,08-2025,Paid,,,Staff Expenses,3500,,OpEx - Labor,Expense,0,,,,,,,,TRUE
31/08/2025,Dairy,854,Bank,Adarsh Dairy,08-2025,Unpaid,,,Inventory,3501,,COGS - Dairy,Expense,0,,,,,,,,TRUE
31/08/2025,Kinners,15,Cash,Kinnars,08-2025,Paid,,,Maintance,3502,,OpEx - Misc,Expense,0,,,,,,,,TRUE
31/08/2025,Grocery,100,Bank_Cash,News papaer,08-2025,Paid,,,Inventory,3503,,COGS - Grocery,Expense,0,,,,,,,,TRUE
31/08/2025,Mutton,1560,Bank_Cash,A1Mutton,08-2025,Paid,,,Inventory,3504,,COGS - NonVeg,Expense,0,,,,,,,,TRUE
31/08/2025,Dairy,680,Bank_Cash,Soya chap and paratha,08-2025,Paid,,,Inventory,3505,,COGS - Dairy,Expense,0,,,,,,,,TRUE
31/08/2025,Egg,513,Cash,Mulani,08-2025,Paid,,31/08/2025,Grocery,3506,,COGS - Grocery,Expense,0,,,,,,,,TRUE
31/08/2025,Electricity,19290,Bank,Lightbill,08-2025,Unpaid,,,Fixed Maintance,3507,,OpEx - Utilities,Expense,0,,,,,,,,TRUE
31/08/2025,Mutton,150,Bank_Cash,muttun charbi,08-2025,Paid,,,Inventory,3508,,COGS - NonVeg,Expense,0,,,,,,,,TRUE
31/08/2025,Bakery,140,Cash,Pitabread,08-2025,Paid,,,Grocery,3509,,COGS - Grocery,Expense,0,,,,,,,,TRUE
31/08/2025,Grocery,10,Cash,Biscuits,08-2025,Paid,,,Inventory,3510,,COGS - Grocery,Expense,0,,,,,,,,TRUE
31/08/2025,Grocery,294,Bank,Balaji,08-2025,Paid,Bank,17/09/2025,Inventory,3511,,COGS - Grocery,Expense,0,,,,,,,,TRUE
31/08/2025,Dairy,60,Bank_Cash,Milk,08-2025,Paid,,,Inventory,3512,,COGS - Dairy,Expense,0,,,,,,,,TRUE
31/08/2025,Advance,1000,Bank,Ibrar Advance,08-2025,Paid,,31/08/2025,Salary,3513,,OpEx - Labor,Expense,0,,,,,,,,TRUE
31/08/2025,Sales,520,Cash,Petpooja,08-2025,,,,Sales,3514,,Revenue,Income,0,,,,,,,,TRUE
31/08/2025,Sales,1014,Card,Petpooja,08-2025,,,,Sales,3515,,Revenue,Income,0,,,,,,,,TRUE
31/08/2025,Sales,910,Due,Petpooja,08-2025,,,,Sales,3516,,Revenue,Income,0,,,,,,,,TRUE
31/08/2025,Sales,550,UPI,Petpooja,08-2025,,,,Sales,3517,,Revenue,Income,0,,,,,,,,TRUE
31/08/2025,Sales,10222,Wallet,Petpooja,08-2025,,,,Sales,3518,,Revenue,Income,0,,,,,,,,TRUE
31/08/2025,Sales,2937,Online Sale,Petpooja,08-2025,,,,Sales,3519,,Revenue,Income,0,,,,,,,,TRUE
01/09/2025,Charcoal,1800,Bank,gyaneswari,09-2025,,,,Inventory,3520,,COGS - Fuel,Expense,0,,,,,,,,TRUE
01/09/2025,Dairy,814,Bank,Adarsh Dairy,09-2025,Unpaid,,,Inventory,3521,,COGS - Dairy,Expense,0,,,,,,,,TRUE
01/09/2025,Kinners,20,Cash,Kinnars,09-2025,Paid,,,Maintance,3522,,OpEx - Misc,Expense,0,,,,,,,,TRUE
01/09/2025,Tea,20,Bank_Cash,tea,09-2025,Paid,,,Staff Expenses,3523,,OpEx - Labor,Expense,0,,,,,,,,TRUE
01/09/2025,Sales,2400,Cash,Petpooja,09-2025,,,,Sales,3524,,Revenue,Income,0,,,,,,,,TRUE
01/09/2025,Sales,12393,Wallet,Petpooja,09-2025,,,,Sales,3525,,Revenue,Income,0,,,,,,,,TRUE
01/09/2025,Sales,421,Online Sale,Petpooja,09-2025,,,,Sales,3526,,Revenue,Income,0,,,,,,,,TRUE
01/09/2025,Vegetables,25,Cash,Mint,09-2025,Paid,,,Inventory,3527,,COGS - Veg,Expense,0,,,,,,,,TRUE
02/09/2025,Chicken,2472,Bank,Golden Chicken,09-2025,Paid,,,Inventory,3528,,COGS - NonVeg,Expense,0,,,,,,,,TRUE
02/09/2025,Dairy,435,Bank,Adarsh Dairy,09-2025,Unpaid,,,Inventory,3529,,COGS - Dairy,Expense,0,,,,,,,,TRUE
02/09/2025,Kinners,20,Cash,kinnars,09-2025,Paid,,,Maintance,3530,,OpEx - Misc,Expense,0,,,,,,,,TRUE
02/09/2025,Beverages,1200,Cash,Tata water Bottle,09-2025,Paid,Shakil,02/09/2025,Grocery,3531,,COGS - Grocery,Expense,0,,,,,,,,TRUE
02/09/2025,tea,30,Bank,tea,09-2025,Paid,,,Staff Expenses,3532,,OpEx - Labor,Expense,0,,,,,,,,TRUE
02/09/2025,Sales,3403,Cash,Petpooja,09-2025,,,,Sales,3533,,Revenue,Income,0,,,,,,,,TRUE
02/09/2025,Sales,8312,Wallet,Petpooja,09-2025,,,,Sales,3534,,Revenue,Income,0,,,,,,,,TRUE
02/09/2025,Bakery,175,Bank_Cash,Pitabread,09-2025,Paid,,,Grocery,3535,,COGS - Grocery,Expense,0,,,,,,,,TRUE
02/09/2025,Sales,976,Online Sale,Petpooja,09-2025,,,,Sales,3536,,Revenue,Income,0,,,,,,,,TRUE
03/09/2025,Garbage Vehicle,1500,Bank_Cash,Rocde,09-2025,Paid,,03/09/2025,Fixed Maintance,3537,,OpEx - Maintenance,Expense,0,,,,,,,,TRUE
03/09/2025,Petrol,300,Bank_Cash,Bike petrol,09-2025,Paid,,,Bike Maintance,3538,,OpEx - Maintenance,Expense,0,,,,,,,,TRUE
03/09/2025,Mutton,500,Bank_Cash,Paya,09-2025,Paid,,,Inventory,3539,,COGS - NonVeg,Expense,0,,,,,,,,TRUE
03/09/2025,Dairy,1573,Bank,Adarsh Dairy,09-2025,Unpaid,,,Inventory,3540,,COGS - Dairy,Expense,0,,,,,,,,TRUE
03/09/2025,Charcoal,900,Bank,gyaneswari,09-2025,Unpaid,,,Inventory,3541,,COGS - Fuel,Expense,0,,,,,,,,TRUE
03/09/2025,Kinners,20,Cash,kinnars,09-2025,Paid,,,Maintance,3542,,OpEx - Misc,Expense,0,,,,,,,,TRUE
03/09/2025,Chicken,673,Bank,Golden Chicken,09-2025,Paid,,,Inventory,3543,,COGS - NonVeg,Expense,0,,,,,,,,TRUE
03/09/2025,Restaurant New Inventory,280,Bank_Cash,Ghisni and piller,09-2025,Paid,,,New Inventory,3544,,OpEx - CapEx,Expense,0,,,,,,,,TRUE
03/09/2025,Petrol,300,Bank_Cash,Petrol,09-2025,Paid,,,Bike Maintance,3545,,OpEx - Maintenance,Expense,0,,,,,,,,TRUE
03/09/2025,Restaurant New Inventory,35,Bank_Cash,pen,09-2025,Paid,,,New Inventory,3546,,OpEx - CapEx,Expense,0,,,,,,,,TRUE
03/09/2025,Sales,900,Cash,Petpooja,09-2025,,,,Sales,3547,,Revenue,Income,0,,,,,,,,TRUE
03/09/2025,Sales,475,UPI,Petpooja,09-2025,,,,Sales,3548,,Revenue,Income,0,,,,,,,,TRUE
03/09/2025,Sales,15327,Wallet,Petpooja,09-2025,,,,Sales,3549,,Revenue,Income,0,,,,,,,,TRUE
03/09/2025,Electricity,20,Bank_Cash,Laitter,09-2025,Paid,,,Fixed Maintance,3550,,OpEx - Utilities,Expense,0,,,,,,,,TRUE
03/09/2025,Tea,30,Bank_Cash,Tea,09-2025,Paid,,,Staff Expenses,3551,,OpEx - Labor,Expense,0,,,,,,,,TRUE
03/09/2025,Sales,1590,Zomato Pay,Petpooja,09-2025,,,,Sales,3552,,Revenue,Income,0,,,,,,,,TRUE
03/09/2025,Sales,226,Online Sale,Petpooja,09-2025,,,,Sales,3553,,Revenue,Income,0,,,,,,,,TRUE
03/09/2025,Vegetables,200,Bank_Cash,Tomatto,09-2025,Paid,,,Inventory,3554,,COGS - Veg,Expense,0,,,,,,,,TRUE
04/09/2025,Grocery,7602,Bank,Golden Chicken,09-2025,Unpaid,,,Inventory,3555,,COGS - Grocery,Expense,0,,,,,,,,TRUE
04/09/2025,Grocery,55,Cash,Noodle,09-2025,Paid,,,Inventory,3556,,COGS - Grocery,Expense,0,,,,,,,,TRUE
04/09/2025,Mutton,1560,Bank_Cash,A1mutton,09-2025,Paid,,,Inventory,3557,,COGS - NonVeg,Expense,0,,,,,,,,TRUE
04/09/2025,Bakery,175,Cash,Pitabread,09-2025,Paid,,,Grocery,3558,,COGS - Grocery,Expense,0,,,,,,,,TRUE
04/09/2025,Restaurant New Inventory,20,Bank_Cash,Nootebool,09-2025,Paid,,,New Inventory,3559,,OpEx - CapEx,Expense,0,,,,,,,,TRUE
04/09/2025,Advance,4000,Bank,Imran,09-2025,Paid,,,Salary,3560,,OpEx - Labor,Expense,0,,,,,,,,TRUE
04/09/2025,Vegetables,500,Bank_Cash,Onion,09-2025,Paid,,,Inventory,3561,,COGS - Veg,Expense,0,,,,,,,,TRUE
04/09/2025,Sales,3178,Cash,Petpooja,09-2025,,,,Sales,3562,,Revenue,Income,0,,,,,,,,TRUE
04/09/2025,Sales,6483,Wallet,Petpooja,09-2025,,,,Sales,3563,,Revenue,Income,0,,,,,,,,TRUE
04/09/2025,Sales,8815,Online Sale,Petpooja,09-2025,,,,Sales,3564,,Revenue,Income,0,,,,,,,,TRUE
04/09/2025,Vegetables,25,Cash,mint,09-2025,Paid,,,Inventory,3565,,COGS - Veg,Expense,0,,,,,,,,TRUE
04/09/2025,Tea,30,Bank_Cash,tea,09-2025,Paid,,,Staff Expenses,3566,,OpEx - Labor,Expense,0,,,,,,,,TRUE
05/09/2025,Advance,3000,Bank_Cash,Imran,09-2025,Paid,Naseem,05/09/2025,Salary,3567,,OpEx - Labor,Expense,0,,,,,,,,TRUE
05/09/2025,Egg,360,Bank,egg,09-2025,Paid,,,Grocery,3568,,COGS - Grocery,Expense,0,,,,,,,,TRUE
05/09/2025,Bakery,140,Bank_Cash,Pitabread,09-2025,Paid,,,Grocery,3569,,COGS - Grocery,Expense,0,,,,,,,,TRUE
05/09/2025,Restaurant New Inventory,130,Bank_Cash,Kachra bag,09-2025,Paid,,,New Inventory,3570,,OpEx - CapEx,Expense,0,,,,,,,,TRUE
05/09/2025,Hotel Commision,650,Bank,Shivsai,09-2025,Paid,,05/09/2025,Fixed Maintance,3571,,OpEx - Admin,Expense,0,,,,,,,,TRUE
05/09/2025,Hotel Commision,3373,Bank,Elite hotel,09-2025,Paid,,05/09/2025,Fixed Maintance,3572,,OpEx - Admin,Expense,0,,,,,,,,TRUE
05/09/2025,Dairy,184,Bank,Adarsh Dairy,09-2025,Unpaid,,,Inventory,3573,,COGS - Dairy,Expense,0,,,,,,,,TRUE
06/08/2025,Gas,1645,Bank,Sai Bharat,08-2025,Paid,Bank,14/08/2025,Fixed Maintance,3574,,OpEx - Utilities,Expense,0,,,,,,,,TRUE
09/08/2025,Gas,3290,Bank,Sai Bharat,08-2025,Paid,Bank,14/08/2025,Fixed Maintance,3575,,OpEx - Utilities,Expense,0,,,,,,,,TRUE
11/08/2025,Gas,1645,Bank,Sai Bharat,08-2025,Paid,Bank,14/08/2025,Fixed Maintance,3576,,OpEx - Utilities,Expense,0,,,,,,,,TRUE
16/08/2025,Gas,1645,Bank,Sai Bharat,08-2025,Paid,Bank,14/08/2025,Fixed Maintance,3577,,OpEx - Utilities,Expense,0,,,,,,,,TRUE
19/08/2025,Gas,1645,Bank,Sai Bharat,08-2025,Paid,Bank,05/09/2025,Fixed Maintance,3578,,OpEx - Utilities,Expense,0,,,,,,,,TRUE
21/08/2025,Gas,1645,Bank,Sai Bharat,08-2025,Paid,Bank,05/09/2025,Fixed Maintance,3579,,OpEx - Utilities,Expense,0,,,,,,,,TRUE
23/08/2025,Gas,1645,Bank,Sai Bharat,08-2025,Paid,Bank,05/09/2025,Fixed Maintance,3580,,OpEx - Utilities,Expense,0,,,,,,,,TRUE
24/08/2025,Gas,1645,Bank,Sai Bharat,08-2025,Paid,Bank,05/09/2025,Fixed Maintance,3581,,OpEx - Utilities,Expense,0,,,,,,,,TRUE
26/08/2025,Gas,1645,Bank,Sai Bharat,08-2025,Paid,Bank,05/09/2025,Fixed Maintance,3582,,OpEx - Utilities,Expense,0,,,,,,,,TRUE
27/08/2025,Gas,1645,Bank,Sai Bharat,08-2025,Paid,Bank,05/09/2025,Fixed Maintance,3583,,OpEx - Utilities,Expense,0,,,,,,,,TRUE
28/08/2025,Gas,3290,Bank,Sai Bharat,08-2025,Paid,Bank,05/09/2025,Fixed Maintance,3584,,OpEx - Utilities,Expense,0,,,,,,,,TRUE
31/08/2025,Gas,1645,Bank,Sai Bharat,08-2025,Paid,Bank,05/09/2025,Fixed Maintance,3585,,OpEx - Utilities,Expense,0,,,,,,,,TRUE
05/08/2025,Chicken,400,Bank,Golden Chicken,08-2025,Paid,,,Inventory,3586,,COGS - NonVeg,Expense,0,,,,,,,,TRUE
06/08/2025,Chicken,3834,Bank,Golden Chicken,08-2025,Paid,,,Inventory,3587,,COGS - NonVeg,Expense,0,,,,,,,,TRUE
07/08/2025,Chicken,993,Bank,Golden Chicken,08-2025,Paid,,,Inventory,3588,,COGS - NonVeg,Expense,0,,,,,,,,TRUE
16/08/2025,Vegetables,885,Bank,Kedar,08-2025,Paid,Shakil,02/09/2025,Inventory,3589,,COGS - Veg,Expense,0,,,,,,,,TRUE
05/09/2025,Advance,500,Bank,Imraan,09-2025,Paid,Shakil,02/09/2025,Salary,3590,,OpEx - Labor,Expense,0,,,,,,,,TRUE
05/09/2025,Grocery,140,Cash,Peri peri masala,09-2025,Paid,Naseem,02/09/2025,Inventory,3591,,COGS - Grocery,Expense,0,,,,,,,,TRUE
05/09/2025,Maintenance,1000,Bank,Drainage Maintance,09-2025,Paid,Shakil,05/09/2025,Maintance,3592,,OpEx - Maintenance,Expense,0,,,,,,,,TRUE
05/09/2025,Grocery,70,Cash,Butterdosa,09-2025,Paid,Shakil,,Inventory,3593,,COGS - Grocery,Expense,0,,,,,,,,TRUE
05/09/2025,Sales,1940,Cash,Petpooja,09-2025,,,,Sales,3594,,Revenue,Income,0,,,,,,,,TRUE
05/09/2025,Sales,340,Card,Petpooja,09-2025,,,,Sales,3595,,Revenue,Income,0,,,,,,,,TRUE
05/09/2025,Sales,80,UPI,Petpooja,09-2025,,,,Sales,3596,,Revenue,Income,0,,,,,,,,TRUE
05/09/2025,Sales,14167,Wallet,Petpooja,09-2025,,,,Sales,3597,,Revenue,Income,0,,,,,,,,TRUE
05/09/2025,Kinners,10,Cash,kinnars,09-2025,Paid,,,Maintance,3598,,OpEx - Misc,Expense,0,,,,,,,,TRUE
05/09/2025,Sales,403,Online Sale,Petpooja,09-2025,,,,Sales,3599,,Revenue,Income,0,,,,,,,,TRUE
05/09/2025,Tea,30,Bank_Cash,tea,09-2025,Paid,,,Staff Expenses,3600,,OpEx - Labor,Expense,0,,,,,,,,TRUE
06/09/2025,Dairy,1154,Bank,Adarsh Dairy,09-2025,Unpaid,,,Inventory,3601,,COGS - Dairy,Expense,0,,,,,,,,TRUE
06/09/2025,Chicken,1960,Bank,Golden Chicken,09-2025,Paid,,,Inventory,3602,,COGS - NonVeg,Expense,0,,,,,,,,TRUE
06/09/2025,Grocery,165,Bank,Noodle,09-2025,Paid,,,Inventory,3603,,COGS - Grocery,Expense,0,,,,,,,,TRUE
06/09/2025,Kinners,20,Cash,kinnars,09-2025,Paid,,,Maintance,3604,,OpEx - Misc,Expense,0,,,,,,,,TRUE
06/09/2025,Medical,50,Bank_Cash,medicine,09-2025,Paid,,,Staff Expenses,3605,,OpEx - Labor,Expense,0,,,,,,,,TRUE
06/09/2025,Electricity,20,Cash,Laitter,09-2025,Paid,,,Fixed Maintance,3606,,OpEx - Utilities,Expense,0,,,,,,,,TRUE
06/09/2025,Maintenance,1250,Bank_Cash,Abid Salary,09-2025,Paid,,,Maintance,3607,,OpEx - Maintenance,Expense,0,,,,,,,,TRUE
06/09/2025,Grocery,2400,Bank,Balaji,09-2025,Paid,Bank,17/09/2025,Inventory,3608,,COGS - Grocery,Expense,0,,,,,,,,TRUE
06/09/2025,Maintenance,180,Bank_Cash,Mixer repair,09-2025,Paid,Naseem,06/09/2025,Maintance,3609,,OpEx - Maintenance,Expense,0,,,,,,,,TRUE
06/09/2025,Advance,500,Cash,Saday waris,09-2025,Paid,Naseem,06/09/2025,Salary,3610,,OpEx - Labor,Expense,0,,,,,,,,TRUE
06/09/2025,Sales,3365,Cash,Petpooja,09-2025,,,,Sales,3611,,Revenue,Income,0,,,,,,,,TRUE
06/09/2025,Sales,680,Card,Petpooja,09-2025,,,,Sales,3612,,Revenue,Income,0,,,,,,,,TRUE
06/09/2025,Sales,2950,UPI,Petpooja,09-2025,,,,Sales,3613,,Revenue,Income,0,,,,,,,,TRUE
05/09/2025,Dairy,184,Bank,Adarsh Dairy,09-2025,Unpaid,,,Inventory,3614,,COGS - Dairy,Expense,0,,,,,,,,TRUE
06/09/2025,Advance,605,Cash,Nasim Bhai Advance,09-2025,Paid,,,Salary,3615,,OpEx - Labor,Expense,0,,,,,,,,TRUE
06/09/2025,Counter Cash,475,Cash,Counter exes,09-2025,Paid,,,Excess Amount Return,3616,,Excess Amount Return,Expense,0,,,,,,,,TRUE
06/09/2025,Sales,21950,Wallet,Petpooja,09-2025,,,,Sales,3617,,Revenue,Income,0,,,,,,,,TRUE
06/09/2025,Sales,4052,Online Sale,Petpooja,09-2025,,,,Sales,3618,,Revenue,Income,0,,,,,,,,TRUE
07/09/2025,Dairy,774,Bank,Adarsh Dairy,09-2025,Unpaid,,,Inventory,3619,,COGS - Dairy,Expense,0,,,,,,,,TRUE
07/09/2025,Maintenance,400,Bank_Cash,Gas Barnal repair,09-2025,Paid,,,Maintance,3620,,OpEx - Maintenance,Expense,0,,,,,,,,TRUE
07/09/2025,Petrol,300,Bank_Cash,Petrol,09-2025,Paid,,,Bike Maintance,3621,,OpEx - Maintenance,Expense,0,,,,,,,,TRUE
07/09/2025,Chicken,2773,Bank,Golden Chicken,09-2025,Paid,,,Inventory,3622,,COGS - NonVeg,Expense,0,,,,,,,,TRUE
07/09/2025,Dairy,330,Bank_Cash,Chap,09-2025,Paid,,,Inventory,3623,,COGS - Dairy,Expense,0,,,,,,,,TRUE
07/09/2025,Bakery,175,Cash,Pitabread,09-2025,Paid,,,Grocery,3624,,COGS - Grocery,Expense,0,,,,,,,,TRUE
07/09/2025,Electricity,210,Bank_Cash,Chakudhar,09-2025,Paid,,,Fixed Maintance,3625,,OpEx - Utilities,Expense,0,,,,,,,,TRUE
07/09/2025,Electricity,15,Bank_Cash,Laitter,09-2025,Paid,,,Fixed Maintance,3626,,OpEx - Utilities,Expense,0,,,,,,,,TRUE
07/09/2025,Kinners,15,Cash,kinnars,09-2025,Paid,,,Maintance,3627,,OpEx - Misc,Expense,0,,,,,,,,TRUE
07/09/2025,Advance,500,Bank_Cash,Ibrar Advance,09-2025,Paid,,,Salary,3628,,OpEx - Labor,Expense,0,,,,,,,,TRUE
07/09/2025,Sales,2655,Cash,Petpooja,09-2025,,,,Sales,3629,,Revenue,Income,0,,,,,,,,TRUE
07/09/2025,Sales,985,Card,Petpooja,09-2025,,,,Sales,3630,,Revenue,Income,0,,,,,,,,TRUE
07/09/2025,Sales,12250,Wallet,Petpooja,09-2025,,,,Sales,3631,,Revenue,Income,0,,,,,,,,TRUE
07/09/2025,Sales,540,Zomato Pay,Petpooja,09-2025,,,,Sales,3632,,Revenue,Income,0,,,,,,,,TRUE
07/09/2025,Sales,2391,Online Sale,Petpooja,09-2025,,,,Sales,3633,,Revenue,Income,0,,,,,,,,TRUE
07/09/2025,Tea,30,Bank_Cash,tea,09-2025,Paid,,,Staff Expenses,3634,,OpEx - Labor,Expense,0,,,,,,,,TRUE
07/09/2025,Advance,500,Bank_Cash,Wakeel,09-2025,Paid,,,Salary,3635,,OpEx - Labor,Expense,0,,,,,,,,TRUE
08/09/2025,Dairy,745,Bank,Adarsh Dairy,09-2025,Unpaid,,,Inventory,3636,,COGS - Dairy,Expense,0,,,,,,,,TRUE
08/09/2025,Charcoal,1800,Bank,gyaneswari,09-2025,Unpaid,,,Inventory,3637,,COGS - Fuel,Expense,0,,,,,,,,TRUE
08/09/2025,Chicken,2657,Bank,Golden Chicken,09-2025,Paid,,,Inventory,3638,,COGS - NonVeg,Expense,0,,,,,,,,TRUE
08/09/2025,Grocery,2525,Bank,Balaji,09-2025,Paid,Bank,17/09/2025,Inventory,3639,,COGS - Grocery,Expense,0,,,,,,,,TRUE
08/09/2025,Kinners,15,Cash,kinnars,09-2025,Paid,,,Maintance,3640,,OpEx - Misc,Expense,0,,,,,,,,TRUE
08/09/2025,Mutton,3100,Bank,Mutton,09-2025,Paid,Shakil,08/09/2025,Inventory,3641,,COGS - NonVeg,Expense,0,,,,,,,,TRUE
08/09/2025,Water Tanker,1000,Bank_Cash,Water tanker,09-2025,Paid,,,Maintenance,3642,,OpEx - Utilities,Expense,0,,,,,,,,TRUE
08/09/2025,Beverages,1200,Bank_Cash,Waterbottle,09-2025,Paid,Naseem,08/09/2025,Grocery,3643,,COGS - Grocery,Expense,0,,,,,,,,TRUE
08/09/2025,Disposable,790,Bank_Cash,Handwash and carribag,09-2025,Paid,Naseem,,Inventory,3644,,COGS - Packaging,Expense,0,,,,,,,,TRUE
08/09/2025,Vegetables,200,Cash,Tomatto,09-2025,Paid,Shakil,,Inventory,3645,,COGS - Veg,Expense,0,,,,,,,,TRUE
08/09/2025,Sales,406,Cash,Petpooja,09-2025,,,,Sales,3646,,Revenue,Income,0,,,,,,,,TRUE
08/09/2025,Sales,580,Due,Petpooja,09-2025,,,,Sales,3647,,Revenue,Income,0,,,,,,,,TRUE
08/09/2025,Sales,996,UPI,Petpooja,09-2025,,,,Sales,3648,,Revenue,Income,0,,,,,,,,TRUE
08/09/2025,Sales,8585,Wallet,Petpooja,09-2025,,,,Sales,3649,,Revenue,Income,0,,,,,,,,TRUE
08/09/2025,Sales,2338,Online Sale,Petpooja,09-2025,,,,Sales,3650,,Revenue,Income,0,,,,,,,,TRUE
09/09/2025,Egg,522,Bank,Mulani,09-2025,Paid,,,Grocery,3651,,COGS - Grocery,Expense,0,,,,,,,,TRUE
09/09/2025,Maintenance,350,Cash,Barnal repair,09-2025,Paid,,,Maintance,3652,,OpEx - Maintenance,Expense,0,,,,,,,,TRUE
09/09/2025,Chicken,1278,Bank,Golden Chicken,09-2025,Paid,,,Inventory,3653,,COGS - NonVeg,Expense,0,,,,,,,,TRUE
09/09/2025,Vegetables,35,Cash,Mint,09-2025,Paid,Shakil,09/09/2025,Inventory,3654,,COGS - Veg,Expense,0,,,,,,,,TRUE
09/09/2025,Kinners,10,Cash,kinnars,09-2025,Paid,Shakil,09/09/2025,Maintance,3655,,OpEx - Misc,Expense,0,,,,,,,,TRUE
09/09/2025,Bakery,525,Cash,Pitabread,09-2025,Paid,Shakil,09/09/2025,Grocery,3656,,COGS - Grocery,Expense,0,,,,,,,,TRUE
07/09/2025,Advance,4500,Bank,Saday waris,09-2025,Paid,Bank,07/09/2025,Salary,3657,,OpEx - Labor,Expense,0,,,,,,,,TRUE
09/09/2025,Restaurant New Inventory,5570,Bank,maintence,09-2025,Paid,Shakil,,New Inventory,3658,,OpEx - CapEx,Expense,0,,,,,,,,TRUE
09/09/2025,Vegetables,450,Cash,Onion,09-2025,Paid,Shakil,,Inventory,3659,,COGS - Veg,Expense,0,,,,,,,,TRUE
09/09/2025,Restaurant New Inventory,300,Cash,Auto rent,09-2025,Paid,Shakil,,New Inventory,3660,,OpEx - CapEx,Expense,0,,,,,,,,TRUE
09/09/2025,Sales,1295,Cash,Petpooja,09-2025,,,,Sales,3661,,Revenue,Income,0,,,,,,,,TRUE
09/09/2025,Sales,14209,Wallet,Petpooja,09-2025,,,,Sales,3662,,Revenue,Income,0,,,,,,,,TRUE
09/09/2025,Sales,657,Online Sale,Petpooja,09-2025,,,,Sales,3663,,Revenue,Income,0,,,,,,,,TRUE
09/09/2025,Sales,2498,Zomato Pay,Petpooja,09-2025,,,,Sales,3664,,Revenue,Income,0,,,,,,,,TRUE
10/09/2025,Charcoal,900,Bank,gyaneswari,09-2025,Unpaid,,,Inventory,3665,,COGS - Fuel,Expense,0,,,,,,,,TRUE
10/09/2025,Kinners,30,Cash,kinnars,09-2025,Paid,,,Maintance,3666,,OpEx - Misc,Expense,0,,,,,,,,TRUE
10/09/2025,Chicken,4299,Bank,Golden Chicken,09-2025,Paid,,,Inventory,3667,,COGS - NonVeg,Expense,0,,,,,,,,TRUE
10/09/2025,Plumbing Work,20,Cash,Plumbing,09-2025,Paid,,,Maintance,3668,,OpEx - Maintenance,Expense,0,,,,,,,,TRUE
10/09/2025,Maintenance,3200,Bank,maintence,09-2025,Paid,Shakil,10/09/2025,Maintance,3669,,OpEx - Maintenance,Expense,0,,,,,,,,TRUE
10/09/2025,Maintenance,40,Bank_Cash,Huk ,09-2025,Paid,Naseem,,Maintance,3670,,OpEx - Maintenance,Expense,0,,,,,,,,TRUE
10/09/2025,Fish,300,Cash,fish,09-2025,Paid,Naseem,,Staff Expenses,3671,,COGS - NonVeg,Expense,0,,,,,,,,TRUE
10/09/2025,Sales,2701,Online Sale,Petpooja,09-2025,,,,Sales,3672,,Revenue,Income,0,,,,,,,,TRUE
10/09/2025,Sales,8094,Wallet,Petpooja,09-2025,,,,Sales,3673,,Revenue,Income,0,,,,,,,,TRUE
10/09/2025,Sales,2839,Cash,Petpooja,09-2025,,,,Sales,3674,,Revenue,Income,0,,,,,,,,TRUE
11/09/2025,Grocery,60,Bank_Cash,Salt,09-2025,Paid,Naseem,,Inventory,3675,,COGS - Grocery,Expense,0,,,,,,,,TRUE
11/09/2025,Dairy,858,Bank,Adarsh Dairy,09-2025,Unpaid,,,Inventory,3676,,COGS - Dairy,Expense,0,,,,,,,,TRUE
11/09/2025,Kinners,20,Cash,kinnars,09-2025,Paid,,,Maintance,3677,,OpEx - Misc,Expense,0,,,,,,,,TRUE
11/09/2025,Maintenance,830,Bank_Cash,Hardwere,09-2025,Paid,,,Maintance,3678,,OpEx - Maintenance,Expense,0,,,,,,,,TRUE
10/09/2025,Dairy,864,Bank,Adarsh Dairy,09-2025,Unpaid,,,Inventory,3679,,COGS - Dairy,Expense,0,,,,,,,,TRUE
11/09/2025,Gas,1593,Bank,Sai Bharat,09-2025,Unpaid,,,Fixed Maintance,3680,,OpEx - Utilities,Expense,0,,,,,,,,TRUE
11/09/2025,Sales,3311,Cash,Petpooja,09-2025,,,,Sales,3681,,Revenue,Income,0,,,,,,,,TRUE
11/09/2025,Sales,620,UPI,Petpooja,09-2025,,,,Sales,3682,,Revenue,Income,0,,,,,,,,TRUE
11/09/2025,Sales,12830,Wallet,Petpooja,09-2025,,,,Sales,3683,,Revenue,Income,0,,,,,,,,TRUE
11/09/2025,Sales,1192,Online Sale,Petpooja,09-2025,,,,Sales,3684,,Revenue,Income,0,,,,,,,,TRUE
11/09/2025,Momos,35,Cash,Momos,09-2025,Paid,,,Inventory,3685,,COGS - Inventory,Expense,0,,,,,,,,TRUE
02/09/2025,Gas,1593,Bank,sai Bharat,09-2025,Unpaid,,,Fixed Maintance,3686,,OpEx - Utilities,Expense,0,,,,,,,,TRUE
04/09/2025,Gas,1593,Bank,Sai Bharat,09-2025,Unpaid,,,Fixed Maintance,3687,,OpEx - Utilities,Expense,0,,,,,,,,TRUE
05/09/2025,Gas,1593,Bank,Sai Bharat,09-2025,Unpaid,,,Fixed Maintance,3688,,OpEx - Utilities,Expense,0,,,,,,,,TRUE
09/09/2025,Gas,1593,Bank,Sai Bharat,09-2025,Unpaid,,,Fixed Maintance,3689,,OpEx - Utilities,Expense,0,,,,,,,,TRUE
11/09/2025,Tea,30,Bank_Cash,Tea,09-2025,Paid,,,Staff Expenses,3690,,OpEx - Labor,Expense,0,,,,,,,,TRUE
12/09/2025,Charcoal,900,Bank,gyaneswari,09-2025,Unpaid,,,Inventory,3691,,COGS - Fuel,Expense,0,,,,,,,,TRUE
12/09/2025,Chicken,5930,Bank,Golden Chicken,09-2025,Paid,,,Inventory,3692,,COGS - NonVeg,Expense,0,,,,,,,,TRUE
12/09/2025,Dairy,507,Bank,Adarsh Dairy,09-2025,Unpaid,,,Inventory,3693,,COGS - Dairy,Expense,0,,,,,,,,TRUE
12/09/2025,Kinners,40,Cash,kinnars,09-2025,Paid,,,Maintance,3694,,OpEx - Misc,Expense,0,,,,,,,,TRUE
12/09/2025,Vegetables,35,Cash,Mint,09-2025,Paid,,,Inventory,3695,,COGS - Veg,Expense,0,,,,,,,,TRUE
12/09/2025,Sales,3119,Cash,Petpooja,09-2025,,,,Sales,3696,,Revenue,Income,0,,,,,,,,TRUE
12/09/2025,Sales,240,Due,Petpooja,09-2025,,,,Sales,3697,,Revenue,Income,0,,,,,,,,TRUE
12/09/2025,Sales,312,UPI,Petpooja,09-2025,,,,Sales,3698,,Revenue,Income,0,,,,,,,,TRUE
12/09/2025,Sales,17925,Wallet,Petpooja,09-2025,,,,Sales,3699,,Revenue,Income,0,,,,,,,,TRUE
12/09/2025,Sales,2270,Zomato Pay,Petpooja,09-2025,,,,Sales,3700,,Revenue,Income,0,,,,,,,,TRUE
12/09/2025,Sales,2496,Online Sale,Petpooja,09-2025,,,,Sales,3701,,Revenue,Income,0,,,,,,,,TRUE
12/09/2025,Petrol,300,Bank_Cash,Petrol,09-2025,Paid,,,Bike Maintance,3702,,OpEx - Maintenance,Expense,0,,,,,,,,TRUE
13/09/2025,Dairy,1138,Bank,Adarsh Dairy,09-2025,Unpaid,Bank,,Inventory,3703,,COGS - Dairy,Expense,0,,,,,,,,TRUE
13/09/2025,Dairy,680,Bank_Cash,Soya chap and paratha,09-2025,Paid,Naseem,,Inventory,3704,,COGS - Dairy,Expense,0,,,,,,,,TRUE
13/09/2025,Stationary,100,Bank_Cash,newspaper,09-2025,Paid,Naseem,,Inventory,3705,,COGS - Inventory,Expense,0,,,,,,,,TRUE
13/09/2025,Disposable,600,Bank_Cash,washcleiner,09-2025,Paid,Naseem,,Inventory,3706,,COGS - Packaging,Expense,0,,,,,,,,TRUE
13/09/2025,Kinners,10,Cash,kinnars,09-2025,Paid,Sameer,,Maintance,3707,,OpEx - Misc,Expense,0,,,,,,,,TRUE
13/09/2025,Chicken,2277,Bank,Golden Chicken,09-2025,Paid,Bank,,Inventory,3708,,COGS - NonVeg,Expense,0,,,,,,,,TRUE
13/09/2025,Grocery,310,Bank_Cash,Balaji,09-2025,Paid,Naseem,,Inventory,3709,,COGS - Grocery,Expense,0,,,,,,,,TRUE
13/09/2025,Mutton,1520,Bank_Cash,Mutton,09-2025,Paid,Naseem,,Inventory,3710,,COGS - NonVeg,Expense,0,,,,,,,,TRUE
13/09/2025,Restaurant New Inventory,450,Bank_Cash,Auto rent,09-2025,Paid,Naseem,,New Inventory,3711,,OpEx - CapEx,Expense,0,,,,,,,,TRUE
13/09/2025,Vegetables,200,Bank_Cash,Tomatto,09-2025,Paid,Naseem,,Inventory,3712,,COGS - Veg,Expense,0,,,,,,,,TRUE
13/09/2025,Sales,1475,Cash,Petpooja,09-2025,,,,Sales,3713,,Revenue,Income,0,,,,,,,,TRUE
13/09/2025,Sales,80,UPI,Petpooja,09-2025,,,,Sales,3714,,Revenue,Income,0,,,,,,,,TRUE
13/09/2025,Sales,13878,Wallet,Petpooja,09-2025,,,,Sales,3715,,Revenue,Income,0,,,,,,,,TRUE
13/09/2025,Sales,399,Zomato Pay,Petpooja,09-2025,,,,Sales,3716,,Revenue,Income,0,,,,,,,,TRUE
13/09/2025,Sales,6188,Online Sale,Petpooja,09-2025,,,,Sales,3717,,Revenue,Income,0,,,,,,,,TRUE
14/09/2025,Dairy,1259,Bank,Adarsh Dairy,09-2025,Unpaid,,,Inventory,3718,,COGS - Dairy,Expense,0,,,,,,,,TRUE
14/09/2025,Grocery,220,Bank_Cash,Noodle,09-2025,Paid,,,Inventory,3719,,COGS - Grocery,Expense,0,,,,,,,,TRUE
14/09/2025,Grocery,75,Bank_Cash,Papad seo ,09-2025,Paid,,,Inventory,3720,,COGS - Grocery,Expense,0,,,,,,,,TRUE
14/09/2025,Kinners,20,Cash,kinnars,09-2025,Paid,,,Maintance,3721,,OpEx - Misc,Expense,0,,,,,,,,TRUE
14/09/2025,Vegetables,894,Bank,Bhaironath,09-2025,Unpaid,,,Inventory,3722,,COGS - Veg,Expense,0,,,,,,,,TRUE
14/09/2025,Momos,210,Bank_Cash,Momos,09-2025,Paid,Shakil,14/09/2025,Inventory,3723,,COGS - Inventory,Expense,0,,,,,,,,TRUE
14/09/2025,Egg,350,Bank_Cash,Mulani egg,09-2025,Paid,,,Grocery,3724,,COGS - Grocery,Expense,0,,,,,,,,TRUE
14/09/2025,Tea,30,Bank_Cash,tea,09-2025,Paid,,,Staff Expenses,3725,,OpEx - Labor,Expense,0,,,,,,,,TRUE
14/09/2025,Sales,1550,Cash,Petpooja,09-2025,,,,Sales,3726,,Revenue,Income,0,,,,,,,,TRUE
14/09/2025,Sales,909,UPI,Petpooja,09-2025,,,,Sales,3727,,Revenue,Income,0,,,,,,,,TRUE
14/09/2025,Sales,20974,Wallet,Petpooja,09-2025,,,,Sales,3728,,Revenue,Income,0,,,,,,,,TRUE
14/09/2025,Sales,1256,Online Sale,Petpooja,09-2025,,,,Sales,3729,,Revenue,Income,0,,,,,,,,TRUE
15/09/2025,Charcoal,900,Bank,gyaneswari,09-2025,Unpaid,,,Inventory,3730,,COGS - Fuel,Expense,0,,,,,,,,TRUE
15/09/2025,Chicken,2346,Bank,Golden Chicken,09-2025,Paid,,,Inventory,3731,,COGS - NonVeg,Expense,0,,,,,,,,TRUE
15/09/2025,Restaurant New Inventory,2650,Bank_Cash,Kukar,09-2025,Paid,,,New Inventory,3732,,OpEx - CapEx,Expense,0,,,,,,,,TRUE
15/09/2025,Restaurant New Inventory,220,Bank_Cash,jali keema machine,09-2025,Paid,,,New Inventory,3733,,OpEx - CapEx,Expense,0,,,,,,,,TRUE
15/09/2025,Restaurant New Inventory,850,Bank_Cash,Shawrma machine jali,09-2025,Paid,,,New Inventory,3734,,OpEx - CapEx,Expense,0,,,,,,,,TRUE
15/09/2025,Electric Work,210,Bank_Cash,Hardwere,09-2025,Paid,,,Maintance,3735,,OpEx - Maintenance,Expense,0,,,,,,,,TRUE
15/09/2025,Disposable,180,Bank_Cash,carrybag,09-2025,Paid,,,Inventory,3736,,COGS - Packaging,Expense,0,,,,,,,,TRUE
15/09/2025,Restaurant New Inventory,700,Bank_Cash,Grendar machine,09-2025,Paid,,,New Inventory,3737,,OpEx - CapEx,Expense,0,,,,,,,,TRUE
15/09/2025,Restaurant New Inventory,320,Bank_Cash,Treaklight,09-2025,Paid,,,New Inventory,3738,,OpEx - CapEx,Expense,0,,,,,,,,TRUE
15/09/2025,Petrol,150,Bank_Cash,Umeshji,09-2025,Paid,,,Bike Maintance,3739,,OpEx - Maintenance,Expense,0,,,,,,,,TRUE
15/09/2025,Restaurant New Inventory,130,Bank_Cash,Staff expences,09-2025,Paid,,,New Inventory,3740,,OpEx - CapEx,Expense,0,,,,,,,,TRUE
15/09/2025,Kinners,15,Cash,kinnars,09-2025,Paid,,,Maintance,3741,,OpEx - Misc,Expense,0,,,,,,,,TRUE
15/09/2025,Vegetables,10,Cash,Mint,09-2025,Paid,,,Inventory,3742,,COGS - Veg,Expense,0,,,,,,,,TRUE
15/09/2025,Vegetables,368,Bank,Bhaironath,09-2025,Unpaid,,,Inventory,3743,,COGS - Veg,Expense,0,,,,,,,,TRUE
15/09/2025,Beverages,1200,Cash,Tata water bottle,09-2025,Paid,,15/09/2025,Grocery,3744,,COGS - Grocery,Expense,0,,,,,,,,TRUE
15/09/2025,Sales,1759,Cash,Petpooja,09-2025,,,,Sales,3745,,Revenue,Income,0,,,,,,,,TRUE
15/09/2025,Sales,690,UPI,Petpooja,09-2025,,,,Sales,3746,,Revenue,Income,0,,,,,,,,TRUE
15/09/2025,Sales,450,Zomato Pay,Petpooja,09-2025,,,,Sales,3747,,Revenue,Income,0,,,,,,,,TRUE
15/09/2025,Sales,9184,Wallet,Petpooja,09-2025,,,,Sales,3748,,Revenue,Income,0,,,,,,,,TRUE
15/09/2025,Sales,1936,Online Sale,Petpooja,09-2025,,,,Sales,3749,,Revenue,Income,0,,,,,,,,TRUE
14/09/2025,Chicken,2872,Bank,Golden Chicken,09-2025,Paid,,,Inventory,3750,,COGS - NonVeg,Expense,0,,,,,,,,TRUE
15/09/2025,Sales,370,Due,Petpooja,09-2025,,,,Sales,3751,,Revenue,Income,0,,,,,,,,TRUE
16/09/2025,Chicken,2396,Bank,Golden Chicken,09-2025,Paid,,,Inventory,3752,,COGS - NonVeg,Expense,0,,,,,,,,TRUE
16/09/2025,Disposable,2060,Bank,Disposable,09-2025,Paid,Bank,16/09/2025,Inventory,3753,,COGS - Packaging,Expense,0,,,,,,,,TRUE
16/09/2025,Dairy,550,Bank,Adarsh Dairy,09-2025,Unpaid,,,Inventory,3754,,COGS - Dairy,Expense,0,,,,,,,,TRUE
15/09/2025,Dairy,969,Bank,Adarsh Dairy,09-2025,Unpaid,,,Inventory,3755,,COGS - Dairy,Expense,0,,,,,,,,TRUE
16/09/2025,Fish,1400,Cash,fish,09-2025,Paid,Sameer,16/09/2025,Staff Expenses,3756,,COGS - NonVeg,Expense,0,,,,,,,,TRUE
16/09/2025,Plumbing Work,1055,Bank_Cash,Hardwere,09-2025,Paid,,,Maintance,3757,,OpEx - Maintenance,Expense,0,,,,,,,,TRUE
16/09/2025,Vegetables,221,Bank,Bhaironath,09-2025,Unpaid,,,Inventory,3758,,COGS - Veg,Expense,0,,,,,,,,TRUE
13/09/2025,Gas,1593,Bank,Sai Bharat,09-2025,Unpaid,,,Fixed Maintance,3759,,OpEx - Utilities,Expense,0,,,,,,,,TRUE
14/09/2025,Gas,1593,Bank,Sai Bharat,09-2025,Unpaid,,,Fixed Maintance,3760,,OpEx - Utilities,Expense,0,,,,,,,,TRUE
15/09/2025,Gas,1593,Bank,Sai Bharat,09-2025,Unpaid,,,Fixed Maintance,3761,,OpEx - Utilities,Expense,0,,,,,,,,TRUE
16/09/2025,Sales,2790,Cash,Petpooja,09-2025,,,,Sales,3762,,Revenue,Income,0,,,,,,,,TRUE
16/09/2025,Sales,250,Due,Petpooja,09-2025,,,,Sales,3763,,Revenue,Income,0,,,,,,,,TRUE
16/09/2025,Sales,3370,UPI,Petpooja,09-2025,,,,Sales,3764,,Revenue,Income,0,,,,,,,,TRUE
16/09/2025,Sales,11350,Wallet,Petpooja,09-2025,,,,Sales,3765,,Revenue,Income,0,,,,,,,,TRUE
16/09/2025,Sales,1455,Online Sale,Petpooja,09-2025,,,,Sales,3766,,Revenue,Income,0,,,,,,,,TRUE
16/09/2025,Vegetables,600,Cash,Onion,09-2025,Paid,Sameer,16/09/2025,Inventory,3767,,COGS - Veg,Expense,0,,,,,,,,TRUE
16/09/2025,Sales,1240,Zomato Pay,Petpooja,09-2025,,,,Sales,3768,,Revenue,Income,0,,,,,,,,TRUE
16/09/2025,Petrol,300,Cash,Nasim bhai,09-2025,Paid,Sameer,16/09/2025,Bike Maintance,3769,,OpEx - Maintenance,Expense,0,,,,,,,,TRUE
16/09/2025,Tea,26,Cash,Staff expences,09-2025,Paid,Sameer,16/09/2025,Staff Expenses,3770,,OpEx - Labor,Expense,0,,,,,,,,TRUE
17/09/2025,Chicken,3737,Bank,Golden Chicken,09-2025,Paid,,,Inventory,3771,,COGS - NonVeg,Expense,0,,,,,,,,TRUE
17/09/2025,Dairy,848,Bank,Adarsh Dairy,09-2025,Unpaid,,,Inventory,3772,,COGS - Dairy,Expense,0,,,,,,,,TRUE
17/09/2025,Charcoal,1800,Bank,gyaneswari,09-2025,Unpaid,,,Inventory,3773,,COGS - Fuel,Expense,0,,,,,,,,TRUE
17/09/2025,Water Tanker,1000,Cash,Water Tanker,09-2025,Paid,Sameer,17/09/2025,Maintenance,3774,,OpEx - Utilities,Expense,0,,,,,,,,TRUE
17/09/2025,Mutton,1480,Bank,A1,09-2025,Paid,Bank,17/09/2025,Inventory,3775,,COGS - NonVeg,Expense,0,,,,,,,,TRUE
17/09/2025,Dairy,680,Bank,Soya chap and paratha,09-2025,Paid,Bank,17/09/2025,Inventory,3776,,COGS - Dairy,Expense,0,,,,,,,,TRUE
17/09/2025,Grocery,1400,Bank,Balaji,09-2025,Unpaid,,,Inventory,3777,,COGS - Grocery,Expense,0,,,,,,,,TRUE
17/09/2025,Gas,1593,Bank,Sai Bharat,09-2025,Unpaid,,,Fixed Maintance,3778,,OpEx - Utilities,Expense,0,,,,,,,,TRUE
17/09/2025,Sales,2000,Cash,Petpooja,09-2025,,,,Sales,3779,,Revenue,Income,0,,,,,,,,TRUE
17/09/2025,Sales,1170,Card,Petpooja,09-2025,,,,Sales,3780,,Revenue,Income,0,,,,,,,,TRUE
17/09/2025,Sales,880,Due,Petpooja,09-2025,,,,Sales,3781,,Revenue,Income,0,,,,,,,,TRUE
17/09/2025,Sales,1590,UPI,Petpooja,09-2025,,,,Sales,3782,,Revenue,Income,0,,,,,,,,TRUE
17/09/2025,Sales,14615,Wallet,Petpooja,09-2025,,,,Sales,3783,,Revenue,Income,0,,,,,,,,TRUE
17/09/2025,Sales,710,Zomato Pay,Petpooja,09-2025,,,,Sales,3784,,Revenue,Income,0,,,,,,,,TRUE
17/09/2025,Sales,496,Online Sale,Petpooja,09-2025,,,,Sales,3785,,Revenue,Income,0,,,,,,,,TRUE
17/09/2025,Tea,100,Bank_Cash,Staff expences,09-2025,Paid,Naseem,17/09/2025,Staff Expenses,3786,,OpEx - Labor,Expense,0,,,,,,,,TRUE
18/09/2025,Chicken,3207,Bank,Golden Chicken,09-2025,Paid,,,Inventory,3787,,COGS - NonVeg,Expense,0,,,,,,,,TRUE
18/09/2025,Dairy,1205,Bank,Adarsh Dairy,09-2025,Unpaid,,,Inventory,3788,,COGS - Dairy,Expense,0,,,,,,,,TRUE
18/09/2025,Bakery,125,Cash,Pitabread,09-2025,Paid,Sameer,18/09/2025,Grocery,3789,,COGS - Grocery,Expense,0,,,,,,,,TRUE
18/09/2025,Vegetables,350,Cash,Tomatto,09-2025,Paid,Sameer,18/09/2025,Inventory,3790,,COGS - Veg,Expense,0,,,,,,,,TRUE
18/09/2025,Egg,355,Cash,Mulani,09-2025,Paid,Sameer,18/09/2025,Grocery,3791,,COGS - Grocery,Expense,0,,,,,,,,TRUE
18/09/2025,Vegetables,597,Bank,Bhaironath,09-2025,Unpaid,,,Inventory,3792,,COGS - Veg,Expense,0,,,,,,,,TRUE
17/09/2025,Vegetables,364,Bank,Bhaironath,09-2025,Unpaid,,,Inventory,3793,,COGS - Veg,Expense,0,,,,,,,,TRUE
18/09/2025,Gas,1593,Bank,Sai Bharat,09-2025,Unpaid,,,Fixed Maintance,3794,,OpEx - Utilities,Expense,0,,,,,,,,TRUE
18/09/2025,Sales,4180,Cash,Petpooja,09-2025,,,,Sales,3795,,Revenue,Income,0,,,,,,,,TRUE
18/09/2025,Sales,1615,UPI,Petpooja,09-2025,,,,Sales,3796,,Revenue,Income,0,,,,,,,,TRUE
18/09/2025,Sales,14422,Wallet,Petpooja,09-2025,,,,Sales,3797,,Revenue,Income,0,,,,,,,,TRUE
18/09/2025,Sales,2542,Online Sale,Petpooja,09-2025,,,,Sales,3798,,Revenue,Income,0,,,,,,,,TRUE
18/09/2025,Tea,140,Cash,Staff expences,09-2025,Paid,Sameer,18/09/2025,Staff Expenses,3799,,OpEx - Labor,Expense,0,,,,,,,,TRUE
18/09/2025,Petrol,310,Cash,Nasim Bhai Advance,09-2025,Paid,Sameer,18/09/2025,Bike Maintance,3800,,OpEx - Maintenance,Expense,0,,,,,,,,TRUE
19/09/2025,Dairy,789,Bank,Adarsh Dairy,09-2025,Unpaid,,,Inventory,3801,,COGS - Dairy,Expense,0,,,,,,,,TRUE
19/09/2025,Chicken,2180,Bank,Golden Chicken,09-2025,Paid,,,Inventory,3802,,COGS - NonVeg,Expense,0,,,,,,,,TRUE
19/09/2025,Charcoal,900,Bank,gyaneswari,09-2025,Unpaid,,,Inventory,3803,,COGS - Fuel,Expense,0,,,,,,,,TRUE
19/09/2025,Mutton,1560,Bank_Cash,A1,09-2025,Paid,Naseem,19/09/2025,Inventory,3804,,COGS - NonVeg,Expense,0,,,,,,,,TRUE
19/09/2025,Dairy,280,Bank_Cash,french fries,09-2025,Paid,Naseem,19/09/2025,Inventory,3805,,COGS - Dairy,Expense,0,,,,,,,,TRUE
19/09/2025,Maintenance,1200,Bank_Cash,Welding,09-2025,Paid,Naseem,19/09/2025,Maintance,3806,,OpEx - Maintenance,Expense,0,,,,,,,,TRUE
19/09/2025,Electric Work,30,Bank_Cash,Hardwere,09-2025,Paid,Naseem,19/09/2025,Maintance,3807,,OpEx - Maintenance,Expense,0,,,,,,,,TRUE
19/09/2025,Bakery,100,Cash,Pitabread,09-2025,Paid,Sameer,19/09/2025,Grocery,3808,,COGS - Grocery,Expense,0,,,,,,,,TRUE
19/09/2025,Grocery,165,Cash,Noodle,09-2025,Paid,Sameer,19/09/2025,Inventory,3809,,COGS - Grocery,Expense,0,,,,,,,,TRUE
19/09/2025,Disposable,490,Cash,Disposable,09-2025,Paid,Sameer,19/09/2025,Inventory,3810,,COGS - Packaging,Expense,0,,,,,,,,TRUE
19/09/2025,Garbage Vehicle,700,Cash,Chicken Garbage,09-2025,Paid,Sameer,19/09/2025,Fixed Maintance,3811,,OpEx - Maintenance,Expense,0,,,,,,,,TRUE
19/09/2025,Grocery,200,Cash,Meat Masala,09-2025,Paid,Sameer,19/09/2025,Inventory,3812,,COGS - Grocery,Expense,0,,,,,,,,TRUE
19/09/2025,Vegetables,467,Bank,Bhaironath,09-2025,Unpaid,,,Inventory,3813,,COGS - Veg,Expense,0,,,,,,,,TRUE
19/09/2025,Sales,5625,Cash,Petpooja,09-2025,,,,Sales,3814,,Revenue,Income,0,,,,,,,,TRUE
19/09/2025,Sales,1695,Card,Petpooja,09-2025,,,,Sales,3815,,Revenue,Income,0,,,,,,,,TRUE
19/09/2025,Sales,100,UPI,Petpooja,09-2025,,,,Sales,3816,,Revenue,Income,0,,,,,,,,TRUE
19/09/2025,Sales,20353,Wallet,Petpooja,09-2025,,,,Sales,3817,,Revenue,Income,0,,,,,,,,TRUE
19/09/2025,Sales,3815,Online Sale,Petpooja,09-2025,,,,Sales,3818,,Revenue,Income,0,,,,,,,,TRUE
19/09/2025,Tea,200,Cash,staff expences,09-2025,Paid,Sameer,19/09/2025,Staff Expenses,3819,,OpEx - Labor,Expense,0,,,,,,,,TRUE
20/09/2025,Beverages,4080,Bank_Cash,Cold Drinks,09-2025,Paid,Naseem,20/09/2025,Grocery,3820,,COGS - Grocery,Expense,0,,,,,,,,TRUE
20/09/2025,Chicken,4594,Bank,Golden Chicken,09-2025,Paid,,,Inventory,3821,,COGS - NonVeg,Expense,0,,,,,,,,TRUE
20/09/2025,Grocery,110,Cash,Noodle,09-2025,Paid,Sameer,20/09/2025,Inventory,3822,,COGS - Grocery,Expense,0,,,,,,,,TRUE
20/09/2025,Bakery,125,Cash,Pitabread,09-2025,Paid,Sameer,20/09/2025,Grocery,3823,,COGS - Grocery,Expense,0,,,,,,,,TRUE
20/09/2025,Vegetables,500,Bank,onion,09-2025,Paid,Bank,20/09/2025,Inventory,3824,,COGS - Veg,Expense,0,,,,,,,,TRUE
20/09/2025,Electric Work,120,Cash,Hardwere,09-2025,Paid,Sameer,20/09/2025,Maintance,3825,,OpEx - Maintenance,Expense,0,,,,,,,,TRUE
20/09/2025,Chicken,880,Bank,Tandoori Chicken,09-2025,Paid,Bank,20/09/2025,Inventory,3826,,COGS - NonVeg,Expense,0,,,,,,,,TRUE
20/09/2025,Egg,355,Cash,Mulani,09-2025,Paid,Sameer,20/09/2025,Grocery,3827,,COGS - Grocery,Expense,0,,,,,,,,TRUE
20/09/2025,Petrol,310,Cash,Nasim Bhai,09-2025,Paid,Sameer,20/09/2025,Bike Maintance,3828,,OpEx - Maintenance,Expense,0,,,,,,,,TRUE
20/09/2025,Chicken,1492,Bank,Chicken,09-2025,Paid,Shakil,20/09/2025,Inventory,3829,,COGS - NonVeg,Expense,0,,,,,,,,TRUE
19/09/2025,Gas,1593,Bank,Sai Bharat,09-2025,Unpaid,,,Fixed Maintance,3830,,OpEx - Utilities,Expense,0,,,,,,,,TRUE
20/09/2025,Gas,1593,Bank,Sai Bharat,09-2025,Unpaid,,,Fixed Maintance,3831,,OpEx - Utilities,Expense,0,,,,,,,,TRUE
20/09/2025,Vegetables,648,Bank,Bhaironath,09-2025,Unpaid,,,Inventory,3832,,COGS - Veg,Expense,0,,,,,,,,TRUE
20/09/2025,Dairy,1038,Bank,Adarsh Dairy,09-2025,Unpaid,,,Inventory,3833,,COGS - Dairy,Expense,0,,,,,,,,TRUE
20/09/2025,Vegetables,200,Cash,Tomatto,09-2025,Paid,Sameer,20/09/2025,Inventory,3834,,COGS - Veg,Expense,0,,,,,,,,TRUE
20/09/2025,Disposable,500,Bank,Disposable,09-2025,Paid,Bank,20/09/2025,Inventory,3835,,COGS - Packaging,Expense,0,,,,,,,,TRUE
20/09/2025,Sales,2414,Cash,Petpooja,09-2025,,,,Sales,3836,,Revenue,Income,0,,,,,,,,TRUE
20/09/2025,Sales,260,Card,Petpooja,09-2025,,,,Sales,3837,,Revenue,Income,0,,,,,,,,TRUE
20/09/2025,Sales,24804,Wallet,Petpooja,09-2025,,,,Sales,3838,,Revenue,Income,0,,,,,,,,TRUE
20/09/2025,Sales,570,Zomato Pay,Petpooja,09-2025,,,,Sales,3839,,Revenue,Income,0,,,,,,,,TRUE
20/09/2025,Sales,2839,Online Sale,Petpooja,09-2025,,,,Sales,3840,,Revenue,Income,0,,,,,,,,TRUE
20/09/2025,Sales,310,Due,Petpooja,09-2025,,,,Sales,3841,,Revenue,Income,0,,,,,,,,TRUE
20/09/2025,Tea,164,Cash,staff expences,09-2025,Paid,Sameer,20/09/2025,Staff Expenses,3842,,OpEx - Labor,Expense,0,,,,,,,,TRUE
21/09/2025,Bakery,275,Cash,Pitabread,09-2025,Paid,Sameer,21/09/2025,Grocery,3843,,COGS - Grocery,Expense,0,,,,,,,,TRUE
21/09/2025,Chicken,2695,Bank,Golden Chicken,09-2025,Paid,,,Inventory,3844,,COGS - NonVeg,Expense,0,,,,,,,,TRUE
21/09/2025,Beverages,475,Bank_Cash,Water Bottel,09-2025,Paid,Naseem,21/09/2025,Grocery,3845,,COGS - Grocery,Expense,0,,,,,,,,TRUE
21/09/2025,Dairy,1585,Bank,Adarsh Dairy,09-2025,Unpaid,,,Inventory,3846,,COGS - Dairy,Expense,0,,,,,,,,TRUE
21/09/2025,Disposable,350,Bank,Disposable,09-2025,Paid,Bank,21/09/2025,Inventory,3847,,COGS - Packaging,Expense,0,,,,,,,,TRUE
21/09/2025,Vegetables,431,Bank,Bhaironath,09-2025,Unpaid,,,Inventory,3848,,COGS - Veg,Expense,0,,,,,,,,TRUE
21/09/2025,Grocery,1700,Bank,Kolam Rice,09-2025,Paid,Bank,21/09/2025,Inventory,3849,,COGS - Grocery,Expense,0,,,,,,,,TRUE
21/09/2025,Gas,1593,Bank,Sai Bharat,09-2025,Unpaid,,,Fixed Maintance,3850,,OpEx - Utilities,Expense,0,,,,,,,,TRUE
21/09/2025,Sales,1825,Cash,Petpooja,09-2025,,,,Sales,3851,,Revenue,Income,0,,,,,,,,TRUE
21/09/2025,Sales,625,Card,Petpooja,09-2025,,,,Sales,3852,,Revenue,Income,0,,,,,,,,TRUE
21/09/2025,Sales,470,Due,Petpooja,09-2025,,,,Sales,3853,,Revenue,Income,0,,,,,,,,TRUE
21/09/2025,Sales,480,UPI,Petpooja,09-2025,,,,Sales,3854,,Revenue,Income,0,,,,,,,,TRUE
21/09/2025,Sales,22260,Wallet,Petpooja,09-2025,,,,Sales,3855,,Revenue,Income,0,,,,,,,,TRUE
21/09/2025,Sales,2586,Online Sale,Petpooja,09-2025,,,,Sales,3856,,Revenue,Income,0,,,,,,,,TRUE
21/09/2025,Petrol,150,Bank_Cash,Umeshji,09-2025,Paid,Naseem,21/09/2025,Bike Maintance,3857,,OpEx - Maintenance,Expense,0,,,,,,,,TRUE
21/09/2025,Advance,500,Cash,Ibrar,09-2025,Paid,Sameer,21/09/2025,Salary,3858,,OpEx - Labor,Expense,0,,,,,,,,TRUE
21/09/2025,Tea,210,Bank_Cash,staff expences,09-2025,Paid,Naseem,21/09/2025,Staff Expenses,3859,,OpEx - Labor,Expense,0,,,,,,,,TRUE
21/09/2025,Kinners,65,Cash,Kinners,09-2025,Paid,Sameer,21/09/2025,Maintance,3860,,OpEx - Misc,Expense,0,,,,,,,,TRUE
21/09/2025,Advance,100,Cash,Raju,09-2025,Paid,Sameer,21/09/2025,Salary,3861,,OpEx - Labor,Expense,0,,,,,,,,TRUE
22/09/2025,Charcoal,900,Bank,gyaneswari,09-2025,Unpaid,,,Inventory,3862,,COGS - Fuel,Expense,0,,,,,,,,TRUE
22/09/2025,Chicken,2248,Bank,Golden Chicken,09-2025,Paid,,,Inventory,3863,,COGS - NonVeg,Expense,0,,,,,,,,TRUE
22/09/2025,Bakery,75,Cash,Pitabread,09-2025,Paid,Sameer,22/09/2025,Grocery,3864,,COGS - Grocery,Expense,0,,,,,,,,TRUE
22/09/2025,Grocery,55,Cash,Noodle,09-2025,Paid,Sameer,22/09/2025,Inventory,3865,,COGS - Grocery,Expense,0,,,,,,,,TRUE
11/09/2025,Grocery,27940,Bank,Balaji,09-2025,Paid,Bank,22/09/2025,Inventory,3866,,COGS - Grocery,Expense,0,,,,,,,,TRUE
22/09/2025,Kinners,30,Cash,kinnars,09-2025,Paid,Sameer,,Maintance,3867,,OpEx - Misc,Expense,0,,,,,,,,TRUE
22/09/2025,Vegetables,20,Cash,Mint,09-2025,Paid,Naseem,,Inventory,3868,,COGS - Veg,Expense,0,,,,,,,,TRUE
22/09/2025,Vegetables,958,Bank,Bhaironath,09-2025,Unpaid,,,Inventory,3869,,COGS - Veg,Expense,0,,,,,,,,TRUE
22/09/2025,Dairy,1633,Bank,Adarsh Dairy,09-2025,Unpaid,,,Inventory,3870,,COGS - Dairy,Expense,0,,,,,,,,TRUE
22/09/2025,Restaurant New Inventory,18500,Bank,Restaurant New Inventory,09-2025,Paid,Bank,22/09/2025,New Inventory,3871,,OpEx - CapEx,Expense,0,,,,,,,,TRUE
22/09/2025,Maintenance,180,Bank_Cash,Mixer Repair,09-2025,Paid,Naseem,22/09/2025,Maintance,3872,,OpEx - Maintenance,Expense,0,,,,,,,,TRUE
22/09/2025,Grocery,25730,Bank,Balaji,09-2025,Unpaid,,,Inventory,3873,,COGS - Grocery,Expense,0,,,,,,,,TRUE
22/09/2025,Disposable,120,Bank_Cash,Cerry Beg,09-2025,Paid,Naseem,22/09/2025,Inventory,3874,,COGS - Packaging,Expense,0,,,,,,,,TRUE
22/09/2025,Sales,1430,Cash,Petpooja,09-2025,,,,Sales,3875,,Revenue,Income,0,,,,,,,,TRUE
22/09/2025,Sales,190,UPI,Petpooja,09-2025,,,,Sales,3876,,Revenue,Income,0,,,,,,,,TRUE
22/09/2025,Sales,7809,Wallet,Petpooja,09-2025,,,,Sales,3877,,Revenue,Income,0,,,,,,,,TRUE
22/09/2025,Sales,1389,Online Sale,Petpooja,09-2025,,,,Sales,3878,,Revenue,Income,0,,,,,,,,TRUE
22/09/2025,Tea,400,Bank_Cash,staff expences,09-2025,Paid,Naseem,22/09/2025,Staff Expenses,3879,,OpEx - Labor,Expense,0,,,,,,,,TRUE
23/09/2025,Chicken,2115,Bank,Golden Chicken,09-2025,Paid,,,Inventory,3880,,COGS - NonVeg,Expense,0,,,,,,,,TRUE
23/09/2025,Bakery,75,Bank,Pitabread,09-2025,Paid,,,Grocery,3881,,COGS - Grocery,Expense,0,,,,,,,,TRUE
23/09/2025,Dairy,250,Bank,Adarsh Dairy,09-2025,Unpaid,,,Inventory,3882,,COGS - Dairy,Expense,0,,,,,,,,TRUE
23/09/2025,Petrol,310,Bank_Cash,Nasim Bhai,09-2025,Paid,,,Bike Maintance,3883,,OpEx - Maintenance,Expense,0,,,,,,,,TRUE
23/09/2025,Electricity,20530,Bank,Electricity,09-2025,Unpaid,,,Fixed Maintance,3884,,OpEx - Utilities,Expense,0,,,,,,,,TRUE
23/09/2025,Egg,350,Cash,Mulani,09-2025,Paid,Sameer,23/09/2025,Grocery,3885,,COGS - Grocery,Expense,0,,,,,,,,TRUE
23/09/2025,Maintenance,200,Cash,Umeshji fine,09-2025,Paid,Sameer,,Maintance,3886,,OpEx - Maintenance,Expense,0,,,,,,,,TRUE
23/09/2025,Sales,2820,Cash,Petpooja,09-2025,,,,Sales,3887,,Revenue,Income,0,,,,,,,,TRUE
23/09/2025,Sales,50,UPI,Petpooja,09-2025,,,,Sales,3888,,Revenue,Income,0,,,,,,,,TRUE
23/09/2025,Sales,10397,Wallet,Petpooja,09-2025,,,,Sales,3889,,Revenue,Income,0,,,,,,,,TRUE
23/09/2025,Maintenance,190,Bank_Cash,Hardwere,09-2025,Paid,Naseem,23/09/2025,Maintance,3890,,OpEx - Maintenance,Expense,0,,,,,,,,TRUE
23/09/2025,Vegetables,900,Bank_Cash,Aunty,09-2025,Paid,Naseem,23/09/2025,Inventory,3891,,COGS - Veg,Expense,0,,,,,,,,TRUE
23/09/2025,Tea,250,Bank_Cash,staff expences,09-2025,Paid,Naseem,23/09/2025,Staff Expenses,3892,,OpEx - Labor,Expense,0,,,,,,,,TRUE
23/09/2025,Kinners,20,Cash,Kinners,09-2025,Paid,Sameer,23/09/2025,Maintance,3893,,OpEx - Misc,Expense,0,,,,,,,,TRUE
23/09/2025,Vegetables,200,Cash,Tomatto,09-2025,Paid,Naseem,23/09/2025,Inventory,3894,,COGS - Veg,Expense,0,,,,,,,,TRUE
24/09/2025,Chicken,2325,Bank,Golden Chicken,09-2025,Paid,,,Inventory,3895,,COGS - NonVeg,Expense,0,,,,,,,,TRUE
24/09/2025,Charcoal,2700,Bank,gyaneswari,09-2025,Unpaid,,,Inventory,3896,,COGS - Fuel,Expense,0,,,,,,,,TRUE
24/09/2025,Beverages,1150,Bank_Cash,Water Bottel,09-2025,Paid,Naseem,24/09/2025,Grocery,3897,,COGS - Grocery,Expense,0,,,,,,,,TRUE
24/09/2025,Vegetables,150,Bank_Cash,Papaya,09-2025,Paid,Naseem,24/09/2025,Inventory,3898,,COGS - Veg,Expense,0,,,,,,,,TRUE
24/09/2025,Bakery,125,Cash,Pitabread,09-2025,Paid,Sameer,24/09/2025,Grocery,3899,,COGS - Grocery,Expense,0,,,,,,,,TRUE
24/09/2025,Grocery,55,Cash,Noodle,09-2025,Paid,Sameer,24/09/2025,Inventory,3900,,COGS - Grocery,Expense,0,,,,,,,,TRUE
23/09/2025,Vegetables,419,Bank,Bhaironath,09-2025,Unpaid,,,Inventory,3901,,COGS - Veg,Expense,0,,,,,,,,TRUE
24/09/2025,Vegetables,428,Bank,Bhaironath,09-2025,Unpaid,,,Inventory,3902,,COGS - Veg,Expense,0,,,,,,,,TRUE
24/09/2025,Gas,3186,Bank,Sai Bharat,09-2025,Unpaid,,,Fixed Maintance,3903,,OpEx - Utilities,Expense,0,,,,,,,,TRUE
24/09/2025,Sales,1230,Cash,Petpooja,09-2025,,,,Sales,3904,,Revenue,Income,0,,,,,,,,TRUE
24/09/2025,Sales,210,Card,Petpooja,09-2025,,,,Sales,3905,,Revenue,Income,0,,,,,,,,TRUE
24/09/2025,Sales,230,UPI,Petpooja,09-2025,,,,Sales,3906,,Revenue,Income,0,,,,,,,,TRUE
24/09/2025,Sales,7195,Wallet,Petpooja,09-2025,,,,Sales,3907,,Revenue,Income,0,,,,,,,,TRUE
24/09/2025,Sales,239,Online Sale,Petpooja,09-2025,,,,Sales,3908,,Revenue,Income,0,,,,,,,,TRUE
24/09/2025,Maintenance,1000,Cash,Umeshji fine,09-2025,Paid,Sameer,24/09/2025,Maintance,3909,,OpEx - Maintenance,Expense,0,,,,,,,,TRUE
24/09/2025,Tea,250,Cash,staff expences,09-2025,Paid,Sameer,24/09/2025,Staff Expenses,3910,,OpEx - Labor,Expense,0,,,,,,,,TRUE
25/09/2025,Vegetables,700,Cash,Onion,09-2025,Paid,Sameer,25/09/2025,Inventory,3911,,COGS - Veg,Expense,0,,,,,,,,TRUE
25/09/2025,Grocery,504,Bank,Balaji,09-2025,Unpaid,,,Inventory,3912,,COGS - Grocery,Expense,0,,,,,,,,TRUE
25/09/2025,Sales,1610,Cash,Petpooja,09-2025,,,,Sales,3913,,Revenue,Income,0,,,,,,,,TRUE
25/09/2025,Sales,6692,Wallet,Petpooja,09-2025,,,,Sales,3914,,Revenue,Income,0,,,,,,,,TRUE
25/09/2025,Sales,3215,Online Sale,Petpooja,09-2025,,,,Sales,3915,,Revenue,Income,0,,,,,,,,TRUE
25/09/2025,Restaurant New Inventory,250,Cash,Wada Maker,09-2025,Paid,Sameer,25/09/2025,New Inventory,3916,,OpEx - CapEx,Expense,0,,,,,,,,TRUE
25/09/2025,Tea,160,Cash,staff expences,09-2025,Paid,Sameer,25/09/2025,Staff Expenses,3917,,OpEx - Labor,Expense,0,,,,,,,,TRUE
26/09/2025,Charcoal,1800,Bank,gyaneswari,09-2025,Unpaid,,,Inventory,3918,,COGS - Fuel,Expense,0,,,,,,,,TRUE
26/09/2025,Chicken,380,Bank,Golden Chicken,09-2025,Paid,,,Inventory,3919,,COGS - NonVeg,Expense,0,,,,,,,,TRUE
26/09/2025,Vegetables,285,Bank,Bhaironath,09-2025,Unpaid,,,Inventory,3920,,COGS - Veg,Expense,0,,,,,,,,TRUE
26/09/2025,Dairy,383,Bank,Adarsh Dairy,09-2025,Unpaid,,,Inventory,3921,,COGS - Dairy,Expense,0,,,,,,,,TRUE
26/09/2025,Vegetables,30,Cash,Mint,09-2025,Paid,Naseem,26/09/2025,Inventory,3922,,COGS - Veg,Expense,0,,,,,,,,TRUE
26/09/2025,Disposable,9535,Bank,Umesh Ji,09-2025,Unpaid,,,Inventory,3923,,COGS - Packaging,Expense,0,,,,,,,,TRUE
26/09/2025,Sales,1570,Cash,Petpooja,09-2025,,,,Sales,3924,,Revenue,Income,0,,,,,,,,TRUE
26/09/2025,Sales,440,Card,Petpooja,09-2025,,,,Sales,3925,,Revenue,Income,0,,,,,,,,TRUE
26/09/2025,Sales,130,UPI,Petpooja,09-2025,,,,Sales,3926,,Revenue,Income,0,,,,,,,,TRUE
26/09/2025,Sales,10663,Wallet,Petpooja,09-2025,,,,Sales,3927,,Revenue,Income,0,,,,,,,,TRUE
26/09/2025,Sales,3172,Online Sale,Petpooja,09-2025,,,,Sales,3928,,Revenue,Income,0,,,,,,,,TRUE
26/09/2025,Petrol,150,Cash,Umesh Ji,09-2025,Paid,Naseem,26/09/2025,Bike Maintance,3929,,OpEx - Maintenance,Expense,0,,,,,,,,TRUE
26/09/2025,Tea,190,Cash,staff expences,09-2025,Paid,Naseem,26/09/2025,Staff Expenses,3930,,OpEx - Labor,Expense,0,,,,,,,,TRUE
27/09/2025,Chicken,471,Bank,Golden Chicken,09-2025,Paid,,,,,,COGS - NonVeg,Expense,0,,,,,,,,TRUE
27/09/2025,Grocery,55,Cash,Noodle,09-2025,Paid,Sameer,27/09/2025,Inventory,,,COGS - Grocery,Expense,0,,,,,,,,TRUE
27/09/2025,Bakery,225,Cash,Pitabread,09-2025,Paid,Sameer,27/09/2025,Grocery,3933,,COGS - Grocery,Expense,0,,,,,,,,TRUE
27/09/2025,Dairy,475,Bank,Adarsh Dairy,09-2025,Unpaid,,,Inventory,3934,,COGS - Dairy,Expense,0,,,,,,,,TRUE
27/09/2025,Restaurant New Inventory,1715,Bank,For Aunty,09-2025,Paid,Bank,27/09/2025,New Inventory,3935,,OpEx - CapEx,Expense,0,,,,,,,,TRUE
27/09/2025,Vegetables,357,Bank,Bhaironath,09-2025,Unpaid,,,Inventory,3936,,COGS - Veg,Expense,0,,,,,,,,TRUE
27/09/2025,Sales,1910,Cash,Petpooja,09-2025,,,,Sales,3937,,Revenue,Income,0,,,,,,,,TRUE
27/09/2025,Sales,1610,Card,Petpooja,09-2025,,,,Sales,3938,,Revenue,Income,0,,,,,,,,TRUE
27/09/2025,Sales,1075,UPI,Petpooja,09-2025,,,,Sales,3939,,Revenue,Income,0,,,,,,,,TRUE
27/09/2025,Sales,11083,Wallet,Petpooja,09-2025,,,,Sales,3940,,Revenue,Income,0,,,,,,,,TRUE
27/09/2025,Sales,5547,Online Sale,Petpooja,09-2025,,,,Sales,3941,,Revenue,Income,0,,,,,,,,TRUE
27/09/2025,Chamber Clean,1000,Bank_Cash,Vijay Mama,09-2025,Paid,Naseem,27/09/2025,Maintenance,3942,,OpEx - Maintenance,Expense,0,,,,,,,,TRUE
27/09/2025,Tea,220,Cash,staff expences,09-2025,Paid,Sameer,27/09/2025,Staff Expenses,3943,,OpEx - Labor,Expense,0,,,,,,,,TRUE
27/09/2025,Electric Work,110,Cash,Hardwere,09-2025,Paid,Sameer,27/09/2025,Maintance,3944,,OpEx - Maintenance,Expense,0,,,,,,,,TRUE
28/09/2025,Grocery,55,Cash,Noodle,09-2025,Paid,Sameer,28/09/2025,Inventory,3945,,COGS - Grocery,Expense,0,,,,,,,,TRUE
28/09/2025,Chicken,1675,Bank,Golden Chicken,09-2025,Paid,,,Inventory,3946,,COGS - NonVeg,Expense,0,,,,,,,,TRUE
28/09/2025,Bakery,135,Cash,Pitabread,09-2025,Paid,Sameer,28/09/2025,Grocery,3947,,COGS - Grocery,Expense,0,,,,,,,,TRUE
28/09/2025,Dairy,815,Bank,Adarsh Dairy,09-2025,Unpaid,,,Inventory,3948,,COGS - Dairy,Expense,0,,,,,,,,TRUE
28/09/2025,Mutton,1560,Bank,A1,09-2025,Paid,Bank,28/09/2025,Inventory,3949,,COGS - NonVeg,Expense,0,,,,,,,,TRUE
28/09/2025,Petrol,310,Cash,Nasim Bhai,09-2025,Paid,Naseem,28/09/2025,Bike Maintance,3950,,OpEx - Maintenance,Expense,0,,,,,,,,TRUE
28/09/2025,Grocery,452,Bank,Balaji,09-2025,Unpaid,,,Inventory,3951,,COGS - Grocery,Expense,0,,,,,,,,TRUE
28/09/2025,Gas,1593,Bank,Sai Bharat,09-2025,Unpaid,,,Fixed Maintance,3952,,OpEx - Utilities,Expense,0,,,,,,,,TRUE
28/09/2025,Vegetables,674,Bank,Bhaironath,09-2025,Unpaid,,,Inventory,3953,,COGS - Veg,Expense,0,,,,,,,,TRUE
28/09/2025,Sales,1335,Cash,Petpooja,09-2025,,,,Sales,3954,,Revenue,Income,0,,,,,,,,TRUE
28/09/2025,Sales,400,Card,Petpooja,09-2025,,,,Sales,3955,,Revenue,Income,0,,,,,,,,TRUE
28/09/2025,Sales,12765,Wallet,Petpooja,09-2025,,,,Sales,3956,,Revenue,Income,0,,,,,,,,TRUE
28/09/2025,Sales,1020,Online Sale,Petpooja,09-2025,,,,Sales,3957,,Revenue,Income,0,,,,,,,,TRUE
28/09/2025,Tea,285,Cash,staff expences,09-2025,Paid,Sameer,28/09/2025,Staff Expenses,3958,,OpEx - Labor,Expense,0,,,,,,,,TRUE
29/09/2025,Chicken,1041,Bank,Golden Chicken,09-2025,Paid,,,Inventory,3959,,COGS - NonVeg,Expense,0,,,,,,,,TRUE
29/09/2025,Bakery,50,Cash,Pitabread,09-2025,Paid,Sameer,29/09/2025,Grocery,3960,,COGS - Grocery,Expense,0,,,,,,,,TRUE
29/09/2025,Charcoal,1800,Bank,gyaneswari,09-2025,Unpaid,,,Inventory,3961,,COGS - Fuel,Expense,0,,,,,,,,TRUE
29/09/2025,Internet,1200,Bank,Recharge,09-2025,Paid,Bank,29/09/2025,Fixed Maintance,3962,,OpEx - Utilities,Expense,0,,,,,,,,TRUE
29/09/2025,Grocery,310,Bank_Cash,Balaji,09-2025,Paid,Naseem,29/09/2025,Inventory,3963,,COGS - Grocery,Expense,0,,,,,,,,TRUE
29/09/2025,Advance,100,Cash,Raju,09-2025,Paid,Sameer,29/09/2025,Salary,3964,,OpEx - Labor,Expense,0,,,,,,,,TRUE
29/09/2025,Vegetables,260,Bank,Bhaironath,09-2025,Unpaid,,,Inventory,3965,,COGS - Veg,Expense,0,,,,,,,,TRUE
29/09/2025,Gas,1593,Bank,Sai Bharat,09-2025,Unpaid,,,Fixed Maintance,3966,,OpEx - Utilities,Expense,0,,,,,,,,TRUE
29/09/2025,Sales,340,Cash,Petpooja,09-2025,,,,Sales,3967,,Revenue,Income,0,,,,,,,,TRUE
29/09/2025,Sales,1480,Card,Petpooja,09-2025,,,,Sales,3968,,Revenue,Income,0,,,,,,,,TRUE
29/09/2025,Sales,20,UPI,Petpooja,09-2025,,,,Sales,3969,,Revenue,Income,0,,,,,,,,TRUE
29/09/2025,Sales,6510,Wallet,Petpooja,09-2025,,,,Sales,3970,,Revenue,Income,0,,,,,,,,TRUE
29/09/2025,Sales,1303,Online Sale,Petpooja,09-2025,,,,Sales,3971,,Revenue,Income,0,,,,,,,,TRUE
29/09/2025,Tea,230,Bank_Cash,staff expences,09-2025,Paid,Sameer,29/09/2025,Staff Expenses,3972,,OpEx - Labor,Expense,0,,,,,,,,TRUE
30/09/2025,Chicken,1887,Bank,Golden Chicken,09-2025,Paid,,,Inventory,3973,,COGS - NonVeg,Expense,0,,,,,,,,TRUE
30/09/2025,Bakery,50,Cash,Pitabread,09-2025,Paid,,,Grocery,3974,,COGS - Grocery,Expense,0,,,,,,,,TRUE
30/09/2025,Grocery,1080,Bank,Balaji,09-2025,Unpaid,,,Inventory,3975,,COGS - Grocery,Expense,0,,,,,,,,TRUE
30/09/2025,Dairy,655,Bank,Adarsh Dairy,09-2025,Unpaid,,,Inventory,3976,,COGS - Dairy,Expense,0,,,,,,,,TRUE
30/09/2025,Electric Work,400,Bank,Electric Work,09-2025,Paid,Bank,30/09/2025,Maintance,3977,,OpEx - Maintenance,Expense,0,,,,,,,,TRUE
30/09/2025,Vegetables,164,Bank,Bhaironath,09-2025,Unpaid,,,Inventory,3978,,COGS - Veg,Expense,0,,,,,,,,TRUE
30/09/2025,Egg,320,Cash,Mulani,09-2025,Paid,Sameer,30/09/2025,Grocery,3979,,COGS - Grocery,Expense,0,,,,,,,,TRUE
30/09/2025,Sales,3070,Cash,Petpooja,09-2025,,,,Sales,3980,,Revenue,Income,0,,,,,,,,TRUE
30/09/2025,Sales,999,UPI,Petpooja,09-2025,,,,Sales,3981,,Revenue,Income,0,,,,,,,,TRUE
30/09/2025,Sales,4865,Wallet,Petpooja,09-2025,,,,Sales,3982,,Revenue,Income,0,,,,,,,,TRUE
30/09/2025,Sales,583,Online Sale,Petpooja,09-2025,,,,Sales,3983,,Revenue,Income,0,,,,,,,,TRUE
30/09/2025,Restaurant New Inventory,2400,Bank_Cash,Hotel Rent,09-2025,Paid,Naseem,30/09/2025,New Inventory,3984,,OpEx - CapEx,Expense,0,,,,,,,,TRUE
30/09/2025,Tea,150,Bank_Cash,staff expences,09-2025,Paid,Sameer,30/09/2025,Staff Expenses,3985,,OpEx - Labor,Expense,0,,,,,,,,TRUE
01/10/2025,Charcoal,1800,Bank,gyaneswari,10-2025,Unpaid,Shakil,,Inventory,3986,,COGS - Fuel,Expense,0,,,,,,,,TRUE
01/10/2025,Chicken,4151,Bank,Golden Chicken,10-2025,Paid,,,Inventory,3987,,COGS - NonVeg,Expense,0,,,,,,,,TRUE
01/10/2025,Dairy,645,Bank_Cash,Soyachap paratha,10-2025,Paid,Shakil,,Inventory,3988,,COGS - Dairy,Expense,0,,,,,,,,TRUE
01/10/2025,Grocery,55,Cash,Noodle,10-2025,Paid,Naseem,,Inventory,3989,,COGS - Grocery,Expense,0,,,,,,,,TRUE
01/10/2025,Vegetables,50,Bank_Cash,Lemon,10-2025,Paid,Shakil,,Inventory,3990,,COGS - Veg,Expense,0,,,,,,,,TRUE
01/10/2025,Dairy,70,Bank_Cash,Lassi,10-2025,Paid,,,Inventory,3991,,COGS - Dairy,Expense,0,,,,,,,,TRUE
01/10/2025,Tea,185,Bank_Cash,tea,10-2025,Paid,,,Staff Expenses,3992,,OpEx - Labor,Expense,0,,,,,,,,TRUE
01/10/2025,Restaurant New Inventory,1150,Bank_Cash,Hotel rent,10-2025,Paid,Shakil,,New Inventory,3993,,OpEx - CapEx,Expense,0,,,,,,,,TRUE
01/10/2025,Sales,3920,Cash,Petpooja,10-2025,,,,Sales,3994,,Revenue,Income,0,,,,,,,,TRUE
01/10/2025,Sales,909,Online Sale,Petpooja,10-2025,,,,Sales,3995,,Revenue,Income,0,,,,,,,,TRUE
01/10/2025,Sales,110,UPI,Petpooja,10-2025,,,,Sales,3996,,Revenue,Income,0,,,,,,,,TRUE
01/10/2025,Sales,15734,Wallet,Petpooja,10-2025,,,,Sales,3997,,Revenue,Income,0,,,,,,,,TRUE
01/10/2025,Sales,2280,Card,Petpooja,10-2025,,,,Sales,3998,,Revenue,Income,0,,,,,,,,TRUE
01/10/2025,Bakery,100,Cash,Pitabread,10-2025,Paid,Sameer,01/10/2025,Grocery,3999,,COGS - Grocery,Expense,0,,,,,,,,TRUE
01/10/2025,Kinners,15,Cash,Kinners,10-2025,Paid,Sameer,01/10/2025,Maintance,4000,,OpEx - Misc,Expense,0,,,,,,,,TRUE
01/10/2025,Vegetables,486,Bank_Cash,Bhaironath,10-2025,Paid,Naseem,,Inventory,4001,,COGS - Veg,Expense,0,,,,,,,,TRUE
02/10/2025,Grocery,3850,Bank,Balaji,10-2025,Unpaid,,,Inventory,4002,,COGS - Grocery,Expense,0,,,,,,,,TRUE
02/10/2025,Grocery,950,Bank_Cash,For Aunty,10-2025,Paid,Naseem,02/10/2025,Inventory,4003,,COGS - Grocery,Expense,0,,,,,,,,TRUE
01/10/2025,Dairy,260,Bank,Adarsh Dairy,10-2025,Unpaid,,,Inventory,4004,,COGS - Dairy,Expense,0,,,,,,,,TRUE
02/10/2025,Bakery,100,Cash,Pitabread,10-2025,Paid,Sameer,02/10/2025,Grocery,4005,,COGS - Grocery,Expense,0,,,,,,,,TRUE
02/10/2025,Restaurant New Inventory,4965,Bank,Oven,10-2025,Paid,Shakil,02/10/2025,New Inventory,4006,,OpEx - CapEx,Expense,0,,,,,,,,TRUE
02/10/2025,Chicken,2961,Bank,Golden Chicken,10-2025,Paid,,,Inventory,4007,,COGS - NonVeg,Expense,0,,,,,,,,TRUE
02/10/2025,Chicken,530,Bank_Cash,Boneless Chicken,10-2025,Paid,Naseem,02/10/2025,Inventory,4008,,COGS - NonVeg,Expense,0,,,,,,,,TRUE
01/10/2025,Gas,1609,Bank,Sai Bharat,10-2025,Unpaid,,,Fixed Maintance,4009,,OpEx - Utilities,Expense,0,,,,,,,,TRUE
02/10/2025,Dairy,1430,Bank,Adarsh Dairy,10-2025,Unpaid,,,Inventory,4010,,COGS - Dairy,Expense,0,,,,,,,,TRUE
02/10/2025,Grocery,650,Bank_Cash,Brisata,10-2025,Paid,Naseem,02/10/2025,Inventory,4011,,COGS - Grocery,Expense,0,,,,,,,,TRUE
02/10/2025,Grocery,870,Cash,Kaju,10-2025,Paid,Sameer,02/10/2025,Inventory,4012,,COGS - Grocery,Expense,0,,,,,,,,TRUE
02/10/2025,Electric Work,290,Bank_Cash,hardwere,10-2025,Paid,Naseem,02/10/2025,Maintance,4013,,OpEx - Maintenance,Expense,0,,,,,,,,TRUE
02/10/2025,Maintenance,80,Bank_Cash,rent auto,10-2025,Paid,Naseem,02/10/2025,Maintance,4014,,OpEx - Maintenance,Expense,0,,,,,,,,TRUE
02/10/2025,Vegetables,470,Bank_Cash,Tomatto,10-2025,Paid,Naseem,02/10/2025,Inventory,4015,,COGS - Veg,Expense,0,,,,,,,,TRUE
02/10/2025,Medical,310,Bank_Cash,For Aunty,10-2025,Paid,Naseem,02/10/2025,Staff Expenses,4016,,OpEx - Labor,Expense,0,,,,,,,,TRUE
02/10/2025,Dairy,330,Cash,Soyachap paratha,10-2025,Paid,Sameer,02/10/2025,Inventory,4017,,COGS - Dairy,Expense,0,,,,,,,,TRUE
02/10/2025,Egg,320,Cash,Mulani,10-2025,Paid,Sameer,02/10/2025,Grocery,4018,,COGS - Grocery,Expense,0,,,,,,,,TRUE
02/10/2025,Petrol,310,Bank_Cash,Nasim Bhai,10-2025,Paid,Sameer,02/10/2025,Bike Maintance,4019,,OpEx - Maintenance,Expense,0,,,,,,,,TRUE
02/10/2025,Sales,2930,Cash,Petpooja,10-2025,,,,Sales,4020,,Revenue,Income,0,,,,,,,,TRUE
02/10/2025,Sales,2395,Card,Petpooja,10-2025,,,,Sales,4021,,Revenue,Income,0,,,,,,,,TRUE
02/10/2025,Sales,200,UPI,Petpooja,10-2025,,,,Sales,4022,,Revenue,Income,0,,,,,,,,TRUE
02/10/2025,Sales,21014,Wallet,Petpooja,10-2025,,,,Sales,4023,,Revenue,Income,0,,,,,,,,TRUE
02/10/2025,Sales,1834,Online Sale,Petpooja,10-2025,,,,Sales,4024,,Revenue,Income,0,,,,,,,,TRUE
02/10/2025,Tea,210,Bank_Cash,staff expences,10-2025,Paid,Naseem,02/10/2025,Staff Expenses,4025,,OpEx - Labor,Expense,0,,,,,,,,TRUE
02/10/2025,Kinners,10,Cash,kinners,10-2025,Paid,Naseem,02/10/2025,Maintance,4026,,OpEx - Misc,Expense,0,,,,,,,,TRUE
03/10/2025,Charcoal,1800,Bank,gyaneswari,10-2025,Unpaid,,,Inventory,4027,,COGS - Fuel,Expense,0,,,,,,,,TRUE
03/10/2025,Bakery,150,Cash,Pitabread,10-2025,Paid,Sameer,03/10/2025,Grocery,4028,,COGS - Grocery,Expense,0,,,,,,,,TRUE
03/10/2025,Grocery,165,Cash,Noodle,10-2025,Paid,Sameer,03/10/2025,Inventory,4029,,COGS - Grocery,Expense,0,,,,,,,,TRUE
03/10/2025,Dairy,1513,Bank,Adarsh Dairy,10-2025,Unpaid,,,Inventory,4030,,COGS - Dairy,Expense,0,,,,,,,,TRUE
03/10/2025,Vegetables,420,Bank_Cash,Onion,10-2025,Paid,Naseem,03/10/2025,Inventory,4031,,COGS - Veg,Expense,0,,,,,,,,TRUE
03/10/2025,Momos,210,Cash,momos,10-2025,Paid,Sameer,03/10/2025,Inventory,4032,,COGS - Inventory,Expense,0,,,,,,,,TRUE
03/10/2025,Water Tanker,800,Cash,Watertanker,10-2025,Paid,Sameer,03/10/0225,Maintenance,4033,,OpEx - Utilities,Expense,0,,,,,,,,TRUE
03/10/2025,Stationary,6220,Bank,Flex,10-2025,Paid,Shakil,03/10/2025,Inventory,4034,,COGS - Inventory,Expense,0,,,,,,,,TRUE
03/10/2025,Mutton,2160,Bank,Mutton,10-2025,Paid,Shakil,03/10/2025,Inventory,4035,,COGS - NonVeg,Expense,0,,,,,,,,TRUE
03/10/2025,Electric Work,2650,Bank,hardwere,10-2025,Paid,Shakil,03/10/2025,Maintance,4036,,OpEx - Maintenance,Expense,0,,,,,,,,TRUE
03/10/2025,Restaurant New Inventory,950,Bank,Idli Container,10-2025,Paid,Shakil,03/10/2025,New Inventory,4037,,OpEx - CapEx,Expense,0,,,,,,,,TRUE
03/10/2025,Vegetables,673,Bank,Bhaironath,10-2025,Unpaid,,,Inventory,4038,,COGS - Veg,Expense,0,,,,,,,,TRUE
02/10/2025,Vegetables,464,Bank,Bhaironath,10-2025,Unpaid,,,Inventory,4039,,COGS - Veg,Expense,0,,,,,,,,TRUE
03/10/2025,Garbage Vehicle,1500,Bank,Garbage,10-2025,Paid,Shakil,03/10/2025,Fixed Maintance,4040,,OpEx - Maintenance,Expense,0,,,,,,,,TRUE
03/10/2025,Dairy,160,Bank_Cash,Rabdi,10-2025,Paid,Naseem,03/10/2025,Inventory,4041,,COGS - Dairy,Expense,0,,,,,,,,TRUE
03/10/2025,Petrol,300,Bank_Cash,Umeshji,10-2025,Paid,Naseem,03/10/2025,Bike Maintance,4042,,OpEx - Maintenance,Expense,0,,,,,,,,TRUE
03/10/2025,Dairy,550,Bank_Cash,Soyachap paratha,10-2025,Paid,Naseem,03/10/2025,Inventory,4043,,COGS - Dairy,Expense,0,,,,,,,,TRUE
03/10/2025,Gas,1609,Bank,Sai Bharat,10-2025,Unpaid,,,Fixed Maintance,4044,,OpEx - Utilities,Expense,0,,,,,,,,TRUE
03/10/2025,Chicken,3609,Bank,Golden Chicken,10-2025,Paid,,,Inventory,4045,,COGS - NonVeg,Expense,0,,,,,,,,TRUE
03/10/2025,Sales,1485,Cash,Petpooja,10-2025,,,,Sales,4046,,Revenue,Income,0,,,,,,,,TRUE
03/10/2025,Sales,250,Card,Petpooja,10-2025,,,,Sales,4047,,Revenue,Income,0,,,,,,,,TRUE
03/10/2025,Sales,1280,Due,Petpooja,10-2025,,,,Sales,4048,,Revenue,Income,0,,,,,,,,TRUE
03/10/2025,Sales,2924,UPI,Petpooja,10-2025,,,,Sales,4049,,Revenue,Income,0,,,,,,,,TRUE
03/10/2025,Sales,17494,Wallet,Petpooja,10-2025,,,,Sales,4050,,Revenue,Income,0,,,,,,,,TRUE
03/10/2025,Sales,640,Zomato Pay,Petpooja,10-2025,,,,Sales,4051,,Revenue,Income,0,,,,,,,,TRUE
03/10/2025,Sales,1810,Online Sale,Petpooja,10-2025,,,,Sales,4052,,Revenue,Income,0,,,,,,,,TRUE
03/10/2025,tea,300,Bank_Cash,staff expences,10-2025,Paid,Naseem,03/10/2025,Staff Expenses,4053,,OpEx - Labor,Expense,0,,,,,,,,TRUE
03/10/2025,Vegetables,300,Bank_Cash,Tomatto,10-2025,Paid,Naseem,03/10/2025,Inventory,4054,,COGS - Veg,Expense,0,,,,,,,,TRUE
03/10/2025,Kinners,30,Cash,kinners,10-2025,Paid,Sameer,03/10/2025,Maintance,4055,,OpEx - Misc,Expense,0,,,,,,,,TRUE
04/10/2025,Dairy,935,Bank,Adarsh Dairy,10-2025,Unpaid,,,Inventory,4056,,COGS - Dairy,Expense,0,,,,,,,,TRUE
04/10/2025,Chicken,6053,Bank,Golden Chicken,10-2025,Paid,,,Inventory,4057,,COGS - NonVeg,Expense,0,,,,,,,,TRUE
04/10/2025,Maintenance,1000,Bank,Paint,10-2025,Paid,Bank,04/10/2025,Maintance,4058,,OpEx - Maintenance,Expense,0,,,,,,,,TRUE
04/10/2025,Bakery,100,Cash,Pitabread,10-2025,Paid,,,Grocery,4059,,COGS - Grocery,Expense,0,,,,,,,,TRUE
04/10/2025,Kinners,20,Cash,kinners,10-2025,Paid,Sameer,04/10/2025,Maintance,4060,,OpEx - Misc,Expense,0,,,,,,,,TRUE
04/10/2025,Disposable,100,Bank_Cash,Chef Cap,10-2025,Paid,Naseem,04/10/2025,Inventory,4061,,COGS - Packaging,Expense,0,,,,,,,,TRUE
04/10/2025,Maintenance,450,Cash,Weldding,10-2025,Paid,Naseem,04/10/2025,Maintance,4062,,OpEx - Maintenance,Expense,0,,,,,,,,TRUE
04/10/2025,Medical,400,Cash,medician for aunty,10-2025,Paid,Sameer,04/10/2025,Staff Expenses,4063,,OpEx - Labor,Expense,0,,,,,,,,TRUE
04/10/2025,Vegetables,501,Bank,Bhaironath,10-2025,Unpaid,,,Inventory,4064,,COGS - Veg,Expense,0,,,,,,,,TRUE
04/10/2025,Grocery,2770,Bank,Balaji,10-2025,Unpaid,,,Inventory,4065,,COGS - Grocery,Expense,0,,,,,,,,TRUE
04/10/2025,Sales,1820,Cash,Petpooja,10-2025,,,,Sales,4066,,Revenue,Income,0,,,,,,,,TRUE
04/10/2025,Sales,3030,Card,Petpooja,10-2025,,,,Sales,4067,,Revenue,Income,0,,,,,,,,TRUE
04/10/2025,Sales,1670,Due,Petpooja,10-2025,,,,Sales,4068,,Revenue,Income,0,,,,,,,,TRUE
04/10/2025,Sales,18734,Wallet,Petpooja,10-2025,,,,Sales,4069,,Revenue,Income,0,,,,,,,,TRUE
04/10/2025,Sales,5257,Online Sale,Petpooja,10-2025,,,,Sales,4070,,Revenue,Income,0,,,,,,,,TRUE
04/10/2025,Tea,150,Cash,staff expences,10-2025,Paid,Sameer,05/10/2025,Staff Expenses,4071,,OpEx - Labor,Expense,0,,,,,,,,TRUE
05/10/2025,Grocery,29901,Bank,Balaji,10-2025,Unpaid,,,Inventory,4072,,COGS - Grocery,Expense,0,,,,,,,,TRUE
05/10/2025,Bakery,125,Cash,Pitabread,10-2025,Paid,Sameer,05/10/2025,Grocery,4073,,COGS - Grocery,Expense,0,,,,,,,,TRUE
05/10/2025,Beverages,950,Bank,Water Bottel,10-2025,Paid,Shakil,05/10/2025,Grocery,4074,,COGS - Grocery,Expense,0,,,,,,,,TRUE
05/10/2025,Grocery,55,Cash,Noodle,10-2025,Paid,Sameer,05/10/2025,Inventory,4075,,COGS - Grocery,Expense,0,,,,,,,,TRUE
05/10/2025,Chicken,4213,Bank,Golden Chicken,10-2025,Paid,,,Inventory,4076,,COGS - NonVeg,Expense,0,,,,,,,,TRUE
05/10/2025,Dairy,1355,Bank,Adarsh Dairy,10-2025,Unpaid,,,Inventory,4077,,COGS - Dairy,Expense,0,,,,,,,,TRUE
05/10/2025,Maintenance,200,Bank_Cash,Mixer Repair,10-2025,Paid,Naseem,05/10/2025,Maintance,4078,,OpEx - Maintenance,Expense,0,,,,,,,,TRUE
05/10/2025,Mutton,2340,Bank,A1,10-2025,Paid,Shakil,05/10/2025,Inventory,4079,,COGS - NonVeg,Expense,0,,,,,,,,TRUE
05/10/2025,Vegetables,706,Bank,Bhaironath,10-2025,Unpaid,,,Inventory,4080,,COGS - Veg,Expense,0,,,,,,,,TRUE
05/10/2025,Gas,1609,Bank,Sai Bharat,10-2025,Unpaid,,,Fixed Maintance,4081,,OpEx - Utilities,Expense,0,,,,,,,,TRUE
05/10/2025,Dairy,210,Cash,For Aunty,10-2025,Paid,Sameer,05/10/2025,Inventory,4082,,COGS - Dairy,Expense,0,,,,,,,,TRUE
05/10/2025,Advance,500,Cash,Ibrar,10-2025,Paid,Sameer,05/10/2025,Salary,4083,,OpEx - Labor,Expense,0,,,,,,,,TRUE
05/10/2025,Advance,500,Cash,Raju,10-2025,Paid,Sameer,05/10/2025,Salary,4084,,OpEx - Labor,Expense,0,,,,,,,,TRUE
05/10/2025,Advance,2240,Bank,Musatafa,10-2025,Paid,Shakil,05/10/2025,Salary,4085,,OpEx - Labor,Expense,0,,,,,,,,TRUE
05/10/2025,Egg,480,Cash,Mulani,10-2025,Paid,Sameer,05/10/2025,Grocery,4086,,COGS - Grocery,Expense,0,,,,,,,,TRUE
05/10/2025,Sales,5655,Cash,Petpooja,10-2025,,,,Sales,4087,,Revenue,Income,0,,,,,,,,TRUE
05/10/2025,Sales,2739,UPI,Petpooja,10-2025,,,,Sales,4088,,Revenue,Income,0,,,,,,,,TRUE
05/10/2025,Sales,30381,Wallet,Petpooja,10-2025,,,,Sales,4089,,Revenue,Income,0,,,,,,,,TRUE
05/10/2025,Sales,2180,Online Sale,Petpooja,10-2025,,,,Sales,4090,,Revenue,Income,0,,,,,,,,TRUE
05/10/2025,Maintenance,170,Bank_Cash,hardwere,10-2025,Paid,Sameer,05/10/2025,Maintance,4091,,OpEx - Maintenance,Expense,0,,,,,,,,TRUE
05/10/2025,Tea,165,Bank_Cash,staff expences,10-2025,Paid,Sameer,05/10/2025,Staff Expenses,4092,,OpEx - Labor,Expense,0,,,,,,,,TRUE
05/10/2025,Sales,380,Card,Petpooja,10-2025,,,,Sales,4093,,Revenue,Income,0,,,,,,,,TRUE
06/10/2025,Charcoal,900,Bank,gyaneswari,10-2025,Unpaid,,,Inventory,4094,,COGS - Fuel,Expense,0,,,,,,,,TRUE
06/10/2025,Chicken,4334,Bank,Golden Chicken,10-2025,Paid,,,Inventory,4095,,COGS - NonVeg,Expense,0,,,,,,,,TRUE
06/10/2025,Dairy,1200,Bank,Adarsh Dairy,10-2025,Unpaid,,,Inventory,4096,,COGS - Dairy,Expense,0,,,,,,,,TRUE
06/10/2025,Bakery,325,Cash,Pitabread,10-2025,Paid,Sameer,06/10/2025,Grocery,4097,,COGS - Grocery,Expense,0,,,,,,,,TRUE
06/10/2025,Grocery,55,Cash,Noodle,10-2025,Paid,Sameer,06/10/2025,Inventory,4098,,COGS - Grocery,Expense,0,,,,,,,,TRUE
06/10/2025,Maintenance,1020,Bank_Cash,hardwere,10-2025,Paid,Naseem,06/10/2025,Maintance,4099,,OpEx - Maintenance,Expense,0,,,,,,,,TRUE
06/10/2025,Beverages,950,Bank_Cash,Water Bottel,10-2025,Paid,Sameer,06/10/2025,Grocery,4100,,COGS - Grocery,Expense,0,,,,,,,,TRUE
06/10/2025,Disposable,495,Bank,Umesh Ji,10-2025,Paid,Sameer,06/10/2025,Inventory,4101,,COGS - Packaging,Expense,0,,,,,,,,TRUE
06/10/2025,Dairy,350,Bank_Cash,Paratha,10-2025,Paid,Naseem,06/10/2025,Inventory,4102,,COGS - Dairy,Expense,0,,,,,,,,TRUE
06/10/2025,Advance,6000,Bank,Laxmi Bai Salary,10-2025,Paid,Bank,06/10/2025,Salary,4103,,OpEx - Labor,Expense,0,,,,,,,,TRUE
06/10/2025,Advance,1250,Bank_Cash,Abid Salary,10-2025,Paid,Naseem,06/10/2025,Salary,4104,,OpEx - Labor,Expense,0,,,,,,,,TRUE
06/10/2025,Advance,1000,Bank,Sajid Noori,10-2025,Paid,Shakil,06/10/2025,Salary,4105,,OpEx - Labor,Expense,0,,,,,,,,TRUE
06/10/2025,Vegetables,709,Bank,Bhaironath,10-2025,Unpaid,,,Inventory,4106,,COGS - Veg,Expense,0,,,,,,,,TRUE
06/10/2025,Gas,1609,Bank,Sai Bharat,10-2025,Unpaid,,,Fixed Maintance,4107,,OpEx - Utilities,Expense,0,,,,,,,,TRUE
06/10/2025,Sales,1270,Cash,Petpooja,10-2025,,,,Sales,4108,,Revenue,Income,0,,,,,,,,TRUE
06/10/2025,Sales,369,UPI,Petpooja,10-2025,,,,Sales,4109,,Revenue,Income,0,,,,,,,,TRUE
06/10/2025,Sales,13224,Wallet,Petpooja,10-2025,,,,Sales,4110,,Revenue,Income,0,,,,,,,,TRUE
06/10/2025,Sales,710,Zomato Pay,Petpooja,10-2025,,,,Sales,4111,,Revenue,Income,0,,,,,,,,TRUE
06/10/2025,Sales,2332,Online Sale,Petpooja,10-2025,,,,Sales,4112,,Revenue,Income,0,,,,,,,,TRUE
06/10/2025,Tea,170,Bank_Cash,staff expences,10-2025,Paid,Naseem,06/10/2025,Staff Expenses,4113,,OpEx - Labor,Expense,0,,,,,,,,TRUE
06/10/2025,Sales,680,Due,Petpooja,10-2025,,,,Sales,4114,,Revenue,Income,0,,,,,,,,TRUE
07/10/2025,Chicken,2905,Bank,Golden Chicken,10-2025,Paid,,,Inventory,4115,,COGS - NonVeg,Expense,0,,,,,,,,TRUE
07/10/2025,Grocery,55,Cash,Noodle,10-2025,Paid,Sameer,07/10/2025,Inventory,4116,,COGS - Grocery,Expense,0,,,,,,,,TRUE
07/10/2025,Hotel Commision,4641,Bank,Elite stay & Shivsai,10-2025,Paid,Bank,07/10/2025,Fixed Maintance,4117,,OpEx - Admin,Expense,0,,,,,,,,TRUE
07/10/2025,Dairy,410,Bank,Adarsh Dairy,10-2025,Unpaid,,,Inventory,4118,,COGS - Dairy,Expense,0,,,,,,,,TRUE
07/10/2025,Maintenance,1000,Bank_Cash,Vijay Mama,10-2025,Paid,Naseem,07/10/2025,Maintance,4119,,OpEx - Maintenance,Expense,0,,,,,,,,TRUE
07/10/2025,Petrol,310,Cash,Nasim Bhai,10-2025,Paid,Sameer,07/10/2025,Bike Maintance,4120,,OpEx - Maintenance,Expense,0,,,,,,,,TRUE
07/10/2025,Gas,1609,Bank,Sai Bharat,10-2025,Unpaid,,,Fixed Maintance,4121,,OpEx - Utilities,Expense,0,,,,,,,,TRUE
07/10/2025,Vegetables,200,Cash,Tomatto,10-2025,Paid,Sameer,07/10/2025,Inventory,4122,,COGS - Veg,Expense,0,,,,,,,,TRUE
07/10/2025,Advance,1500,Cash,Akhil,10-2025,Paid,Sameer,07/10/2025,Salary,4123,,OpEx - Labor,Expense,0,,,,,,,,TRUE
07/10/2025,Donation,50,Cash,Donation,10-2025,Paid,Sameer,07/10/2025,Maintance,4124,,OpEx - Misc,Expense,0,,,,,,,,TRUE
07/10/2025,Sales,3550,Cash,Petpooja,10-2025,,,,Sales,4125,,Revenue,Income,0,,,,,,,,TRUE
07/10/2025,Sales,230,Card,Petpooja,10-2025,,,,Sales,4126,,Revenue,Income,0,,,,,,,,TRUE
07/10/2025,Sales,320,Due,Petpooja,10-2025,,,,Sales,4127,,Revenue,Income,0,,,,,,,,TRUE
07/10/2025,Sales,250,UPI,Petpooja,10-2025,,,,Sales,4128,,Revenue,Income,0,,,,,,,,TRUE
07/10/2025,Sales,17038,Wallet,Petpooja,10-2025,,,,Sales,4129,,Revenue,Income,0,,,,,,,,TRUE
07/10/2025,Sales,2159,Online Sale,Petpooja,10-2025,,,,Sales,4130,,Revenue,Income,0,,,,,,,,TRUE
07/10/2025,Grocery,420,Cash,peri peri masala & Dal Chini,10-2025,Paid,Naseem,07/10/2025,Inventory,4131,,COGS - Grocery,Expense,0,,,,,,,,TRUE
07/10/2025,Tea,115,Cash,staff expences,10-2025,Paid,Naseem,07/10/2025,Staff Expenses,4132,,OpEx - Labor,Expense,0,,,,,,,,TRUE
08/10/2025,Dairy,1110,Bank,Adarsh Dairy,10-2025,Unpaid,,,Inventory,4133,,COGS - Dairy,Expense,0,,,,,,,,TRUE
08/10/2025,Chicken,5338,Bank,Golden Chicken,10-2025,Paid,,,Inventory,4134,,COGS - NonVeg,Expense,0,,,,,,,,TRUE
08/10/2025,Bakery,300,Cash,Pitabread,10-2025,Paid,Sameer,08/10/2025,Grocery,4135,,COGS - Grocery,Expense,0,,,,,,,,TRUE
08/10/2025,Grocery,110,Cash,Noodle,10-2025,Paid,Sameer,08/10/2025,Inventory,4136,,COGS - Grocery,Expense,0,,,,,,,,TRUE
08/10/2025,Mutton,2340,Bank,A1,10-2025,Paid,Bank,08/10/2025,Inventory,4137,,COGS - NonVeg,Expense,0,,,,,,,,TRUE
08/10/2025,Grocery,650,Bank,Brisata,10-2025,Paid,Bank,08/10/2025,Inventory,4138,,COGS - Grocery,Expense,0,,,,,,,,TRUE
08/10/2025,Grocery,110,Bank_Cash,Singdana,10-2025,Paid,Naseem,08/10/2025,Inventory,4139,,COGS - Grocery,Expense,0,,,,,,,,TRUE
08/10/2025,Maintenance,510,Bank_Cash,hardwere,10-2025,Paid,Naseem,08/10/2025,Maintance,4140,,OpEx - Maintenance,Expense,0,,,,,,,,TRUE
08/10/2025,Advance,1000,Bank,Sameer,10-2025,Paid,Bank,08/10/2025,Salary,4141,,OpEx - Labor,Expense,0,,,,,,,,TRUE
08/10/2025,Beverages,1220,Cash,Cold Drinks,10-2025,Paid,Sameer,08/10/2025,Grocery,4142,,COGS - Grocery,Expense,0,,,,,,,,TRUE
07/10/2025,Vegetables,480,Bank,Bhaironath,10-2025,Unpaid,,,Inventory,4143,,COGS - Veg,Expense,0,,,,,,,,TRUE
08/10/2025,Vegetables,833,Bank,Bhaironath,10-2025,Unpaid,,,Inventory,4144,,COGS - Veg,Expense,0,,,,,,,,TRUE
08/10/2025,Gas,1609,Bank,Sai Bharat,10-2025,Unpaid,,,Fixed Maintance,4145,,OpEx - Utilities,Expense,0,,,,,,,,TRUE
08/10/2025,Sales,3470,Cash,Petpooja,10-2025,,,,Sales,4146,,Revenue,Income,0,,,,,,,,TRUE
08/10/2025,Sales,1145,Card,Petpooja,10-2025,,,,Sales,4147,,Revenue,Income,0,,,,,,,,TRUE
08/10/2025,Sales,45,UPI,Petpooja,10-2025,,,,Sales,4148,,Revenue,Income,0,,,,,,,,TRUE
08/10/2025,Sales,22368,Wallet,Petpooja,10-2025,,,,Sales,4149,,Revenue,Income,0,,,,,,,,TRUE
08/10/2025,Sales,1133,Online Sale,Petpooja,10-2025,,,,Sales,4150,,Revenue,Income,0,,,,,,,,TRUE
08/10/2025,Sales,250,Due,Petpooja,10-2025,,,,Sales,4151,,Revenue,Income,0,,,,,,,,TRUE
08/10/2025,tea,190,Bank_Cash,staff expences,10-2025,Paid,Naseem,08/10/2025,Staff Expenses,4152,,OpEx - Labor,Expense,0,,,,,,,,TRUE
08/10/2025,Vegetables,30,Cash,Anar,10-2025,Paid,Sameer,08/10/2025,Inventory,4153,,COGS - Veg,Expense,0,,,,,,,,TRUE
09/10/2025,Chicken,4269,Bank,Golden Chicken,10-2025,Paid,,,Inventory,4154,,COGS - NonVeg,Expense,0,,,,,,,,TRUE
09/10/2025,Dairy,1020,Bank,Adarsh Dairy,10-2025,Unpaid,,,Inventory,4155,,COGS - Dairy,Expense,0,,,,,,,,TRUE
09/10/2025,Bakery,250,Cash,Pitabread,10-2025,Paid,Sameer,09/10/2025,Grocery,4156,,COGS - Grocery,Expense,0,,,,,,,,TRUE
09/10/2025,Vegetables,1270,Bank_Cash,Bhaji Mandi,10-2025,Paid,Naseem,09/10/2025,Inventory,4157,,COGS - Veg,Expense,0,,,,,,,,TRUE
09/10/2025,Stationary,100,Bank_Cash,Newspaper,10-2025,Paid,Naseem,09/10/2025,Inventory,4158,,COGS - Inventory,Expense,0,,,,,,,,TRUE
09/10/2025,Maintenance,670,Bank,hardwere,10-2025,Paid,Bank,09/10/2025,Maintance,4159,,OpEx - Maintenance,Expense,0,,,,,,,,TRUE
09/10/2025,Vegetables,387,Bank,Bhaironath,10-2025,Unpaid,,,Inventory,4160,,COGS - Veg,Expense,0,,,,,,,,TRUE
09/10/2025,Egg,410,Cash,Mulani,10-2025,Paid,Sameer,09/10/2025,Grocery,4161,,COGS - Grocery,Expense,0,,,,,,,,TRUE
09/10/2025,Hotel Commision,1773,Bank,Prime Rose,10-2025,Paid,Bank,09/10/2025,Fixed Maintance,4162,,OpEx - Admin,Expense,0,,,,,,,,TRUE
09/10/2025,Advance,5000,Bank,Nasim Bhai Advance,10-2025,Paid,Bank,09/10/2025,Salary,4163,,OpEx - Labor,Expense,0,,,,,,,,TRUE
09/10/2025,Sales,2854,Cash,Petpooja,10-2025,,,,Sales,4164,,Revenue,Income,0,,,,,,,,TRUE
09/10/2025,Sales,210,Card,Petpooja,10-2025,,,,Sales,4165,,Revenue,Income,0,,,,,,,,TRUE
09/10/2025,Sales,1725,UPI,Petpooja,10-2025,,,,Sales,4166,,Revenue,Income,0,,,,,,,,TRUE
09/10/2025,Sales,12820,Wallet,Petpooja,10-2025,,,,Sales,4167,,Revenue,Income,0,,,,,,,,TRUE
09/10/2025,Sales,693,Online Sale,Petpooja,10-2025,,,,Sales,4168,,Revenue,Income,0,,,,,,,,TRUE
09/10/2025,Tea,174,Cash,staff expences,10-2025,Paid,Sameer,09/10/2025,Staff Expenses,4169,,OpEx - Labor,Expense,0,,,,,,,,TRUE
09/10/2025,Beverages,950,Cash,Water Bottel,10-2025,Paid,Sameer,09/10/2025,Grocery,4170,,COGS - Grocery,Expense,0,,,,,,,,TRUE
10/10/2025,Chicken,3102,Bank,Golden Chicken,10-2025,Paid,,,Inventory,4171,,COGS - NonVeg,Expense,0,,,,,,,,TRUE
10/10/2025,Dairy,685,Bank,Adarsh Dairy,10-2025,Unpaid,,,Inventory,4172,,COGS - Dairy,Expense,0,,,,,,,,TRUE
10/10/2025,Grocery,55,Cash,Noodle,10-2025,Paid,Sameer,10/10/2025,Inventory,4173,,COGS - Grocery,Expense,0,,,,,,,,TRUE
10/10/2025,Petrol,310,Bank_Cash,Nasim Bhai,10-2025,Paid,Naseem,10/10/2025,Bike Maintance,4174,,OpEx - Maintenance,Expense,0,,,,,,,,TRUE
10/10/2025,Dairy,250,Bank_Cash,French Fries,10-2025,Paid,Naseem,10/10/2025,Inventory,4175,,COGS - Dairy,Expense,0,,,,,,,,TRUE
10/10/2025,Maintenance,155,Bank_Cash,hardwere,10-2025,Paid,Naseem,10/10/2025,Maintance,4176,,OpEx - Maintenance,Expense,0,,,,,,,,TRUE
10/10/2025,Vegetables,278,Bank,Bhaironath,10-2025,Unpaid,,,Inventory,4177,,COGS - Veg,Expense,0,,,,,,,,TRUE
10/10/2025,Disposable,9035,Bank,Umeshji,10-2025,Unpaid,,,Inventory,4178,,COGS - Packaging,Expense,0,,,,,,,,TRUE
10/10/2025,Momos,210,Cash,momos,10-2025,Paid,Sameer,10/10/2025,Inventory,4179,,COGS - Inventory,Expense,0,,,,,,,,TRUE
10/10/2025,Gas,1609,Bank,Sai Bharat,10-2025,Unpaid,,,Fixed Maintance,4180,,OpEx - Utilities,Expense,0,,,,,,,,TRUE
10/10/2025,Charcoal,1800,Bank,gyaneswari,10-2025,Unpaid,,,Inventory,4181,,COGS - Fuel,Expense,0,,,,,,,,TRUE
10/10/2025,Sales,4545,Cash,Petpooja,10-2025,,,,Sales,4182,,Revenue,Income,0,,,,,,,,TRUE
10/10/2025,Sales,1555,Card,Petpooja,10-2025,,,,Sales,4183,,Revenue,Income,0,,,,,,,,TRUE
10/10/2025,Sales,570,UPI,Petpooja,10-2025,,,,Sales,4184,,Revenue,Income,0,,,,,,,,TRUE
10/10/2025,Sales,17584,Wallet,Petpooja,10-2025,,,,Sales,4185,,Revenue,Income,0,,,,,,,,TRUE
10/10/2025,Sales,4596,Online Sale,Petpooja,10-2025,,,,Sales,4186,,Revenue,Income,0,,,,,,,,TRUE
10/10/2025,Sales,210,Zomato Pay,Petpooja,10-2025,,,,Sales,4187,,Revenue,Income,0,,,,,,,,TRUE
10/10/2025,Tea,165,Bank_Cash,staff expences,10-2025,Paid,Naseem,11/10/2025,Staff Expenses,4188,,OpEx - Labor,Expense,0,,,,,,,,TRUE
11/10/2025,Maintenance,270,Bank_Cash,hardwere,10-2025,Paid,Naseem,11/10/2025,Maintance,4189,,OpEx - Maintenance,Expense,0,,,,,,,,TRUE
11/10/2025,Dairy,1200,Bank,Adarsh Dairy,10-2025,Unpaid,,,Inventory,4190,,COGS - Dairy,Expense,0,,,,,,,,TRUE
11/10/2025,Chicken,2426,Bank,Golden Chicken,10-2025,Paid,,,Inventory,4191,,COGS - NonVeg,Expense,0,,,,,,,,TRUE
11/10/2025,Dairy,330,Bank_Cash,Soyachap paratha,10-2025,Paid,Sameer,11/10/2025,Inventory,4192,,COGS - Dairy,Expense,0,,,,,,,,TRUE
11/10/2025,Charcoal,1800,Bank,gyaneswari,10-2025,Unpaid,,,Inventory,4193,,COGS - Fuel,Expense,0,,,,,,,,TRUE
11/10/2025,Vegetables,60,Bank_Cash,Papaya,10-2025,Paid,Sameer,11/10/2025,Inventory,4194,,COGS - Veg,Expense,0,,,,,,,,TRUE
11/10/2025,Restaurant New Inventory,1150,Bank_Cash,Hotel Rent,10-2025,Paid,Naseem,11/10/2025,New Inventory,4195,,OpEx - CapEx,Expense,0,,,,,,,,TRUE
11/10/2025,Hotel Commision,1610,Bank_Cash,Cornet ,10-2025,Paid,Naseem,11/10/2025,Fixed Maintance,4196,,OpEx - Admin,Expense,0,,,,,,,,TRUE
11/10/2025,Dairy,120,Bank_Cash,Milk & Bread,10-2025,Paid,Naseem,11/10/2025,Inventory,4197,,COGS - Dairy,Expense,0,,,,,,,,TRUE
11/10/2025,Vegetables,427,Bank,Bhaironath,10-2025,Unpaid,,,Inventory,4198,,COGS - Veg,Expense,0,,,,,,,,TRUE
11/10/2025,Gas,1609,Bank,Sai Bharat,10-2025,Unpaid,,,Fixed Maintance,4199,,OpEx - Utilities,Expense,0,,,,,,,,TRUE
11/10/2025,Kinners,110,Cash,Kinners,10-2025,Paid,Sameer,11/10/2025,Maintance,4200,,OpEx - Misc,Expense,0,,,,,,,,TRUE
11/10/2025,Grocery,375,Bank_Cash,Dry Fruits,10-2025,Paid,Naseem,11/10/2025,Inventory,4201,,COGS - Grocery,Expense,0,,,,,,,,TRUE
11/10/2025,Grocery,290,Bank_Cash,Hit,10-2025,Paid,Naseem,11/10/2025,Inventory,4202,,COGS - Grocery,Expense,0,,,,,,,,TRUE
11/10/2025,Sales,1275,Cash,Petpooja,10-2025,,,,Sales,4203,,Revenue,Income,0,,,,,,,,TRUE
11/10/2025,Sales,1660,Card,Petpooja,10-2025,,,,Sales,4204,,Revenue,Income,0,,,,,,,,TRUE
11/10/2025,Sales,210,UPI,Petpooja,10-2025,,,,Sales,4205,,Revenue,Income,0,,,,,,,,TRUE
11/10/2025,Sales,35087,Wallet,Petpooja,10-2025,,,,Sales,4206,,Revenue,Income,0,,,,,,,,TRUE
11/10/2025,Sales,570,Zomato Pay,Petpooja,10-2025,,,,Sales,4207,,Revenue,Income,0,,,,,,,,TRUE
11/10/2025,Sales,1546,Online Sale,Petpooja,10-2025,,,,Sales,4208,,Revenue,Income,0,,,,,,,,TRUE
11/10/2025,Sales,575,Due,Petpooja,10-2025,,,,Sales,4209,,Revenue,Income,0,,,,,,,,TRUE
11/10/2025,tea,110,Cash,staff expences,10-2025,Paid,Sameer,11/10/2025,Staff Expenses,4210,,OpEx - Labor,Expense,0,,,,,,,,TRUE
11/10/2025,Advance,300,Cash,raju,10-2025,Paid,Sameer,11/10/2025,Salary,4211,,OpEx - Labor,Expense,0,,,,,,,,TRUE
12/10/2025,Grocery,55,Cash,Noodle,10-2025,Paid,Sameer,12/10/2025,Inventory,4212,,COGS - Grocery,Expense,0,,,,,,,,TRUE
12/10/2025,Chicken,950,Bank,Desi Chicken,10-2025,Paid,Naseem,12/10/2025,Inventory,4213,,COGS - NonVeg,Expense,0,,,,,,,,TRUE
12/10/2025,Dairy,1325,Bank,Adarsh Dairy,10-2025,Unpaid,,,Inventory,4214,,COGS - Dairy,Expense,0,,,,,,,,TRUE
12/10/2025,Dairy,350,Bank_Cash,Paratha,10-2025,Paid,Naseem,12/10/2025,Inventory,4215,,COGS - Dairy,Expense,0,,,,,,,,TRUE
12/10/2025,Bakery,250,Cash,Pitabread,10-2025,Paid,Sameer,12/10/2025,Grocery,4216,,COGS - Grocery,Expense,0,,,,,,,,TRUE
12/10/2025,Chicken,7704,Bank,Golden Chicken,10-2025,Paid,,,Inventory,4217,,COGS - NonVeg,Expense,0,,,,,,,,TRUE
12/10/2025,Grocery,9121,Bank,Balaji,10-2025,Unpaid,,,Inventory,4218,,COGS - Grocery,Expense,0,,,,,,,,TRUE
12/10/2025,Egg,330,Cash,Mulani,10-2025,Paid,,,Grocery,4219,,COGS - Grocery,Expense,0,,,,,,,,TRUE
12/10/2025,Advance,1100,Bank_Cash,Staff Incentive,10-2025,Paid,Naseem,12/10/2025,Salary,4220,,OpEx - Labor,Expense,0,,,,,,,,TRUE
12/10/2025,Advance,1500,Bank,Staff Incentive,10-2025,Paid,Bank,12/10/2025,Salary,4221,,OpEx - Labor,Expense,0,,,,,,,,TRUE
12/10/2025,Water 20 Ltrs,1740,Bank,Water 20 Ltrs,10-2025,Paid,Bank,12/10/2025,Inventory,4222,,COGS - Utilities,Expense,0,,,,,,,,TRUE
12/10/2025,Vegetables,200,Cash,Tomatto,10-2025,Paid,Sameer,12/10/2025,Inventory,4223,,COGS - Veg,Expense,0,,,,,,,,TRUE
12/10/2025,Momos,210,Cash,momos,10-2025,Paid,Sameer,12/10/2025,Inventory,4224,,COGS - Inventory,Expense,0,,,,,,,,TRUE
12/10/2025,Vegetables,813,Bank,Bhaironath,10-2025,Unpaid,,,Inventory,4225,,COGS - Veg,Expense,0,,,,,,,,TRUE
12/10/2025,Sales,5165,Cash,Petpooja,10-2025,,,,Sales,4226,,Revenue,Income,0,,,,,,,,TRUE
12/10/2025,Sales,2025,Card,Petpooja,10-2025,,,,Sales,4227,,Revenue,Income,0,,,,,,,,TRUE
12/10/2025,Sales,1000,UPI,Petpooja,10-2025,,,,Sales,4228,,Revenue,Income,0,,,,,,,,TRUE
12/10/2025,Sales,30878,Wallet,Petpooja,10-2025,,,,Sales,4229,,Revenue,Income,0,,,,,,,,TRUE
12/10/2025,Sales,3318,Online Sale,Petpooja,10-2025,,,,Sales,4230,,Revenue,Income,0,,,,,,,,TRUE
12/10/2025,Tea,200,Bank_Cash,Tea,10-2025,Paid,Naseem,12/10/2025,Staff Expenses,4231,,OpEx - Labor,Expense,0,,,,,,,,TRUE
12/10/2025,Kinners,20,Cash,Kinners,10-2025,Paid,Sameer,12/10/2025,Maintance,4232,,OpEx - Misc,Expense,0,,,,,,,,TRUE
13/10/2025,Chicken,2926,Bank,Golden Chicken,10-2025,Paid,,,Inventory,4233,,COGS - NonVeg,Expense,0,,,,,,,,TRUE
13/10/2025,Dairy,1345,Bank,Adarsh Dairy,10-2025,Unpaid,,,Inventory,4234,,COGS - Dairy,Expense,0,,,,,,,,TRUE
13/10/2025,Bakery,150,Bank_Cash,Pitabread,10-2025,Paid,,13/10/2025,Grocery,4235,,COGS - Grocery,Expense,0,,,,,,,,TRUE
13/10/2025,Disposable,180,Bank_Cash,Carry Beg,10-2025,Paid,,13/10/2025,Inventory,4236,,COGS - Packaging,Expense,0,,,,,,,,TRUE
13/10/2025,Restaurant New Inventory,1150,Bank_Cash,Hotel Rent,10-2025,Paid,Shakil,13/10/2025,New Inventory,4237,,OpEx - CapEx,Expense,0,,,,,,,,TRUE
13/10/2025,Advance,2000,Bank_Cash,Staff Incentive,10-2025,Paid,,13/10/2025,Salary,4238,,OpEx - Labor,Expense,0,,,,,,,,TRUE
13/10/2025,Advance,600,Bank,Staff Incentive,10-2025,Paid,Bank,13/10/2025,Salary,4239,,OpEx - Labor,Expense,0,,,,,,,,TRUE
13/10/2025,Gas,1609,Bank,Sai Bharat,10-2025,Unpaid,,,Fixed Maintance,4240,,OpEx - Utilities,Expense,0,,,,,,,,TRUE
13/10/2025,Grocery,55,Cash,Noodle,10-2025,Paid,Sameer,13/10/2025,Inventory,4241,,COGS - Grocery,Expense,0,,,,,,,,TRUE
13/10/2025,Maintenance,250,Bank_Cash,Regulater,10-2025,Paid,Naseem,13/10/2025,Maintance,4242,,OpEx - Maintenance,Expense,0,,,,,,,,TRUE
13/10/2025,Kinners,150,Cash,Kinners,10-2025,Paid,Sameer,13/10/2025,Maintance,4243,,OpEx - Misc,Expense,0,,,,,,,,TRUE
13/10/2025,Advance,2000,Bank,Sameer,10-2025,Paid,Bank,13/10/2025,Salary,4244,,OpEx - Labor,Expense,0,,,,,,,,TRUE
13/10/2025,Sales,1744,Cash,Petpooja,10-2025,,,,Sales,4245,,Revenue,Income,0,,,,,,,,TRUE
13/10/2025,Sales,980,UPI,Petpooja,10-2025,,,,Sales,4246,,Revenue,Income,0,,,,,,,,TRUE
13/10/2025,Sales,17028,Wallet,Petpooja,10-2025,,,,Sales,4247,,Revenue,Income,0,,,,,,,,TRUE
13/10/2025,Sales,2710,Online Sale,Petpooja,10-2025,,,,Sales,4248,,Revenue,Income,0,,,,,,,,TRUE
13/10/2025,Medical,110,Cash,staff,10-2025,Paid,Sameer,13/10/2025,Staff Expenses,4249,,OpEx - Labor,Expense,0,,,,,,,,TRUE
13/10/2025,Tea,99,Cash,staff,10-2025,Paid,Sameer,13/10/2025,Staff Expenses,4250,,OpEx - Labor,Expense,0,,,,,,,,TRUE
13/10/2025,Sales,670,Due,Petpooja,10-2025,,,,Sales,4251,,Revenue,Income,0,,,,,,,,TRUE
14/10/2025,Chicken,3113,Bank,Golden Chicken,10-2025,Paid,,,Inventory,4252,,COGS - NonVeg,Expense,0,,,,,,,,TRUE
14/10/2025,Bakery,100,Cash,Pitabread,10-2025,Paid,Sameer,14/10/2025,Grocery,4253,,COGS - Grocery,Expense,0,,,,,,,,TRUE
14/10/2025,Dairy,195,Bank,Adarsh Dairy,10-2025,Unpaid,,,Inventory,4254,,COGS - Dairy,Expense,0,,,,,,,,TRUE
14/10/2025,Dairy,550,Bank_Cash,Soyachap paratha,10-2025,Paid,Naseem,14/10/2025,Inventory,4255,,COGS - Dairy,Expense,0,,,,,,,,TRUE
14/10/2025,Grocery,750,Bank_Cash,Brisata,10-2025,Paid,Bank,14/10/2025,Inventory,4256,,COGS - Grocery,Expense,0,,,,,,,,TRUE
14/10/2025,Bakery,1050,Bank,Pitabread,10-2025,Paid,Bank,14/10/2025,Grocery,4257,,COGS - Grocery,Expense,0,,,,,,,,TRUE
14/10/2025,Vegetables,570,Bank,Onion,10-2025,Paid,Naseem,14/10/2025,Inventory,4258,,COGS - Veg,Expense,0,,,,,,,,TRUE
14/10/2025,Disposable,530,Cash,Mop Rifil & Cling Wrap,10-2025,Paid,Sameer,14/10/2025,Inventory,4259,,COGS - Packaging,Expense,0,,,,,,,,TRUE
14/10/2025,Maintenance,250,Bank_Cash,hardwere,10-2025,Paid,Naseem,14/10/2025,Maintance,4260,,OpEx - Maintenance,Expense,0,,,,,,,,TRUE
13/10/2025,Vegetables,647,Bank,Bhaironath,10-2025,Unpaid,,,Inventory,4261,,COGS - Veg,Expense,0,,,,,,,,TRUE
14/10/2025,Vegetables,1109,Bank,Bhaironath,10-2025,Unpaid,,,Inventory,4262,,COGS - Veg,Expense,0,,,,,,,,TRUE
14/10/2025,Sales,3670,Cash,Petpooja,10-2025,,,,Sales,4263,,Revenue,Income,0,,,,,,,,TRUE
14/10/2025,Sales,1310,Card,Petpooja,10-2025,,,,Sales,4264,,Revenue,Income,0,,,,,,,,TRUE
14/10/2025,Sales,840,UPI,Petpooja,10-2025,,,,Sales,4265,,Revenue,Income,0,,,,,,,,TRUE
14/10/2025,Sales,17213,Wallet,Petpooja,10-2025,,,,Sales,4266,,Revenue,Income,0,,,,,,,,TRUE
14/10/2025,Sales,645,Zomato Pay,Petpooja,10-2025,,,,Sales,4267,,Revenue,Income,0,,,,,,,,TRUE
14/10/2025,Sales,2342,Online Sale,Petpooja,10-2025,,,,Sales,4268,,Revenue,Income,0,,,,,,,,TRUE
14/10/2025,Tea,150,Bank_Cash,staff,10-2025,Paid,Naseem,14/10/2025,Staff Expenses,4269,,OpEx - Labor,Expense,0,,,,,,,,TRUE
14/10/2025,Vegetables,40,Cash,Pudina,10-2025,Paid,Sameer,14/10/2025,Inventory,4270,,COGS - Veg,Expense,0,,,,,,,,TRUE
15/10/2025,Charcoal,1800,Bank,gyaneswari,10-2025,Unpaid,,,Inventory,4271,,COGS - Fuel,Expense,0,,,,,,,,TRUE
15/10/2025,Grocery,200,Bank_Cash,Methi & Sev,10-2025,Paid,Naseem,15/10/2025,Inventory,4272,,COGS - Grocery,Expense,0,,,,,,,,TRUE
15/10/2025,Dairy,1410,Bank,Adarsh Dairy,10-2025,Unpaid,,,Inventory,4273,,COGS - Dairy,Expense,0,,,,,,,,TRUE
15/10/2025,Bakery,150,Cash,Pitabread,10-2025,Paid,Sameer,15/10/2025,Grocery,4274,,COGS - Grocery,Expense,0,,,,,,,,TRUE
15/10/2025,Grocery,55,Cash,Noodle,10-2025,Paid,Sameer,15/10/2025,Inventory,4275,,COGS - Grocery,Expense,0,,,,,,,,TRUE
15/10/2025,Chicken,5222,Bank,Golden Chicken,10-2025,Paid,,,Inventory,4276,,COGS - NonVeg,Expense,0,,,,,,,,TRUE
15/10/2025,Petrol,310,Bank_Cash,Nasim Bhai,10-2025,Paid,Naseem,15/10/2025,Bike Maintance,4277,,OpEx - Maintenance,Expense,0,,,,,,,,TRUE
15/10/2025,Vegetables,715,Bank,Bhaironath,10-2025,Unpaid,,,Inventory,4278,,COGS - Veg,Expense,0,,,,,,,,TRUE
15/10/2025,Restaurant New Inventory,1150,Bank_Cash,Hotel Rent,10-2025,Paid,Naseem,15/10/2025,New Inventory,4279,,OpEx - CapEx,Expense,0,,,,,,,,TRUE
15/10/2025,Vegetables,200,Cash,Tomatto,10-2025,Paid,Sameer,15/10/2025,Inventory,4280,,COGS - Veg,Expense,0,,,,,,,,TRUE
15/10/2025,Momos,140,Cash,momos,10-2025,Paid,Sameer,15/10/2025,Inventory,4281,,COGS - Inventory,Expense,0,,,,,,,,TRUE
15/10/2025,Sales,3015,Cash,Petpooja,10-2025,,,,Sales,4282,,Revenue,Income,0,,,,,,,,TRUE
15/10/2025,Sales,585,Card,Petpooja,10-2025,,,,Sales,4283,,Revenue,Income,0,,,,,,,,TRUE
15/10/2025,Sales,220,UPI,Petpooja,10-2025,,,,Sales,4284,,Revenue,Income,0,,,,,,,,TRUE
15/10/2025,Sales,21072,Wallet,Petpooja,10-2025,,,,Sales,4285,,Revenue,Income,0,,,,,,,,TRUE
15/10/2025,Sales,850,Zomato Pay,Petpooja,10-2025,,,,Sales,4286,,Revenue,Income,0,,,,,,,,TRUE
15/10/2025,Sales,5040,Online Sale,Petpooja,10-2025,,,,Sales,4287,,Revenue,Income,0,,,,,,,,TRUE
15/10/2025,Tea,210,Bank_Cash,staff,10-2025,Paid,Naseem,15/10/2025,Staff Expenses,4288,,OpEx - Labor,Expense,0,,,,,,,,TRUE
15/10/2025,Gas,3218,Bank,Sai Bharat,10-2025,Unpaid,Sameer,15/10/2025,Fixed Maintance,4289,,OpEx - Utilities,Expense,0,,,,,,,,TRUE
16/10/2025,Chicken,6605,Bank,Golden Chicken,10-2025,Paid,,,Inventory,4290,,COGS - NonVeg,Expense,0,,,,,,,,TRUE
16/10/2025,Egg,360,Cash,Mulani,10-2025,Paid,Sameer,16/10/2025,Grocery,4291,,COGS - Grocery,Expense,0,,,,,,,,TRUE
16/10/2025,Grocery,55,Cash,Noodle,10-2025,Paid,Sameer,16/10/2025,Inventory,4292,,COGS - Grocery,Expense,0,,,,,,,,TRUE
16/10/2025,Bakery,250,Cash,Pitabread,10-2025,Paid,Sameer,16/10/2025,Grocery,4293,,COGS - Grocery,Expense,0,,,,,,,,TRUE
16/10/2025,Dairy,935,Bank,Adarsh Dairy,10-2025,Unpaid,,,Inventory,4294,,COGS - Dairy,Expense,0,,,,,,,,TRUE
16/10/2025,Advance,1000,Bank_Cash,Ayaz,10-2025,Paid,Naseem,16/10/2025,Salary,4295,,OpEx - Labor,Expense,0,,,,,,,,TRUE
16/10/2025,Kinners,100,Cash,Kinners,10-2025,Paid,Sameer,16/10/2025,Maintance,4296,,OpEx - Misc,Expense,0,,,,,,,,TRUE
16/10/2025,Vegetables,735,Bank,Bhaironath,10-2025,Unpaid,,,Inventory,4297,,COGS - Veg,Expense,0,,,,,,,,TRUE
16/10/2025,Medical,620,Cash,For Aunty,10-2025,Paid,Sameer,16/10/2025,Staff Expenses,4298,,OpEx - Labor,Expense,0,,,,,,,,TRUE
16/10/2025,Advance,600,Bank_Cash,Nasim Bhai Advance,10-2025,Paid,Naseem,16/10/2025,Salary,4299,,OpEx - Labor,Expense,0,,,,,,,,TRUE
16/10/2025,Sales,5155,Cash,Petpooja,10-2025,,,,Sales,4300,,Revenue,Income,0,,,,,,,,TRUE
16/10/2025,Sales,190,Card,Petpooja,10-2025,,,,Sales,4301,,Revenue,Income,0,,,,,,,,TRUE
16/10/2025,Sales,1315,UPI,Petpooja,10-2025,,,,Sales,4302,,Revenue,Income,0,,,,,,,,TRUE
16/10/2025,Sales,18709,Wallet,Petpooja,10-2025,,,,Sales,4303,,Revenue,Income,0,,,,,,,,TRUE
16/10/2025,Sales,1285,Online Sale,Petpooja,10-2025,,,,Sales,4304,,Revenue,Income,0,,,,,,,,TRUE
16/10/2025,Fish,350,Cash,Fish,10-2025,Paid,Sameer,16/10/2025,Staff Expenses,4305,,COGS - NonVeg,Expense,0,,,,,,,,TRUE
16/10/2025,Beverages,900,Cash,Water Bottel,10-2025,Paid,Sameer,16/10/2025,Grocery,4306,,COGS - Grocery,Expense,0,,,,,,,,TRUE
16/10/2025,Tea,220,Cash,staff,10-2025,Paid,Sameer,16/10/2025,Staff Expenses,4307,,OpEx - Labor,Expense,0,,,,,,,,TRUE
17/10/2025,Dairy,1254,Bank,Adarsh Dairy,10-2025,Unpaid,,,Inventory,4308,,COGS - Dairy,Expense,0,,,,,,,,TRUE
17/10/2025,Charcoal,1800,Bank,gyaneswari,10-2025,Unpaid,,,Inventory,4309,,COGS - Fuel,Expense,0,,,,,,,,TRUE
17/10/2025,Chicken,4866,Bank,Golden Chicken,10-2025,Paid,,,Inventory,4310,,COGS - NonVeg,Expense,0,,,,,,,,TRUE
17/10/2025,Bakery,250,Cash,Pitabread,10-2025,Paid,Sameer,17/10/2025,Grocery,4311,,COGS - Grocery,Expense,0,,,,,,,,TRUE
17/10/2025,Grocery,543,Bank,Balaji,10-2025,Unpaid,,,Inventory,4312,,COGS - Grocery,Expense,0,,,,,,,,TRUE
17/10/2025,Dairy,350,Bank_Cash,Soyachap paratha,10-2025,Paid,Naseem,17/10/2025,Inventory,4313,,COGS - Dairy,Expense,0,,,,,,,,TRUE
17/10/2025,Mutton,2900,Bank_Cash,A1,10-2025,Paid,Naseem,17/10/2025,Inventory,4314,,COGS - NonVeg,Expense,0,,,,,,,,TRUE
17/10/2025,Restaurant New Inventory,1150,Bank_Cash,Hotel Rent,10-2025,Paid,Naseem,17/10/2025,New Inventory,4315,,OpEx - CapEx,Expense,0,,,,,,,,TRUE
17/10/2025,Vegetables,30,Cash,Mint,10-2025,Paid,Shakil,17/10/2025,Inventory,4316,,COGS - Veg,Expense,0,,,,,,,,TRUE
17/10/2025,Vegetables,751,Bank,Bhaironath,10-2025,Unpaid,,,Inventory,4317,,COGS - Veg,Expense,0,,,,,,,,TRUE
17/10/2025,Gas,1609,Bank,Sai Bharat,10-2025,Unpaid,,,Fixed Maintance,4318,,OpEx - Utilities,Expense,0,,,,,,,,TRUE
17/10/2025,Momos,210,Cash,momos,10-2025,Paid,Sameer,17/10/2025,Inventory,4319,,COGS - Inventory,Expense,0,,,,,,,,TRUE
17/10/2025,Internet,600,Cash,Recharge,10-2025,Paid,Sameer,17/10/2025,Fixed Maintance,4320,,OpEx - Utilities,Expense,0,,,,,,,,TRUE
17/10/2025,Sales,1415,Cash,Petpooja,10-2025,,,17/10/2025,Sales,4321,,Revenue,Income,0,,,,,,,,TRUE
17/10/2025,Sales,1255,Card,Petpooja,10-2025,,,,Sales,4322,,Revenue,Income,0,,,,,,,,TRUE
17/10/2025,Sales,460,UPI,Petpooja,10-2025,,,,Sales,4323,,Revenue,Income,0,,,,,,,,TRUE
17/10/2025,Sales,13908,Wallet,Petpooja,10-2025,,,,Sales,4324,,Revenue,Income,0,,,,,,,,TRUE
17/10/2025,Sales,2820,Online Sale,Petpooja,10-2025,,,,Sales,4325,,Revenue,Income,0,,,,,,,,TRUE
17/10/2025,Sales,446,Due,Petpooja,10-2025,,,,Sales,4326,,Revenue,Income,0,,,,,,,,TRUE
17/10/2025,Maintenance,50,Cash,hardwere,10-2025,Paid,Sameer,17/10/2025,Maintance,4327,,OpEx - Maintenance,Expense,0,,,,,,,,TRUE
17/10/2025,Tea,225,Cash,staff,10-2025,Paid,Sameer,17/10/2025,Staff Expenses,4328,,OpEx - Labor,Expense,0,,,,,,,,TRUE
18/10/2025,Chicken,1507,Bank,Golden Chicken,10-2025,Paid,,,Inventory,4329,,COGS - NonVeg,Expense,0,,,,,,,,TRUE
18/10/2025,Bakery,100,Cash,Pitabread,10-2025,Paid,,,Grocery,4330,,COGS - Grocery,Expense,0,,,,,,,,TRUE
18/10/2025,Dairy,1060,Bank,Adarsh Dairy,10-2025,Unpaid,,,Inventory,4331,,COGS - Dairy,Expense,0,,,,,,,,TRUE
18/10/2025,Maintenance,2000,Bank,Paint & Diya,10-2025,Paid,Bank,18/10/2025,Maintance,4332,,OpEx - Maintenance,Expense,0,,,,,,,,TRUE
18/10/2025,Restaurant New Inventory,15000,Bank,Room Adv,10-2025,Paid,Bank,18/10/2025,New Inventory,4333,,OpEx - CapEx,Expense,0,,,,,,,,TRUE
18/10/2025,Vegetables,520,Bank,Bhaironath,10-2025,Unpaid,,,Inventory,4334,,COGS - Veg,Expense,0,,,,,,,,TRUE
18/10/2025,Grocery,100,Cash,Khata Jali,10-2025,Paid,Sameer,18/10/2025,Inventory,4335,,COGS - Grocery,Expense,0,,,,,,,,TRUE
18/10/2025,Kinners,70,Cash,Kinners,10-2025,Paid,Sameer,18/10/2025,Maintance,4336,,OpEx - Misc,Expense,0,,,,,,,,TRUE
18/10/2025,Sales,2780,Cash,Petpooja,10-2025,,,,Sales,4337,,Revenue,Income,0,,,,,,,,TRUE
18/10/2025,Sales,620,Card,Petpooja,10-2025,,,,Sales,4338,,Revenue,Income,0,,,,,,,,TRUE
18/10/2025,Sales,1034,UPI,Petpooja,10-2025,,,,Sales,4339,,Revenue,Income,0,,,,,,,,TRUE
18/10/2025,Sales,12800,Wallet,Petpooja,10-2025,,,,Sales,4340,,Revenue,Income,0,,,,,,,,TRUE
18/10/2025,Sales,920,Online Sale,Petpooja,10-2025,,,,Sales,4341,,Revenue,Income,0,,,,,,,,TRUE
18/10/2025,Beverages,900,Cash,Water Bottel,10-2025,Paid,Sameer,18/10/2025,Grocery,4342,,COGS - Grocery,Expense,0,,,,,,,,TRUE
18/10/2025,Tea,210,Cash,Staff,10-2025,Paid,Sameer,18/10/2025,Staff Expenses,4343,,OpEx - Labor,Expense,0,,,,,,,,TRUE
19/10/2025,Chicken,1654,Bank,Golden Chicken,10-2025,Paid,,,Inventory,4344,,COGS - NonVeg,Expense,0,,,,,,,,TRUE
19/10/2025,Restaurant New Inventory,3600,Bank,Blanket ,10-2025,Paid,Bank,19/10/2025,New Inventory,4345,,OpEx - CapEx,Expense,0,,,,,,,,TRUE
18/10/2025,Gas,1609,Bank,Sai Bharat,10-2025,Unpaid,,,Fixed Maintance,4346,,OpEx - Utilities,Expense,0,,,,,,,,TRUE
19/10/2025,Stationary,35,Bank_Cash,Pen,10-2025,Paid,Naseem,19/10/2025,Inventory,4347,,COGS - Inventory,Expense,0,,,,,,,,TRUE
19/10/2025,Maintenance,150,Bank_Cash,M seal,10-2025,Paid,Naseem,19/10/2025,Maintance,4348,,OpEx - Maintenance,Expense,0,,,,,,,,TRUE
19/10/2025,Vegetables,70,Bank_Cash,Papaya,10-2025,Paid,Naseem,19/10/2025,Inventory,4349,,COGS - Veg,Expense,0,,,,,,,,TRUE
19/10/2025,Garbage Vehicle,700,Cash,Chicken Garbage,10-2025,Paid,Sameer,19/10/2025,Fixed Maintance,4350,,OpEx - Maintenance,Expense,0,,,,,,,,TRUE
19/10/2025,Disposable,160,Bank_Cash,Lock,10-2025,Paid,Sameer,,Inventory,4351,,COGS - Packaging,Expense,0,,,,,,,,TRUE
19/10/2025,Restaurant New Inventory,400,Bank,Takiya,10-2025,Paid,Sameer,,New Inventory,4352,,OpEx - CapEx,Expense,0,,,,,,,,TRUE
19/10/2025,Restaurant New Inventory,200,Bank_Cash,takiya,10-2025,Paid,Sameer,,New Inventory,4353,,OpEx - CapEx,Expense,0,,,,,,,,TRUE
19/10/2025,Sales,3390,Cash,Petpooja,10-2025,,,,Sales,4354,,Revenue,Income,0,,,,,,,,TRUE
19/10/2025,Sales,1920,Card,Petpooja,10-2025,,,,Sales,4355,,Revenue,Income,0,,,,,,,,TRUE
19/10/2025,Sales,940,UPI,Petpooja,10-2025,,,,Sales,4356,,Revenue,Income,0,,,,,,,,TRUE
19/10/2025,Sales,18275,Wallet,Petpooja,10-2025,,,,Sales,4357,,Revenue,Income,0,,,,,,,,TRUE
19/10/2025,Sales,530,Zomato Pay,Petpooja,10-2025,,,,Sales,4358,,Revenue,Income,0,,,,,,,,TRUE
19/10/2025,Sales,170,Online Sale,Petpooja,10-2025,,,,Sales,4359,,Revenue,Income,0,,,,,,,,TRUE
19/10/2025,Tea,50,Bank_Cash,Coffee,10-2025,,,,Staff Expenses,4360,,OpEx - Labor,Expense,0,,,,,,,,TRUE
19/10/2025,Kinners,75,Cash,Kinners,10-2025,Paid,Naseem,19/10/2025,Maintance,4361,,OpEx - Misc,Expense,0,,,,,,,,TRUE
19/10/2025,Vegetables,300,Bank,Bhaironath,10-2025,Unpaid,,,Inventory,4362,,COGS - Veg,Expense,0,,,,,,,,TRUE
19/10/2025,Advance,1500,Cash,Sameer,10-2025,Paid,Naseem,19/10/2025,Salary,4363,,OpEx - Labor,Expense,0,,,,,,,,TRUE
20/10/2025,Dairy,320,Bank_Cash,Mayonise & Chipotle,10-2025,Paid,Naseem,20/10/2025,Inventory,4364,,COGS - Dairy,Expense,0,,,,,,,,TRUE
20/10/2025,Mutton,1600,Bank,A1,10-2025,Paid,Naseem,20/10/2025,Inventory,4365,,COGS - NonVeg,Expense,0,,,,,,,,TRUE
20/10/2025,Chicken,1390,Bank,Golden Chicken,10-2025,Paid,,,Inventory,4366,,COGS - NonVeg,Expense,0,,,,,,,,TRUE
20/10/2025,Kinners,10,Cash,Kinners,10-2025,Paid,Sameer,20/10/2025,Maintance,4367,,OpEx - Misc,Expense,0,,,,,,,,TRUE
20/10/2025,Charcoal,900,Bank,Gyneshwari,10-2025,Unpaid,,,Inventory,4368,,COGS - Fuel,Expense,0,,,,,,,,TRUE
20/10/2025,Restaurant New Inventory,514,Bank,Nonstickpen,10-2025,Paid,Naseem,,New Inventory,4369,,OpEx - CapEx,Expense,0,,,,,,,,TRUE
20/10/2025,Vegetables,30,Cash,mint,10-2025,Paid,Naseem,,Inventory,4370,,COGS - Veg,Expense,0,,,,,,,,TRUE
20/10/2025,Restaurant New Inventory,1150,Bank_Cash,Hotel Rent,10-2025,Paid,Shakil,,New Inventory,4371,,OpEx - CapEx,Expense,0,,,,,,,,TRUE
20/10/2025,Sales,3190,Cash,Petpooja,10-2025,,,,Sales,4372,,Revenue,Income,0,,,,,,,,TRUE
20/10/2025,Sales,300,UPI,Petpooja,10-2025,,,,Sales,4373,,Revenue,Income,0,,,,,,,,TRUE
20/10/2025,Sales,12600,Wallet,Petpooja,10-2025,,,,Sales,4374,,Revenue,Income,0,,,,,,,,TRUE
20/10/2025,Sales,1057,Online Sale,Petpooja,10-2025,,,,Sales,4375,,Revenue,Income,0,,,,,,,,TRUE
20/10/2025,egg,360,Cash,egg,10-2025,Paid,Naseem,,Grocery,4376,,COGS - Grocery,Expense,0,,,,,,,,TRUE
20/10/2025,Tea,50,Bank_Cash,tea,10-2025,Paid,Naseem,,Staff Expenses,4377,,OpEx - Labor,Expense,0,,,,,,,,TRUE
21/10/2025,Chicken,3702,Bank,Golden Chicken,10-2025,Paid,,,Inventory,4378,,COGS - NonVeg,Expense,0,,,,,,,,TRUE
21/10/2025,Dairy,1050,Bank,Adarsh Dairy,10-2025,Unpaid,,,Inventory,4379,,COGS - Dairy,Expense,0,,,,,,,,TRUE
21/10/2025,Petrol,300,Bank_Cash,Bike,10-2025,Paid,Naseem,,Bike Maintance,4380,,OpEx - Maintenance,Expense,0,,,,,,,,TRUE
21/10/2025,Restaurant New Inventory,500,Bank_Cash,Kachra Rockde,10-2025,Paid,Shakil,,New Inventory,4381,,OpEx - CapEx,Expense,0,,,,,,,,TRUE
21/10/2025,Dairy,60,Bank_Cash,Milk,10-2025,Paid,Shakil,,Inventory,4382,,COGS - Dairy,Expense,0,,,,,,,,TRUE
21/10/2025,Kinners,55,Cash,Kinners,10-2025,Paid,Naseem,,Maintance,4383,,OpEx - Misc,Expense,0,,,,,,,,TRUE
21/10/2025,Grocery,2050,Bank,Balaji,10-2025,Unpaid,Naseem,,Inventory,4384,,COGS - Grocery,Expense,0,,,,,,,,TRUE
21/10/2025,Tea,30,Bank_Cash,tea,10-2025,Paid,,,Staff Expenses,4385,,OpEx - Labor,Expense,0,,,,,,,,TRUE
21/10/2025,Sales,4740,Cash,Petpooja,10-2025,,,,Sales,4386,,Revenue,Income,0,,,,,,,,TRUE
21/10/2025,Sales,1270,Due,Petpooja,10-2025,,,,Sales,4387,,Revenue,Income,0,,,,,,,,TRUE
21/10/2025,Sales,1958,UPI,Petpooja,10-2025,,,,Sales,4388,,Revenue,Income,0,,,,,,,,TRUE
21/10/2025,Sales,25888,Wallet,Petpooja,10-2025,,,,Sales,4389,,Revenue,Income,0,,,,,,,,TRUE
21/10/2025,Sales,1851,Online Sale,Petpooja,10-2025,,,,Sales,4390,,Revenue,Income,0,,,,,,,,TRUE
22/10/2025,Dairy,1220,Bank,Adarsh Dairy,10-2025,Unpaid,,,Inventory,4391,,COGS - Dairy,Expense,0,,,,,,,,TRUE
22/10/2025,Chicken,5266,Bank,Golden Chicken,10-2025,Paid,,,Inventory,4392,,COGS - NonVeg,Expense,0,,,,,,,,TRUE
22/10/2025,Grocery,27552,Bank,Balaji,10-2025,Unpaid,,,Inventory,4393,,COGS - Grocery,Expense,0,,,,,,,,TRUE
22/10/2025,Plumbing Work,90,Bank_Cash,Cap,10-2025,Paid,,,Maintance,4394,,OpEx - Maintenance,Expense,0,,,,,,,,TRUE
22/10/2025,Mutton,1600,Bank_Cash,A1,10-2025,Paid,,,Inventory,4395,,COGS - NonVeg,Expense,0,,,,,,,,TRUE
22/10/2025,Charcoal,1800,Bank,gyaneswari,10-2025,Unpaid,,,Inventory,4396,,COGS - Fuel,Expense,0,,,,,,,,TRUE
22/10/2025,Grocery,750,Bank_Cash,Brisata,10-2025,Paid,,,Inventory,4397,,COGS - Grocery,Expense,0,,,,,,,,TRUE
22/10/2025,Electricity,300,Bank,Bulb,10-2025,Paid,,,Fixed Maintance,4398,,OpEx - Utilities,Expense,0,,,,,,,,TRUE
22/10/2025,Advance,1000,Bank,Manohar,10-2025,Paid,Bank,22/10/2025,Salary,4399,,OpEx - Labor,Expense,0,,,,,,,,TRUE
22/10/2025,Vegetables,720,Bank,Onion,10-2025,Paid,Naseem,,Inventory,4400,,COGS - Veg,Expense,0,,,,,,,,TRUE
22/10/2025,Vegetables,200,Cash,Tomatto,10-2025,Paid,Naseem,,Inventory,4401,,COGS - Veg,Expense,0,,,,,,,,TRUE
22/10/2025,Vegetables,580,Bank,Bhaironath,10-2025,Unpaid,Naseem,,Inventory,4402,,COGS - Veg,Expense,0,,,,,,,,TRUE
22/10/2025,Kinners,10,Cash,Kinners,10-2025,Paid,Shakil,,Maintance,4403,,OpEx - Misc,Expense,0,,,,,,,,TRUE
22/10/2025,Egg,522,Cash,Mulani,10-2025,Paid,Shakil,,Grocery,4404,,COGS - Grocery,Expense,0,,,,,,,,TRUE
22/10/2025,Grocery,375,Bank_Cash,Noodle,10-2025,Paid,,,Inventory,4405,,COGS - Grocery,Expense,0,,,,,,,,TRUE
22/10/2025,Sales,4335,Cash, Petpooja,10-2025,,,,Sales,4406,,Revenue,Income,0,,,,,,,,TRUE
22/10/2025,Sales,650,UPI,Petpooja,10-2025,,,,Sales,4407,,Revenue,Income,0,,,,,,,,TRUE
22/10/2025,Sales,9149,Wallet,Petpooja,10-2025,,,,Sales,4408,,Revenue,Income,0,,,,,,,,TRUE
22/10/2025,Sales,1196,Online Sale,Petpooja,10-2025,,,,Sales,4409,,Revenue,Income,0,,,,,,,,TRUE
22/10/2025,Tea,30,Bank_Cash,Tea,10-2025,Paid,,,Staff Expenses,4410,,OpEx - Labor,Expense,0,,,,,,,,TRUE
22/10/2025,Dairy,30,Bank_Cash,Milk,10-2025,Paid,,,Inventory,4411,,COGS - Dairy,Expense,0,,,,,,,,TRUE
23/10/2025,Dairy,680,Bank,Adarsh Dairy,10-2025,Unpaid,,,Inventory,4412,,COGS - Dairy,Expense,0,,,,,,,,TRUE
23/10/2025,Charcoal,900,Bank,gyaneswari,10-2025,Unpaid,,,Inventory,4413,,COGS - Fuel,Expense,0,,,,,,,,TRUE
23/10/2025,Dairy,30,Bank_Cash,milk,10-2025,Paid,,,Inventory,4414,,COGS - Dairy,Expense,0,,,,,,,,TRUE
23/10/2025,Vegetables,590,Bank,Bhaironath,10-2025,Unpaid,,,Inventory,4415,,COGS - Veg,Expense,0,,,,,,,,TRUE
23/10/2025,Chicken,2368,Bank,Golden Chicken,10-2025,Paid,,,Inventory,4416,,COGS - NonVeg,Expense,0,,,,,,,,TRUE
23/10/2025,Sales,5059,Cash,Petpooja,10-2025,,,,Sales,4417,,Revenue,Income,0,,,,,,,,TRUE
23/10/2025,Sales,10616,Wallet,Petpooja,10-2025,,,,Sales,4418,,Revenue,Income,0,,,,,,,,TRUE
23/10/2025,Sales,420,UPI,Petpooja,10-2025,,,,Sales,4419,,Revenue,Income,0,,,,,,,,TRUE
23/10/2025,Sales,760,Online Sale,Petpooja,10-2025,,,,Sales,4420,,Revenue,Income,0,,,,,,,,TRUE
23/10/2025,Kinners,10,Cash,Kinners,10-2025,Paid,,23/10/2025,Maintance,4421,,OpEx - Misc,Expense,0,,,,,,,,TRUE
23/10/2025,Sales,1555,Zomato Pay,Petpooja,10-2025,,,,Sales,4422,,Revenue,Income,0,,,,,,,,TRUE
24/10/2025,Dairy,1110,Bank,Adarsh Dairy,10-2025,Paid,,24/10/2025,Inventory,4423,,COGS - Dairy,Expense,0,,,,,,,,TRUE
24/10/2025,Chicken,4332,Bank,Golden Chicken,10-2025,Paid,,,Inventory,4424,,COGS - NonVeg,Expense,0,,,,,,,,TRUE
24/10/2025,Vegetables,12000,Bank_Cash,Bhaironath,10-2025,Paid,,24/10/2025,Inventory,4425,,COGS - Veg,Expense,0,,,,,,,,TRUE
24/10/2025,Beverages,925,Bank,Water Bottel,10-2025,Paid,Naseem,24/10/2025,Grocery,4426,,COGS - Grocery,Expense,0,,,,,,,,TRUE
24/10/2025,Restaurant New Inventory,500,Cash,Rockde Bonus,10-2025,Paid,Naseem,,New Inventory,4427,,OpEx - CapEx,Expense,0,,,,,,,,TRUE
24/10/2025,Electricity,250,Bank_Cash,Seeller machine repair,10-2025,Paid,Naseem,,Fixed Maintance,4428,,OpEx - Utilities,Expense,0,,,,,,,,TRUE
24/10/2025,Vegetables,710,Bank,Bhaironath,10-2025,Paid,Naseem,,Inventory,4429,,COGS - Veg,Expense,0,,,,,,,,TRUE
24/10/2025,Restaurant New Inventory,80,Bank_Cash,Ancle Breakfast,10-2025,Paid,Naseem,,New Inventory,4430,,OpEx - CapEx,Expense,0,,,,,,,,TRUE
24/10/2025,Egg,350,Cash,Mulani,10-2025,Paid,Naseem,24/10/2025,Grocery,4431,,COGS - Grocery,Expense,0,,,,,,,,TRUE
24/10/2025,Tea,30,Bank_Cash,Tea,10-2025,Paid,Naseem,,Staff Expenses,4432,,OpEx - Labor,Expense,0,,,,,,,,TRUE
24/10/2025,Kinners,40,Cash,Kinners,10-2025,Paid,Shakil,,Maintance,4433,,OpEx - Misc,Expense,0,,,,,,,,TRUE
24/10/2025,Dairy,30,Bank_Cash,mILK,10-2025,Paid,Naseem,,Inventory,4434,,COGS - Dairy,Expense,0,,,,,,,,TRUE
24/10/2025,Sales,3110,Cash,Petpooja,10-2025,,,,Sales,4435,,Revenue,Income,0,,,,,,,,TRUE
24/10/2025,Sales,3964,Card,Petpooja,10-2025,,,,Sales,4436,,Revenue,Income,0,,,,,,,,TRUE
24/10/2025,Sales,1269,UPI,Petpooja,10-2025,,,,Sales,4437,,Revenue,Income,0,,,,,,,,TRUE
24/10/2025,Sales,9144,Wallet,Petpooja,10-2025,,,,Sales,4438,,Revenue,Income,0,,,,,,,,TRUE
24/10/2025,Sales,500,Zomato Pay,Petpooja,10-2025,,,,Sales,4439,,Revenue,Income,0,,,,,,,,TRUE
24/10/2025,Sales,1644,Online Sale,Petpooja,10-2025,,,,Sales,4440,,Revenue,Income,0,,,,,,,,TRUE
24/10/2025,Vegetables,20,Cash,mint,10-2025,Paid,Naseem,,Inventory,4441,,COGS - Veg,Expense,0,,,,,,,,TRUE
25/10/2025,Advance,540,Cash,Sandeep,10-2025,Paid,Shakil,,Salary,4442,,OpEx - Labor,Expense,0,,,,,,,,TRUE
25/10/2025,Dairy,410,Bank,Adarsh Dairy,10-2025,Unpaid,,,Inventory,4443,,COGS - Dairy,Expense,0,,,,,,,,TRUE
25/10/2025,Chicken,3375,Bank,Golden Chicken,10-2025,Paid,,,Inventory,4444,,COGS - NonVeg,Expense,0,,,,,,,,TRUE
25/10/2025,Grocery,580,Bank_Cash,Seafood,10-2025,Paid,,,Inventory,4445,,COGS - Grocery,Expense,0,,,,,,,,TRUE
25/10/2025,Beverages,2327,Bank,Softdrink,10-2025,Paid,Naseem,25/10/2025,Grocery,4446,,COGS - Grocery,Expense,0,,,,,,,,TRUE
25/10/2025,Vegetables,200,Cash,tomato,10-2025,Paid,Shakil,,Inventory,4447,,COGS - Veg,Expense,0,,,,,,,,TRUE
25/10/2025,Vegetables,80,Bank_Cash,Papaya,10-2025,Paid,Naseem,,Inventory,4448,,COGS - Veg,Expense,0,,,,,,,,TRUE
25/10/2025,Dairy,30,Bank_Cash,Milk,10-2025,Paid,Shakil,,Inventory,4449,,COGS - Dairy,Expense,0,,,,,,,,TRUE
25/10/2025,Grocery,70,Bank_Cash,Nirma,10-2025,Paid,Naseem,,Inventory,4450,,COGS - Grocery,Expense,0,,,,,,,,TRUE
25/10/2025,Kinners,5,Cash,Begger,10-2025,Paid,Naseem,25/10/2025,Maintance,4451,,OpEx - Misc,Expense,0,,,,,,,,TRUE
25/10/2025,Vegetables,602,Bank,Bhaironath,10-2025,Unpaid,Naseem,,Inventory,4452,,COGS - Veg,Expense,0,,,,,,,,TRUE
25/10/2025,Tea,30,Bank_Cash,Tea,10-2025,Paid,Naseem,,Staff Expenses,4453,,OpEx - Labor,Expense,0,,,,,,,,TRUE
25/10/2025,Sales,5789,Cash,Petpooja,10-2025,,,,Sales,4454,,Revenue,Income,0,,,,,,,,TRUE
25/10/2025,Sales,13660,Wallet,Petpooja,10-2025,,,,Sales,4455,,Revenue,Income,0,,,,,,,,TRUE
25/10/2025,Sales,850,UPI,Petpooja,10-2025,,,,Sales,4456,,Revenue,Income,0,,,,,,,,TRUE
25/10/2025,Sales,890,Online Sale,Petpooja,10-2025,,,,Sales,4457,,Revenue,Income,0,,,,,,,,TRUE
25/10/2025,Sales,549,Card,Petpooja,10-2025,,,,Sales,4458,,Revenue,Income,0,,,,,,,,TRUE
25/10/2025,Restaurant New Inventory,250,Bank_Cash,continor,10-2025,Paid,Shakil,,New Inventory,4459,,OpEx - CapEx,Expense,0,,,,,,,,TRUE
26/10/2025,Chicken,5924,Bank,Golden Chicken,10-2025,Paid,,,Inventory,4460,,COGS - NonVeg,Expense,0,,,,,,,,TRUE
26/10/2025,Stationary,100,Bank_Cash,Newspaper,10-2025,Paid,Shakil,,Inventory,4461,,COGS - Inventory,Expense,0,,,,,,,,TRUE
26/10/2025,Dairy,680,Bank_Cash,Chap,10-2025,Paid,Naseem,,Inventory,4462,,COGS - Dairy,Expense,0,,,,,,,,TRUE
26/10/2025,Mutton,1600,Bank_Cash,Mutton,10-2025,Paid,Shakil,,Inventory,4463,,COGS - NonVeg,Expense,0,,,,,,,,TRUE
26/10/2025,Dairy,530,Bank,Adarsh Dairy,10-2025,Paid,Shakil,,Inventory,4464,,COGS - Dairy,Expense,0,,,,,,,,TRUE
26/10/2025,Beverages,480,Bank_Cash,Water Bottle,10-2025,Paid,Shakil,,Grocery,4465,,COGS - Grocery,Expense,0,,,,,,,,TRUE
26/10/2025,Vegetables,20,Cash,Mint,10-2025,Paid,Naseem,,Inventory,4466,,COGS - Veg,Expense,0,,,,,,,,TRUE
26/10/2025,Kinners,20,Cash,Kinners,10-2025,Paid,Naseem,,Maintance,4467,,OpEx - Misc,Expense,0,,,,,,,,TRUE
26/10/2025,Petrol,310,Bank_Cash,Petrol,10-2025,Paid,Naseem,,Bike Maintance,4468,,OpEx - Maintenance,Expense,0,,,,,,,,TRUE
26/10/2025,Restaurant New Inventory,50,Bank_Cash,Ancle Breacfast,10-2025,Paid,Shakil,,New Inventory,4469,,OpEx - CapEx,Expense,0,,,,,,,,TRUE
26/10/2025,Vegetables,469,Bank,Bhaironath,10-2025,Unpaid,,,Inventory,4470,,COGS - Veg,Expense,0,,,,,,,,TRUE
26/10/2025,Dairy,30,Bank_Cash,Milk,10-2025,Paid,,,Inventory,4471,,COGS - Dairy,Expense,0,,,,,,,,TRUE
26/10/2025,Electricity,30,Bank_Cash,palak,10-2025,Paid,,,Fixed Maintance,4472,,OpEx - Utilities,Expense,0,,,,,,,,TRUE
26/10/2025,Bakery,625,Bank_Cash,Pitabread,10-2025,Paid,,,Grocery,4473,,COGS - Grocery,Expense,0,,,,,,,,TRUE
26/10/2025,Sales,2424,Cash,Petpooja,10-2025,,,,Sales,4474,,Revenue,Income,0,,,,,,,,TRUE
26/10/2025,Sales,10520,Wallet,Petpooja,10-2025,,,,Sales,4475,,Revenue,Income,0,,,,,,,,TRUE
26/10/2025,Sales,420,Due,Petpooja,10-2025,,,,Sales,4476,,Revenue,Income,0,,,,,,,,TRUE
26/10/2025,Sales,2838,Online Sale,Petpooja,10-2025,,,,Sales,4477,,Revenue,Income,0,,,,,,,,TRUE
26/10/2025,Tea,30,Bank_Cash,Tea,10-2025,Paid,,,Staff Expenses,4478,,OpEx - Labor,Expense,0,,,,,,,,TRUE
26/10/2025,Advance,500,Cash,Abrar Advance,10-2025,Paid,Shakil,26/10/2025,Salary,4479,,OpEx - Labor,Expense,0,,,,,,,,TRUE
26/10/2025,Cash Shortage,475,Cash,Nasim Bhai,10-2025,Paid,Shakil,,Shortage,4480,,OpEx - Misc,Expense,0,,,,,,,,TRUE
27/10/2025,Dairy,685,Bank,Adarsh Dairy,10-2025,Unpaid,Naseem,,Inventory,4481,,COGS - Dairy,Expense,0,,,,,,,,TRUE
27/10/2025,Electricity,60,Bank_Cash,Pana,10-2025,Paid,Shakil,,Fixed Maintance,4482,,OpEx - Utilities,Expense,0,,,,,,,,TRUE
27/10/2025,Electric Work,100,Bank_Cash,Mixer repair,10-2025,Paid,Shakil,,Maintance,4483,,OpEx - Maintenance,Expense,0,,,,,,,,TRUE
27/10/2025,Maintenance,250,Bank_Cash,Auto rent,10-2025,Paid,,,Maintance,4484,,OpEx - Maintenance,Expense,0,,,,,,,,TRUE
27/10/2025,Maintenance,250,Bank_Cash,Seat,10-2025,Paid,,,Maintance,4485,,OpEx - Maintenance,Expense,0,,,,,,,,TRUE
27/10/2025,Electricity,24840,Bank,Lightbill,10-2025,Unpaid,,,Fixed Maintance,4486,,OpEx - Utilities,Expense,0,,,,,,,,TRUE
27/10/2025,Vegetables,358,Bank,Bhaironath,10-2025,Unpaid,,,Inventory,4487,,COGS - Veg,Expense,0,,,,,,,,TRUE
27/10/2025,Sales,4625,Cash,Petpooja,10-2025,,,,Sales,4488,,Revenue,Income,0,,,,,,,,TRUE
27/10/2025,Sales,14257,Wallet,Petpooja,10-2025,,,,Sales,4489,,Revenue,Income,0,,,,,,,,TRUE
27/10/2025,Sales,30,UPI,Petpooja,10-2025,,,,Sales,4490,,Revenue,Income,0,,,,,,,,TRUE
27/10/2025,Sales,665,Card,Petpooja,10-2025,,,,Sales,4491,,Revenue,Income,0,,,,,,,,TRUE
27/10/2025,Sales,1326,Online Sale,Petpooja,10-2025,,,,Sales,4492,,Revenue,Income,0,,,,,,,,TRUE
27/10/2025,Advance,500,Bank_Cash,Advance sandeeop,10-2025,Paid,Shakil,,Salary,4493,,OpEx - Labor,Expense,0,,,,,,,,TRUE
28/10/2025,Chicken,2920,Bank,Golden Chicken,10-2025,Paid,,,Inventory,4494,,COGS - NonVeg,Expense,0,,,,,,,,TRUE
28/10/2025,Mutton,500,Bank_Cash,Paya,10-2025,Paid,,,Inventory,4495,,COGS - NonVeg,Expense,0,,,,,,,,TRUE
28/10/2025,Vegetables,5000,Bank_Cash,Bhaironath,10-2025,Paid,Naseem,28/10/2025,Inventory,4496,,COGS - Veg,Expense,0,,,,,,,,TRUE
28/10/2025,Dairy,530,Bank_Cash,Adarsh Dairy,10-2025,Unpaid,,,Inventory,4497,,COGS - Dairy,Expense,0,,,,,,,,TRUE
28/10/2025,Maintenance,350,Bank_Cash,Barnal repair,10-2025,Paid,Naseem,,Maintance,4498,,OpEx - Maintenance,Expense,0,,,,,,,,TRUE
28/10/2025,Tea,30,Bank_Cash,Tea,10-2025,Paid,,,Staff Expenses,4499,,OpEx - Labor,Expense,0,,,,,,,,TRUE
28/10/2025,Sales,3699,Cash,Petpooja,10-2025,,,,Sales,4500,,Revenue,Income,0,,,,,,,,TRUE
28/10/2025,Sales,16970,Wallet,Petpooja,10-2025,,,,Sales,4501,,Revenue,Income,0,,,,,,,,TRUE
28/10/2025,Sales,5125,Online Sale,Petpooja,10-2025,,,,Sales,4502,,Revenue,Income,0,,,,,,,,TRUE
28/10/2025,Cash Return to Cx,30,Cash,Return customer,10-2025,Paid,,,Excess Amount Return,4503,,Excess Amount Return,Expense,0,,,,,,,,TRUE
29/10/2025,Dairy,745,Bank,Adarsh Dairy,10-2025,Unpaid,,,Inventory,4504,,COGS - Dairy,Expense,0,,,,,,,,TRUE
29/10/2025,Chicken,5200,Bank,Golden Chicken,10-2025,Paid,,,Inventory,4505,,COGS - NonVeg,Expense,0,,,,,,,,TRUE
29/10/2025,Charcoal,900,Bank,gyaneswari,10-2025,Unpaid,,,Inventory,4506,,COGS - Fuel,Expense,0,,,,,,,,TRUE
29/10/2025,Grocery,3640,Bank,Balaji,10-2025,Unpaid,,,Inventory,4507,,COGS - Grocery,Expense,0,,,,,,,,TRUE
29/10/2025,Momos,210,Cash,Momos,10-2025,Paid,,,Inventory,4508,,COGS - Inventory,Expense,0,,,,,,,,TRUE
29/10/2025,Vegetables,20,Cash,Mint,10-2025,Paid,,,Inventory,4509,,COGS - Veg,Expense,0,,,,,,,,TRUE
29/10/2025,Disposable,2465,Bank,Anand  ,10-2025,Unpaid,,,Inventory,4510,,COGS - Packaging,Expense,0,,,,,,,,TRUE
29/10/2025,Vegetables,677,Bank,Bhaironath,10-2025,Unpaid,,,Inventory,4511,,COGS - Veg,Expense,0,,,,,,,,TRUE
29/10/2025,Sales,6418,Cash,Petpooja,10-2025,,,,Sales,4512,,Revenue,Income,0,,,,,,,,TRUE
29/10/2025,Sales,14811,Wallet,Petpooja,10-2025,,,,Sales,4513,,Revenue,Income,0,,,,,,,,TRUE
29/10/2025,Sales,1750,Card,Petpooja,10-2025,,,,Sales,4514,,Revenue,Income,0,,,,,,,,TRUE
29/10/2025,Sales,705,Zomato Pay,Petpooja,10-2025,,,,Sales,4515,,Revenue,Income,0,,,,,,,,TRUE
29/10/2025,Sales,1935,Online Sale,Petpooja,10-2025,,,,Sales,4516,,Revenue,Income,0,,,,,,,,TRUE
29/10/2025,Sales,90,UPI,Petpooja,10-2025,,,,Sales,4517,,Revenue,Income,0,,,,,,,,TRUE
29/10/2025,Electricity,15,Cash,Laitter,10-2025,Paid,,,Fixed Maintance,4518,,OpEx - Utilities,Expense,0,,,,,,,,TRUE
28/10/2025,Tea,30,Cash,Tea,10-2025,Paid,,,Staff Expenses,4519,,OpEx - Labor,Expense,0,,,,,,,,TRUE
29/10/2025,Kinners,10,Cash,kInnar,10-2025,Paid,,,Maintance,4520,,OpEx - Misc,Expense,0,,,,,,,,TRUE
30/10/2025,Dairy,960,Bank,Adarsh Dairy,10-2025,Unpaid,,,Inventory,4521,,COGS - Dairy,Expense,0,,,,,,,,TRUE
30/10/2025,Chicken,6776,Bank,Golden Chicken,10-2025,Paid,,,Inventory,4522,,COGS - NonVeg,Expense,0,,,,,,,,TRUE
30/10/2025,Grocery,1400,Bank_Cash,Brishta,10-2025,Paid,,,Inventory,4523,,COGS - Grocery,Expense,0,,,,,,,,TRUE
30/10/2025,Vegetables,5000,Bank_Cash,Bhaironath,10-2025,Paid,Naseem,30/10/2025,Inventory,4524,,COGS - Veg,Expense,0,,,,,,,,TRUE
30/10/2025,Beverages,900,Bank_Cash,Water bottle,10-2025,Paid,Naseem,30/10/2025,Grocery,4525,,COGS - Grocery,Expense,0,,,,,,,,TRUE
30/10/2025,Donation,20,Cash,Return customer,10-2025,Paid,,,Maintance,4526,,OpEx - Misc,Expense,0,,,,,,,,TRUE
30/10/2025,Egg,379,Bank_Cash,Mulani,10-2025,Paid,Naseem,30/10/2025,Grocery,4527,,COGS - Grocery,Expense,0,,,,,,,,TRUE
30/10/2025,Vegetables,120,Bank_Cash,Papaya,10-2025,Paid,Naseem,30/10/2025,Inventory,4528,,COGS - Veg,Expense,0,,,,,,,,TRUE
30/10/2025,Kinners,10,Cash,Kinnar,10-2025,Paid,Sameer,30/10/2025,Maintance,4529,,OpEx - Misc,Expense,0,,,,,,,,TRUE
30/10/2025,Sales,3435,Cash,Petpooja,10-2025,,,,Sales,4530,,Revenue,Income,0,,,,,,,,TRUE
30/10/2025,Sales,13585,Wallet,Petpooja,10-2025,,,,Sales,4531,,Revenue,Income,0,,,,,,,,TRUE
30/10/2025,Sales,690,Zomato Pay,Petpooja,10-2025,,,,Sales,4532,,Revenue,Income,0,,,,,,,,TRUE
30/10/2025,Sales,1120,Online Sale,Petpooja,10-2025,,,,Sales,4533,,Revenue,Income,0,,,,,,,,TRUE
30/10/2025,Sales,100,UPI,Petpooja,10-2025,,,,Sales,4534,,Revenue,Income,0,,,,,,,,TRUE
30/10/2025,Vegetables,994,Bank,Bhaironath,10-2025,Unpaid,,,Inventory,4535,,COGS - Veg,Expense,0,,,,,,,,TRUE
30/10/2025,Disposable,110,Bank_Cash,Plate,10-2025,Paid,Naseem,30/10/2025,Inventory,4536,,COGS - Packaging,Expense,0,,,,,,,,TRUE
30/10/2025,Tea,30,Bank_Cash,Tea,10-2025,Paid,Naseem,30/10/2025,Staff Expenses,4537,,OpEx - Labor,Expense,0,,,,,,,,TRUE
30/10/2025,Vegetables,200,Bank_Cash,Tomatto,10-2025,Paid,Naseem,,Inventory,4538,,COGS - Veg,Expense,0,,,,,,,,TRUE
31/10/2025,Dairy,2020,Bank,Adarsh Dairy,10-2025,Unpaid,,,Inventory,4539,,COGS - Dairy,Expense,0,,,,,,,,TRUE
31/10/2025,Charcoal,1800,Bank,gyaneswari,10-2025,Unpaid,,,Inventory,4540,,COGS - Fuel,Expense,0,,,,,,,,TRUE
31/10/2025,Chicken,4315,Bank,Golden Chicken,10-2025,Paid,,,Inventory,4541,,COGS - NonVeg,Expense,0,,,,,,,,TRUE
31/10/2025,Kinners,10,Cash,Kinnar,10-2025,Paid,Naseem,,Maintance,4542,,OpEx - Misc,Expense,0,,,,,,,,TRUE
31/10/2025,Kinners,5,Cash,Kinnar,10-2025,Paid,,,Maintance,4543,,OpEx - Misc,Expense,0,,,,,,,,TRUE
31/10/2025,Vegetables,30,Cash,Mint,10-2025,Paid,,,Inventory,4544,,COGS - Veg,Expense,0,,,,,,,,TRUE
31/10/2025,Momos,210,Cash,Momos,10-2025,Paid,Naseem,31/10/2025,Inventory,4545,,COGS - Inventory,Expense,0,,,,,,,,TRUE
31/10/2025,Maintenance,320,Bank_Cash,Auto rent,10-2025,Paid,Naseem,,Maintance,4546,,OpEx - Maintenance,Expense,0,,,,,,,,TRUE
31/10/2025,Vegetables,470,Bank_Cash,Onion,10-2025,Paid,Naseem,,Inventory,4547,,COGS - Veg,Expense,0,,,,,,,,TRUE
31/10/2025,Petrol,310,Bank_Cash,petrol,10-2025,Paid,Naseem,,Bike Maintance,4548,,OpEx - Maintenance,Expense,0,,,,,,,,TRUE
31/10/2025,Grocery,70,Bank_Cash,Nirma,10-2025,Paid,Naseem,,Inventory,4549,,COGS - Grocery,Expense,0,,,,,,,,TRUE
31/10/2025,Vegetables,745,Bank,Bhaironath,10-2025,Unpaid,,,Inventory,4550,,COGS - Veg,Expense,0,,,,,,,,TRUE
31/10/2025,Sales,3450,Cash,Petpooja,10-2025,,,,Sales,4551,,Revenue,Income,0,,,,,,,,TRUE
31/10/2025,Sales,36525,Wallet,Petpooja,10-2025,,,,Sales,4552,,Revenue,Income,0,,,,,,,,TRUE
31/10/2025,Sales,279,UPI,Petpooja,10-2025,,,,Sales,4553,,Revenue,Income,0,,,,,,,,TRUE
31/10/2025,Sales,1780,Online Sale,Petpooja,10-2025,,,,Sales,4554,,Revenue,Income,0,,,,,,,,TRUE
31/10/2025,Sales,2085,Card,Petpooja,10-2025,,,,Sales,4555,,Revenue,Income,0,,,,,,,,TRUE
01/11/2025,Dairy,1800,Bank,Adarsh Dairy,11-2025,Unpaid,,,Inventory,4556,,COGS - Dairy,Expense,0,,,,,,,,TRUE
01/11/2025,Chicken,10354,Bank,Golden Chicken,11-2025,Paid,,,Inventory,4557,,COGS - NonVeg,Expense,0,,,,,,,,TRUE
01/11/2025,Vegetables,691,Bank,Bhaironath,11-2025,Unpaid,,,Inventory,4558,,COGS - Veg,Expense,0,,,,,,,,TRUE
01/11/2025,Kinners,20,Cash,Kinnar,11-2025,Paid,,,Maintance,4559,,OpEx - Misc,Expense,0,,,,,,,,TRUE
01/11/2025,Egg,366,Cash,Mulani,11-2025,Paid,Naseem,,Grocery,4560,,COGS - Grocery,Expense,0,,,,,,,,TRUE
01/11/2025,Sales,591,Cash,Petpooja,11-2025,,,,Sales,4561,,Revenue,Income,0,,,,,,,,TRUE
01/11/2025,Sales,24374,Wallet,Petpooja,11-2025,,,,Sales,4562,,Revenue,Income,0,,,,,,,,TRUE
01/11/2025,Sales,1495,UPI,Petpooja,11-2025,,,,Sales,4563,,Revenue,Income,0,,,,,,,,TRUE
01/11/2025,Sales,390,Card,Petpooja,11-2025,,,,Sales,4564,,Revenue,Income,0,,,,,,,,TRUE
01/11/2025,Sales,700,Zomato Pay,Petpooja,11-2025,,,,Sales,4565,,Revenue,Income,0,,,,,,,,TRUE
01/11/2025,Sales,1551,Online Sale,Petpooja,11-2025,,,,Sales,4566,,Revenue,Income,0,,,,,,,,TRUE
01/11/2025,Tea,30,Bank_Cash,tea,11-2025,Paid,Naseem,01/11/2025,Staff Expenses,4567,,OpEx - Labor,Expense,0,,,,,,,,TRUE
02/11/2025,Hotel Commision,1090,Bank_Cash,Elite hotel,11-2025,Paid,,,Fixed Maintance,4568,,OpEx - Admin,Expense,0,,,,,,,,TRUE
02/11/2025,Hotel Commision,810,Bank_Cash,Shivsai,11-2025,Paid,,,Fixed Maintance,4569,,OpEx - Admin,Expense,0,,,,,,,,TRUE
02/11/2025,Chicken,2320,Bank,Golden Chicken,11-2025,Paid,Naseem,,Inventory,4570,,COGS - NonVeg,Expense,0,,,,,,,,TRUE
02/11/2025,Dairy,600,Bank,Adarsh Dairy,11-2025,Unpaid,Naseem,,Inventory,4571,,COGS - Dairy,Expense,0,,,,,,,,TRUE
02/11/2025,Maintenance,350,Bank_Cash,Sariya,11-2025,Paid,Naseem,02/11/2025,Maintance,4572,,OpEx - Maintenance,Expense,0,,,,,,,,TRUE
02/11/2025,Kinners,10,Cash,Kinnar,11-2025,Paid,,,Maintance,4573,,OpEx - Misc,Expense,0,,,,,,,,TRUE
02/11/2025,Maintenance,1800,Bank_Cash,Maintence,11-2025,Paid,Naseem,,Maintance,4574,,OpEx - Maintenance,Expense,0,,,,,,,,TRUE
02/11/2025,Maintenance,240,Bank_Cash,Rubber,11-2025,Paid,Naseem,,Maintance,4575,,OpEx - Maintenance,Expense,0,,,,,,,,TRUE
02/11/2025,Dairy,1070,Bank_Cash,Soya chap,11-2025,Paid,Naseem,,Inventory,4576,,COGS - Dairy,Expense,0,,,,,,,,TRUE
02/11/2025,Egg,380,Bank_Cash,EGG,11-2025,Paid,Naseem,,Grocery,4577,,COGS - Grocery,Expense,0,,,,,,,,TRUE
02/11/2025,Vegetables,200,Bank_Cash,Tomatto,11-2025,Paid,Naseem,,Inventory,4578,,COGS - Veg,Expense,0,,,,,,,,TRUE
02/11/2025,Vegetables,630,Bank,Bhaironath,11-2025,Unpaid,,,Inventory,4579,,COGS - Veg,Expense,0,,,,,,,,TRUE
02/11/2025,Sales,5673,Cash,Petpooja,11-2025,,,,Sales,4580,,Revenue,Income,0,,,,,,,,TRUE
02/11/2025,Sales,755,Online Sale,Petpooja,11-2025,,,,Sales,4581,,Revenue,Income,0,,,,,,,,TRUE
02/11/2025,Sales,7715,UPI,Petpooja,11-2025,,,,Sales,4582,,Revenue,Income,0,,,,,,,,TRUE
02/11/2025,Sales,20846,Wallet,Petpooja,11-2025,,,,Sales,4583,,Revenue,Income,0,,,,,,,,TRUE
02/11/2025,Maintenance,40,Bank_Cash,Pen marker,11-2025,Paid,Naseem,,Maintance,4584,,OpEx - Maintenance,Expense,0,,,,,,,,TRUE
02/11/2025,Maintenance,95,Bank_Cash,blead,11-2025,Paid,Naseem,,Maintance,4585,,OpEx - Maintenance,Expense,0,,,,,,,,TRUE
02/11/2025,Maintenance,15,Bank_Cash,palak,11-2025,Paid,Shakil,,Maintance,4586,,OpEx - Maintenance,Expense,0,,,,,,,,TRUE
02/11/2025,Tea,30,Bank_Cash,TEA,11-2025,Paid,Shakil,,Staff Expenses,4587,,OpEx - Labor,Expense,0,,,,,,,,TRUE
03/11/2025,Charcoal,1800,Bank,Bhaironath,11-2025,Unpaid,Naseem,,Inventory,4588,,COGS - Fuel,Expense,0,,,,,,,,TRUE
03/11/2025,Chicken,4505,Bank,Golden Chicken,11-2025,Paid,Naseem,,Inventory,4589,,COGS - NonVeg,Expense,0,,,,,,,,TRUE
03/11/2025,Maintenance,1500,Bank_Cash,Kachra gadi,11-2025,Paid,Naseem,,Maintance,4590,,OpEx - Maintenance,Expense,0,,,,,,,,TRUE
03/11/2025,Beverages,475,Cash,Water bottle,11-2025,Paid,Naseem,03/11/2025,Grocery,4591,,COGS - Grocery,Expense,0,,,,,,,,TRUE
03/11/2025,Grocery,30621,Bank,Balaji,11-2025,Unpaid,Naseem,,Inventory,4592,,COGS - Grocery,Expense,0,,,,,,,,TRUE
03/11/2025,Kinners,10,Cash,kInnar,11-2025,Paid,Naseem,,Maintance,4593,,OpEx - Misc,Expense,0,,,,,,,,TRUE
03/11/2025,Dairy,1040,Bank,Adarsh Dairy,11-2025,Unpaid,,,Inventory,4594,,COGS - Dairy,Expense,0,,,,,,,,TRUE
03/11/2025,Egg,366,Cash,Mulani,11-2025,Paid,Naseem,03/11/2025,Grocery,4595,,COGS - Grocery,Expense,0,,,,,,,,TRUE
03/11/2025,Maintenance,500,Bank_Cash,Cement,11-2025,Paid,Naseem,,Maintance,4596,,OpEx - Maintenance,Expense,0,,,,,,,,TRUE
03/11/2025,Sales,1924,Cash,Petpooja,11-2025,,,,Sales,4597,,Revenue,Income,0,,,,,,,,TRUE
03/11/2025,Sales,830,Card,Petpooja,11-2025,,,,Sales,4598,,Revenue,Income,0,,,,,,,,TRUE
03/11/2025,Sales,12990,Wallet,Petpooja,11-2025,,,,Sales,4599,,Revenue,Income,0,,,,,,,,TRUE
03/11/2025,Sales,1527,Online Sale,Petpooja,11-2025,,,,Sales,4600,,Revenue,Income,0,,,,,,,,TRUE
03/11/2025,Sales,500,UPI,Petpooja,11-2025,,,,Sales,4601,,Revenue,Income,0,,,,,,,,TRUE
03/11/2025,Sales,2700,Due,Petpooja,11-2025,,,,Sales,4602,,Revenue,Income,0,,,,,,,,TRUE
03/11/2025,Cash Return to Cx,40,Cash,Return customer,11-2025,Paid,Naseem,,Excess Amount Return,4603,,Excess Amount Return,Expense,0,,,,,,,,TRUE
03/11/2025,tea,30,Bank_Cash,TEA,11-2025,Paid,Naseem,,Staff Expenses,4604,,OpEx - Labor,Expense,0,,,,,,,,TRUE
03/11/2025,Disposable,300,Bank_Cash,continor,11-2025,Paid,Naseem,,Inventory,4605,,COGS - Packaging,Expense,0,,,,,,,,TRUE
03/11/2025,Maintenance,400,Bank_Cash,Staff Gadi,11-2025,Paid,Naseem,,Maintance,4606,,OpEx - Maintenance,Expense,0,,,,,,,,TRUE
03/11/2025,Maintenance,1000,Bank_Cash,Chembar cliener,11-2025,Paid,Naseem,,Maintance,4607,,OpEx - Maintenance,Expense,0,,,,,,,,TRUE
03/11/2025,Advance,10000,Bank,Sajid Noori,11-2025,Paid,Bank,03/11/2025,Salary,4608,,OpEx - Labor,Expense,0,,,,,,,,TRUE
03/11/2025,Advance,4000,Bank,Vijay,11-2025,Paid,Bank,03/11/2025,Salary,4609,,OpEx - Labor,Expense,0,,,,,,,,TRUE
03/11/2025,Advance,600,Bank_Cash,Nasim Bhai Advance,11-2025,Paid,Naseem,,Salary,4610,,OpEx - Labor,Expense,0,,,,,,,,TRUE
04/11/2025,Dairy,675,Bank,Adarsh Dairy,11-2025,Unpaid,,,Inventory,4611,,COGS - Dairy,Expense,0,,,,,,,,TRUE
04/11/2025,Petrol,310,Bank_Cash,petrol,11-2025,Paid,Naseem,04/11/2025,Bike Maintance,4612,,OpEx - Maintenance,Expense,0,,,,,,,,TRUE
04/11/2025,Maintenance,960,Bank_Cash,Hardwere,11-2025,Paid,Naseem,,Maintance,4613,,OpEx - Maintenance,Expense,0,,,,,,,,TRUE
04/11/2025,Chicken,1776,Bank,Golden Chicken,11-2025,Paid,,,Inventory,4614,,COGS - NonVeg,Expense,0,,,,,,,,TRUE
04/11/2025,Dairy,160,Bank_Cash,Corn,11-2025,Paid,Naseem,,Inventory,4615,,COGS - Dairy,Expense,0,,,,,,,,TRUE
04/11/2025,Vegetables,377,Bank,Bhaironath,11-2025,Unpaid,,,Inventory,4616,,COGS - Veg,Expense,0,,,,,,,,TRUE
04/11/2025,Advance,6000,Bank_Cash,Laxmi Bai Salary,11-2025,Paid,Naseem,,Salary,4617,,OpEx - Labor,Expense,0,,,,,,,,TRUE
04/11/2025,Stationary,100,Bank_Cash,Coppy and sweet,11-2025,Paid,Naseem,,Inventory,4618,,COGS - Inventory,Expense,0,,,,,,,,TRUE
04/11/2025,Tea,30,Bank_Cash,TEA,11-2025,Paid,Naseem,,Staff Expenses,4619,,OpEx - Labor,Expense,0,,,,,,,,TRUE
04/11/2025,Kinners,10,Cash,Kinnar,11-2025,Paid,Naseem,,Maintance,4620,,OpEx - Misc,Expense,0,,,,,,,,TRUE
04/11/2025,Medical,100,Cash,Medicine ,11-2025,Paid,Naseem,,Staff Expenses,4621,,OpEx - Labor,Expense,0,,,,,,,,TRUE
04/11/2025,Advance,500,Cash,Manohar,11-2025,Paid,Naseem,04/11/2025,Salary,4622,,OpEx - Labor,Expense,0,,,,,,,,TRUE
04/11/2025,Vegetables,20,Cash,Mint,11-2025,Paid,Naseem,,Inventory,4623,,COGS - Veg,Expense,0,,,,,,,,TRUE
04/11/2025,Disposable,5010,Bank,Anand disposle,11-2025,Unpaid,,,Inventory,4624,,COGS - Packaging,Expense,0,,,,,,,,TRUE
04/11/2025,Sales,7490,Cash,Petpooja,11-2025,,,04/11/2025,Sales,4625,,Revenue,Income,0,,,,,,,,TRUE
04/11/2025,Sales,570,UPI,Petpooja,11-2025,,,,Sales,4626,,Revenue,Income,0,,,,,,,,TRUE
04/11/2025,Sales,710,Card,Petpooja,11-2025,,,,Sales,4627,,Revenue,Income,0,,,,,,,,TRUE
04/11/2025,Sales,18324,Wallet,Petpooja,11-2025,,,,Sales,4628,,Revenue,Income,0,,,,,,,,TRUE
04/11/2025,Sales,3551,Online Sale,Petpooja,11-2025,,,,Sales,4629,,Revenue,Income,0,,,,,,,,TRUE
04/11/2025,Grocery,550,Cash,Noodle,11-2025,Paid,Naseem,04/11/2025,Inventory,4630,,COGS - Grocery,Expense,0,,,,,,,,TRUE
04/11/2025,Bakery,1725,Cash,Pitabread,11-2025,Paid,Naseem,04/11/2025,Grocery,4631,,COGS - Grocery,Expense,0,,,,,,,,TRUE
05/11/2025,Dairy,1135,Bank,Adarsh Dairy,11-2025,Unpaid,,,Inventory,4632,,COGS - Dairy,Expense,0,,,,,,,,TRUE
05/11/2025,Chicken,6256,Bank,Golden Chicken,11-2025,Unpaid,,,Inventory,4633,,COGS - NonVeg,Expense,0,,,,,,,,TRUE
05/11/2025,Beverages,3060,Bank_Cash,Softdrink,11-2025,Paid,,,Grocery,4634,,COGS - Grocery,Expense,0,,,,,,,,TRUE
05/11/2025,Electricity,100,Bank_Cash,Hardwere,11-2025,Paid,Naseem,,Fixed Maintance,4635,,OpEx - Utilities,Expense,0,,,,,,,,TRUE
05/11/2025,Vegetables,200,Bank_Cash,laitter and papaya,11-2025,Paid,Naseem,,Inventory,4636,,COGS - Veg,Expense,0,,,,,,,,TRUE
05/11/2025,Kinners,10,Cash,Kinnar,11-2025,Paid,,,Maintance,4637,,OpEx - Misc,Expense,0,,,,,,,,TRUE
05/11/2025,Mutton,2100,Bank,Mutton and paya,11-2025,Paid,Shakil,05/11/2025,Inventory,4638,,COGS - NonVeg,Expense,0,,,,,,,,TRUE
05/11/2025,Grocery,800,Bank,Brishta,11-2025,Paid,Shakil,05/11/2025,Inventory,4639,,COGS - Grocery,Expense,0,,,,,,,,TRUE
05/11/2025,Plumbing Work,20,Bank_Cash,Hardwere,11-2025,Paid,Naseem,05/11/2025,Maintance,4640,,OpEx - Maintenance,Expense,0,,,,,,,,TRUE
05/11/2025,Beverages,540,Cash,Water bottle,11-2025,Paid,Naseem,,Grocery,4641,,COGS - Grocery,Expense,0,,,,,,,,TRUE
05/11/2025,Vegetables,469,Bank,Bhaironath,11-2025,Paid,Naseem,,Inventory,4642,,COGS - Veg,Expense,0,,,,,,,,TRUE
05/11/2025,Tea,30,Bank_Cash,tea,11-2025,Paid,Naseem,,Staff Expenses,4643,,OpEx - Labor,Expense,0,,,,,,,,TRUE
05/11/2025,Maintenance,1000,Cash,Chembar cliener,11-2025,Paid,Naseem,05/11/2025,Maintance,4644,,OpEx - Maintenance,Expense,0,,,,,,,,TRUE
05/11/2025,Advance,500,Bank,Manohar,11-2025,Paid,Shakil,05/11/2025,Salary,4645,,OpEx - Labor,Expense,0,,,,,,,,TRUE
05/11/2025,Sales,4975,Cash,Petpooja,11-2025,,,,Sales,4646,,Revenue,Income,0,,,,,,,,TRUE
05/11/2025,Sales,17139,Wallet,Petpooja,11-2025,,,,Sales,4647,,Revenue,Income,0,,,,,,,,TRUE
05/11/2025,Sales,215,UPI,Petpooja,11-2025,,,,Sales,4648,,Revenue,Income,0,,,,,,,,TRUE
05/11/2025,Sales,730,Zomato Pay,Petpooja,11-2025,,,,Sales,4649,,Revenue,Income,0,,,,,,,,TRUE
05/11/2025,Sales,2241,Online Sale,Petpooja,11-2025,,,,Sales,4650,,Revenue,Income,0,,,,,,,,TRUE
06/11/2025,Dairy,555,Bank,Adarsh Dairy,11-2025,Unpaid,,,Inventory,4651,,COGS - Dairy,Expense,0,,,,,,,,TRUE
06/11/2025,Chicken,5787,Bank,Golden Chicken,11-2025,Unpaid,,,Inventory,4652,,COGS - NonVeg,Expense,0,,,,,,,,TRUE
06/11/2025,Electricity,15,Cash,Laitter,11-2025,Paid,Naseem,06/11/2025,Fixed Maintance,4653,,OpEx - Utilities,Expense,0,,,,,,,,TRUE
06/11/2025,Kinners,15,Cash,Kinners,11-2025,Paid,Naseem,06/11/2025,Maintance,4654,,OpEx - Misc,Expense,0,,,,,,,,TRUE
06/11/2025,Advance,1250,Bank_Cash,Abid Salary,11-2025,Paid,Naseem,06/11/2025,Salary,4655,,OpEx - Labor,Expense,0,,,,,,,,TRUE
06/11/2025,Disposable,100,Bank_Cash,Toothpic,11-2025,Paid,Naseem,,Inventory,4656,,COGS - Packaging,Expense,0,,,,,,,,TRUE
06/11/2025,Maintenance,90,Bank_Cash,Hardwere,11-2025,Paid,Naseem,,Maintance,4657,,OpEx - Maintenance,Expense,0,,,,,,,,TRUE
06/11/2025,Vegetables,696,Bank,Bhaironath,11-2025,Unpaid,,,Inventory,4658,,COGS - Veg,Expense,0,,,,,,,,TRUE
06/11/2025,Vegetables,20,Cash,Mint,11-2025,Paid,Naseem,,Inventory,4659,,COGS - Veg,Expense,0,,,,,,,,TRUE
06/11/2025,Sales,5289,Cash,Petpooja,11-2025,,,,Sales,4660,,Revenue,Income,0,,,,,,,,TRUE
06/11/2025,Sales,21592,Wallet,Petpooja,11-2025,,,,Sales,4661,,Revenue,Income,0,,,,,,,,TRUE
06/11/2025,Sales,70,UPI,Petpooja,11-2025,,,,Sales,4662,,Revenue,Income,0,,,,,,,,TRUE
06/11/2025,Sales,1140,Online Sale,Petpooja,11-2025,,,,Sales,4663,,Revenue,Income,0,,,,,,,,TRUE
06/11/2025,Maintenance,100,Bank_Cash,BiKe repair,11-2025,Paid,Naseem,,Maintance,4664,,OpEx - Maintenance,Expense,0,,,,,,,,TRUE
07/11/2025,Dairy,940,Bank,Adarsh Dairy,11-2025,Unpaid,,,Inventory,4665,,COGS - Dairy,Expense,0,,,,,,,,TRUE
07/11/2025,Chicken,6410,Bank,Golden Chicken,11-2025,Unpaid,,,Inventory,4666,,COGS - NonVeg,Expense,0,,,,,,,,TRUE
07/11/2025,Charcoal,1800,Bank,gyaneswari,11-2025,Unpaid,,,Inventory,4667,,COGS - Fuel,Expense,0,,,,,,,,TRUE
07/11/2025,Kinners,10,Cash,kInnar,11-2025,Paid,Naseem,,Maintance,4668,,OpEx - Misc,Expense,0,,,,,,,,TRUE
07/11/2025,Vegetables,200,Cash,Tomato,11-2025,Paid,Naseem,07/11/2025,Inventory,4669,,COGS - Veg,Expense,0,,,,,,,,TRUE
07/11/2025,Vegetables,470,Bank_Cash,Onion,11-2025,Paid,Naseem,,Inventory,4670,,COGS - Veg,Expense,0,,,,,,,,TRUE
07/11/2025,Maintenance,170,Bank_Cash,Hardwere,11-2025,Paid,Naseem,,Maintance,4671,,OpEx - Maintenance,Expense,0,,,,,,,,TRUE
07/11/2025,Vegetables,6000,Bank_Cash,Bhaironath,11-2025,Paid,Naseem,07/11/2025,Inventory,4672,,COGS - Veg,Expense,0,,,,,,,,TRUE
07/11/2025,Grocery,8517,Bank,Balaji,11-2025,Unpaid,,,Inventory,4673,,COGS - Grocery,Expense,0,,,,,,,,TRUE
07/11/2025,Vegetables,829,Bank,Bhaironath,11-2025,Unpaid,,,Inventory,4674,,COGS - Veg,Expense,0,,,,,,,,TRUE
07/11/2025,Sales,1960,Cash,Petpooja,11-2025,,,,Sales,4675,,Revenue,Income,0,,,,,,,,TRUE
07/11/2025,Sales,34948,Wallet,Petpooja,11-2025,,,,Sales,4676,,Revenue,Income,0,,,,,,,,TRUE
07/11/2025,Sales,560,UPI,petpooja,11-2025,,,,Sales,4677,,Revenue,Income,0,,,,,,,,TRUE
07/11/2025,Sales,3225,Online Sale,petpooja,11-2025,,,,Sales,4678,,Revenue,Income,0,,,,,,,,TRUE
07/11/2025,Egg,390,Bank_Cash,Mulani,11-2025,Paid,,,Grocery,4679,,COGS - Grocery,Expense,0,,,,,,,,TRUE
07/11/2025,Sales,5860,Card,petpooja,11-2025,,,,Sales,4680,,Revenue,Income,0,,,,,,,,TRUE
07/11/2025,Maintenance,360,Bank_Cash,Maintence,11-2025,Paid,Naseem,,Maintance,4681,,OpEx - Maintenance,Expense,0,,,,,,,,TRUE
08/11/2025,Advance,500,Bank_Cash,Raju advance,11-2025,Paid,Naseem,08/11/2025,Salary,4682,,OpEx - Labor,Expense,0,,,,,,,,TRUE
08/11/2025,Dairy,680,Bank_Cash,Chap ,11-2025,Paid,Naseem,,Inventory,4683,,COGS - Dairy,Expense,0,,,,,,,,TRUE
08/11/2025,Mutton,1600,Bank,A1 mutton ,11-2025,Paid,Shakil,,Inventory,4684,,COGS - NonVeg,Expense,0,,,,,,,,TRUE
08/11/2025,Beverages,540,Cash,Water bottle,11-2025,Paid,Naseem,,Grocery,4685,,COGS - Grocery,Expense,0,,,,,,,,TRUE
08/11/2025,Chicken,7481,Bank,Golden Chicken,11-2025,Unpaid,,,Inventory,4686,,COGS - NonVeg,Expense,0,,,,,,,,TRUE
08/11/2025,Dairy,110,Cash,milk,11-2025,Paid,Naseem,,Inventory,4687,,COGS - Dairy,Expense,0,,,,,,,,TRUE
08/11/2025,Momos,210,Cash,Momos,11-2025,Paid,Naseem,,Inventory,4688,,COGS - Inventory,Expense,0,,,,,,,,TRUE
08/11/2025,Vegetables,739,Bank,Bhaironath,11-2025,Unpaid,,,Inventory,4689,,COGS - Veg,Expense,0,,,,,,,,TRUE
08/11/2025,Petrol,310,Bank_Cash,petrol,11-2025,Paid,Naseem,,Bike Maintance,4690,,OpEx - Maintenance,Expense,0,,,,,,,,TRUE
08/11/2025,Bakery,1125,Bank_Cash,Pitabread,11-2025,Paid,Naseem,,Grocery,4691,,COGS - Grocery,Expense,0,,,,,,,,TRUE
08/11/2025,Maintenance,500,Bank_Cash,tanki repair,11-2025,Paid,Naseem,,Maintance,4692,,OpEx - Maintenance,Expense,0,,,,,,,,TRUE
08/11/2025,Kinners,15,Cash,kinnar,11-2025,Paid,,,Maintance,4693,,OpEx - Misc,Expense,0,,,,,,,,TRUE
08/11/2025,Tea,30,Bank_Cash,tea,11-2025,Paid,,,Staff Expenses,4694,,OpEx - Labor,Expense,0,,,,,,,,TRUE
08/11/2025,Sales,3380,Cash,petpooja,11-2025,Paid,,,Sales,4695,,Revenue,Income,0,,,,,,,,TRUE
08/11/2025,Sales,18895,Wallet,petpooja,11-2025,,,,Sales,4696,,Revenue,Income,0,,,,,,,,TRUE
08/11/2025,Sales,1130,Due,petpooja,11-2025,,,,Sales,4697,,Revenue,Income,0,,,,,,,,TRUE
08/11/2025,Sales,3915,Card,petpooja,11-2025,,,,Sales,4698,,Revenue,Income,0,,,,,,,,TRUE
08/11/2025,Sales,2966,Online Sale,petpooja,11-2025,,,,Sales,4699,,Revenue,Income,0,,,,,,,,TRUE
09/11/2025,Dairy,3290,Bank,Adarsh Dairy,11-2025,Unpaid,,,Inventory,4700,,COGS - Dairy,Expense,0,,,,,,,,TRUE
09/11/2025,Vegetables,400,Cash,Onion,11-2025,Paid,,,Inventory,4701,,COGS - Veg,Expense,0,,,,,,,,TRUE
09/11/2025,Disposable,60,Cash,Cortun,11-2025,Paid,,,Inventory,4702,,COGS - Packaging,Expense,0,,,,,,,,TRUE
09/11/2025,Maintenance,80,Cash,Cheeler,11-2025,Paid,,,Maintance,4703,,OpEx - Maintenance,Expense,0,,,,,,,,TRUE
09/11/2025,Grocery,2640,Bank,Balaji,11-2025,Unpaid,,,Inventory,4704,,COGS - Grocery,Expense,0,,,,,,,,TRUE
09/11/2025,Kinners,20,Cash,Kinnar,11-2025,Paid,,,Maintance,4705,,OpEx - Misc,Expense,0,,,,,,,,TRUE
09/11/2025,Disposable,360,Cash,Spoon,11-2025,Paid,Naseem,,Inventory,4706,,COGS - Packaging,Expense,0,,,,,,,,TRUE
09/11/2025,Vegetables,2430,Bank_Cash,Mandi,11-2025,Paid,Naseem,,Inventory,4707,,COGS - Veg,Expense,0,,,,,,,,TRUE
09/11/2025,Vegetables,934,Bank,Bhaironath,11-2025,Unpaid,,,Inventory,4708,,COGS - Veg,Expense,0,,,,,,,,TRUE
09/11/2025,Sales,10912,Cash,petpooja,11-2025,,,,Sales,4709,,Revenue,Income,0,,,,,,,,TRUE
09/11/2025,Sales,35353,Wallet,petpooja,11-2025,,,,Sales,4710,,Revenue,Income,0,,,,,,,,TRUE
09/11/2025,Sales,100,UPI,petpooja,11-2025,,,,Sales,4711,,Revenue,Income,0,,,,,,,,TRUE
09/11/2025,Sales,1595,Zomato Pay,petpooja,11-2025,,,,Sales,4712,,Revenue,Income,0,,,,,,,,TRUE
09/11/2025,Sales,4265,Online Sale,petpooja,11-2025,,,,Sales,4713,,Revenue,Income,0,,,,,,,,TRUE
09/11/2025,Sales,1850,Card,petpooja,11-2025,,,,Sales,4714,,Revenue,Income,0,,,,,,,,TRUE
09/11/2025,Disposable,50,Cash,Rassi ,11-2025,Paid,,,Inventory,4715,,COGS - Packaging,Expense,0,,,,,,,,TRUE
09/11/2025,Chicken,5944,Bank,Golden Chicken,11-2025,Unpaid,,,Inventory,4716,,COGS - NonVeg,Expense,0,,,,,,,,TRUE
10/11/2025,Dairy,1570,Bank,Adarsh Dairy,11-2025,Unpaid,,,Inventory,4717,,COGS - Dairy,Expense,0,,,,,,,,TRUE
10/11/2025,Charcoal,1800,Bank,gyaneswari,11-2025,Unpaid,,,Inventory,4718,,COGS - Fuel,Expense,0,,,,,,,,TRUE
10/11/2025,Chicken,7373,Bank,Golden Chicken,11-2025,Unpaid,,,Inventory,4719,,COGS - NonVeg,Expense,0,,,,,,,,TRUE
10/11/2025,Kinners,10,Cash,Kinnar,11-2025,Paid,,,Maintance,4720,,OpEx - Misc,Expense,0,,,,,,,,TRUE
10/11/2025,Vegetables,20,Cash,Mint,11-2025,Paid,,,Inventory,4721,,COGS - Veg,Expense,0,,,,,,,,TRUE
10/11/2025,Advance,2000,Bank,Sameer,11-2025,Paid,Bank,10/11/2025,Salary,4722,,OpEx - Labor,Expense,0,,,,,,,,TRUE
10/11/2025,Vegetables,647,Bank,Bhaironath,11-2025,Unpaid,,,Inventory,4723,,COGS - Veg,Expense,0,,,,,,,,TRUE
10/11/2025,Sales,1010,Cash,Petpooja,11-2025,,,,Sales,4724,,Revenue,Income,0,,,,,,,,TRUE
10/11/2025,Sales,560,Card,Petpooja,11-2025,,,,Sales,4725,,Revenue,Income,0,,,,,,,,TRUE
10/11/2025,Sales,12236,Wallet,Petpooja,11-2025,,,,Sales,4726,,Revenue,Income,0,,,,,,,,TRUE
10/11/2025,Sales,1197,Online Sale,Petpooja,11-2025,,,,Sales,4727,,Revenue,Income,0,,,,,,,,TRUE
10/11/2025,Sales,10,UPI,Petpooja,11-2025,,,,Sales,4728,,Revenue,Income,0,,,,,,,,TRUE
10/11/2025,Stationary,40,Bank_Cash,Marker pen,11-2025,Paid,Naseem,,Inventory,4729,,COGS - Inventory,Expense,0,,,,,,,,TRUE
10/11/2025,tea,100,Bank_Cash,tea,11-2025,Paid,Naseem,,Staff Expenses,4730,,OpEx - Labor,Expense,0,,,,,,,,TRUE
11/11/2025,Mutton,1600,Bank_Cash,A1 mutton ,11-2025,Paid,Naseem,,Inventory,4731,,COGS - NonVeg,Expense,0,,,,,,,,TRUE
11/11/2025,Beverages,540,Bank_Cash,Water bottle,11-2025,Paid,Naseem,,Grocery,4732,,COGS - Grocery,Expense,0,,,,,,,,TRUE
11/11/2025,Dairy,575,Bank,Adarsh Dairy,11-2025,Unpaid,,,Inventory,4733,,COGS - Dairy,Expense,0,,,,,,,,TRUE
11/11/2025,Grocery,21150,Bank,Balaji,11-2025,,,,Inventory,4734,,COGS - Grocery,Expense,0,,,,,,,,TRUE
11/11/2025,Chicken,4074,Bank,Golden Chicken,11-2025,Unpaid,,,Inventory,4735,,COGS - NonVeg,Expense,0,,,,,,,,TRUE
11/11/2025,Maintenance,100,Bank_Cash,Khad ,11-2025,Paid,,,Maintance,4736,,OpEx - Maintenance,Expense,0,,,,,,,,TRUE
11/11/2025,Vegetables,664,Bank,Bhaironath,11-2025,Unpaid,,,Inventory,4737,,COGS - Veg,Expense,0,,,,,,,,TRUE
11/11/2025,Restaurant New Inventory,4100,Bank_Cash,Plate and spoon,11-2025,Paid,,,New Inventory,4738,,OpEx - CapEx,Expense,0,,,,,,,,TRUE
11/11/2025,Sales,4715,Cash,Petpooja,11-2025,,,,Sales,4739,,Revenue,Income,0,,,,,,,,TRUE
11/11/2025,Sales,420,UPI,Petpooja,11-2025,,,,Sales,4740,,Revenue,Income,0,,,,,,,,TRUE
11/11/2025,Sales,14157,Wallet,Petpooja,11-2025,,,,Sales,4741,,Revenue,Income,0,,,,,,,,TRUE
11/11/2025,Sales,360,Card,Petpooja,11-2025,,,,Sales,4742,,Revenue,Income,0,,,,,,,,TRUE
11/11/2025,Sales,2375,Online Sale,Petpooja,11-2025,,,,Sales,4743,,Revenue,Income,0,,,,,,,,TRUE
11/11/2025,Disposable,300,Bank_Cash,Cap staff,11-2025,Paid,,,Inventory,4744,,COGS - Packaging,Expense,0,,,,,,,,TRUE
11/11/2025,Disposable,6148,Bank,Anand disposle,11-2025,Unpaid,,,Inventory,4745,,COGS - Packaging,Expense,0,,,,,,,,TRUE
11/11/2025,Petrol,200,Bank_Cash,Petrol,11-2025,Paid,,,Bike Maintance,4746,,OpEx - Maintenance,Expense,0,,,,,,,,TRUE
11/11/2025,Tea,60,Bank_Cash,Tea,11-2025,Paid,,,Staff Expenses,4747,,OpEx - Labor,Expense,0,,,,,,,,TRUE
11/11/2025,Kinners,15,Cash,Kinners,11-2025,Paid,Naseem,11/11/2025,Maintance,4748,,OpEx - Misc,Expense,0,,,,,,,,TRUE
12/11/2025,Petrol,310,Bank_Cash,Petrol,11-2025,Paid,Naseem,,Bike Maintance,4749,,OpEx - Maintenance,Expense,0,,,,,,,,TRUE
12/11/2025,Dairy,340,Bank,Adarsh Dairy,11-2025,Unpaid,,,Inventory,4750,,COGS - Dairy,Expense,0,,,,,,,,TRUE
12/11/2025,Chicken,1720,Bank,Golden Chicken,11-2025,Unpaid,,,Inventory,4751,,COGS - NonVeg,Expense,0,,,,,,,,TRUE
12/11/2025,Beverages,575,Cash,Water bottle,11-2025,Paid,,,Grocery,4752,,COGS - Grocery,Expense,0,,,,,,,,TRUE
12/11/2025,Beverages,1630,Bank_Cash,Softdrink,11-2025,Paid,Naseem,12/11/2025,Grocery,4753,,COGS - Grocery,Expense,0,,,,,,,,TRUE
12/11/2025,Dairy,30,Cash,milk,11-2025,Paid,Naseem,,Inventory,4754,,COGS - Dairy,Expense,0,,,,,,,,TRUE
12/11/2025,Kinners,20,Cash,KInnar,11-2025,Paid,Naseem,,Maintance,4755,,OpEx - Misc,Expense,0,,,,,,,,TRUE
12/11/2025,Vegetables,20,Cash,Mint,11-2025,Paid,Naseem,,Inventory,4756,,COGS - Veg,Expense,0,,,,,,,,TRUE
12/11/2025,Vegetables,200,Bank_Cash,Tomatto,11-2025,Paid,Naseem,,Inventory,4757,,COGS - Veg,Expense,0,,,,,,,,TRUE
12/11/2025,Stationary,100,Bank_Cash,Newspaper,11-2025,Paid,Naseem,,Inventory,4758,,COGS - Inventory,Expense,0,,,,,,,,TRUE
12/11/2025,Vegetables,259,Bank,Bhaironath,11-2025,Unpaid,Naseem,,Inventory,4759,,COGS - Veg,Expense,0,,,,,,,,TRUE
12/11/2025,Advance,1000,Bank_Cash,Danish,11-2025,Paid,Naseem,,Salary,4760,,OpEx - Labor,Expense,0,,,,,,,,TRUE
12/11/2025,Egg,567,Cash,Mulani,11-2025,Paid,Naseem,,Grocery,4761,,COGS - Grocery,Expense,0,,,,,,,,TRUE
12/11/2025,Sales,2880,Cash,Petpooja,11-2025,,,,Sales,4762,,Revenue,Income,0,,,,,,,,TRUE
12/11/2025,Sales,19844,Wallet,Petpooja,11-2025,,,,Sales,4763,,Revenue,Income,0,,,,,,,,TRUE
12/11/2025,Sales,2148,Online Sale,Petpooja,11-2025,,,,Sales,4764,,Revenue,Income,0,,,,,,,,TRUE
12/11/2025,Tea,60,Bank_Cash,Tea,11-2025,Paid,Naseem,,Staff Expenses,4765,,OpEx - Labor,Expense,0,,,,,,,,TRUE
12/11/2025,Maintenance,350,Bank_Cash,Chakudhar,11-2025,Paid,Naseem,,Maintance,4766,,OpEx - Maintenance,Expense,0,,,,,,,,TRUE
13/11/2025,Dairy,803,Bank,Adarsh Dairy,11-2025,Unpaid,,,Inventory,4767,,COGS - Dairy,Expense,0,,,,,,,,TRUE
13/11/2025,Chicken,3747,Bank,Golden Chicken,11-2025,Unpaid,,,Inventory,4768,,COGS - NonVeg,Expense,0,,,,,,,,TRUE
13/11/2025,Mutton,500,Bank_Cash,Paya,11-2025,Paid,Naseem,,Inventory,4769,,COGS - NonVeg,Expense,0,,,,,,,,TRUE
13/11/2025,Grocery,750,Bank_Cash,Brishta,11-2025,Paid,Naseem,,Inventory,4770,,COGS - Grocery,Expense,0,,,,,,,,TRUE
13/11/2025,Vegetables,100,Bank_Cash,Papaya,11-2025,Paid,Naseem,,Inventory,4771,,COGS - Veg,Expense,0,,,,,,,,TRUE
13/11/2025,Maintenance,700,Bank_Cash,Autorent,11-2025,Paid,Naseem,,Maintance,4772,,OpEx - Maintenance,Expense,0,,,,,,,,TRUE
13/11/2025,Dairy,170,Bank_Cash,Coffee,11-2025,Paid,Naseem,,Inventory,4773,,COGS - Dairy,Expense,0,,,,,,,,TRUE
13/11/2025,Maintenance,160,Bank_Cash,Break fast ,11-2025,Paid,Naseem,,Maintance,4774,,OpEx - Maintenance,Expense,0,,,,,,,,TRUE
13/11/2025,Kinners,20,Cash,KInnar,11-2025,Paid,Naseem,,Maintance,4775,,OpEx - Misc,Expense,0,,,,,,,,TRUE
13/11/2025,Vegetables,577,Bank,Bhaironath,11-2025,Unpaid,,,Inventory,4776,,COGS - Veg,Expense,0,,,,,,,,TRUE
13/11/2025,Sales,3675,Cash,Petpooja,11-2025,,,,Sales,4777,,Revenue,Income,0,,,,,,,,TRUE
13/11/2025,Sales,130,Card,Petpooja,11-2025,,,,Sales,4778,,Revenue,Income,0,,,,,,,,TRUE
13/11/2025,Sales,15621,Wallet,Petpooja,11-2025,,,,Sales,4779,,Revenue,Income,0,,,,,,,,TRUE
13/11/2025,Sales,1424,Online Sale,Petpooja,11-2025,,,,Sales,4780,,Revenue,Income,0,,,,,,,,TRUE
13/11/2025,Advance,1000,Bank_Cash,Manohar,11-2025,Paid,Naseem,13/11/2025,Salary,4781,,OpEx - Labor,Expense,0,,,,,,,,TRUE
13/11/2025,Sales,20,UPI,Petpooja,11-2025,,,,Sales,4782,,Revenue,Income,0,,,,,,,,TRUE
13/11/2025,Sales,882,Zomato Pay,Petpooja,11-2025,,,,Sales,4783,,Revenue,Income,0,,,,,,,,TRUE
13/11/2025,Kinners,5,Cash,Kinnar,11-2025,,,,Maintance,4784,,OpEx - Misc,Expense,0,,,,,,,,TRUE
13/11/2025,Momos,210,Cash,Momos ,11-2025,Paid,Naseem,,Inventory,4785,,COGS - Inventory,Expense,0,,,,,,,,TRUE
13/11/2025,Petrol,2300,Cash,Petrol shakil sir,11-2025,Paid,Naseem,,Bike Maintance,4786,,OpEx - Maintenance,Expense,0,,,,,,,,TRUE
14/11/2025,Dairy,1070,Bank,Adarsh Dairy,11-2025,Unpaid,,,Inventory,4787,,COGS - Dairy,Expense,0,,,,,,,,TRUE
14/11/2025,Kinners,20,Cash,KInnar,11-2025,Paid,,,Maintance,4788,,OpEx - Misc,Expense,0,,,,,,,,TRUE
14/11/2025,Chicken,3891,Bank,Golden Chicken,11-2025,Unpaid,,,Inventory,4789,,COGS - NonVeg,Expense,0,,,,,,,,TRUE
14/11/2025,Vegetables,20,Cash,MInt,11-2025,,,,Inventory,4790,,COGS - Veg,Expense,0,,,,,,,,TRUE
14/11/2025,Dairy,765,Bank,Chap ,11-2025,Paid,Naseem,,Inventory,4791,,COGS - Dairy,Expense,0,,,,,,,,TRUE
14/11/2025,Maintenance,600,Bank,Gass repair,11-2025,Paid,Naseem,,Maintance,4792,,OpEx - Maintenance,Expense,0,,,,,,,,TRUE
14/11/2025,Egg,400,Bank,Mulani,11-2025,Paid,Naseem,,Grocery,4793,,COGS - Grocery,Expense,0,,,,,,,,TRUE
14/11/2025,Maintenance,180,Bank_Cash,Barnal repair,11-2025,Paid,Naseem,,Maintance,4794,,OpEx - Maintenance,Expense,0,,,,,,,,TRUE
14/11/2025,Vegetables,486,Bank,Bhaironath,11-2025,Unpaid,,,Inventory,4795,,COGS - Veg,Expense,0,,,,,,,,TRUE
14/11/2025,Sales,2765,Cash,Petpooja,11-2025,,,,Sales,4796,,Revenue,Income,0,,,,,,,,TRUE
14/11/2025,Sales,12010,Card,Petpooja,11-2025,,,,Sales,4797,,Revenue,Income,0,,,,,,,,TRUE
14/11/2025,Sales,1675,UPI,Petpooja,11-2025,,,,Sales,4798,,Revenue,Income,0,,,,,,,,TRUE
14/11/2025,Sales,14868,Wallet,Petpooja,11-2025,,,,Sales,4799,,Revenue,Income,0,,,,,,,,TRUE
14/11/2025,Sales,2173,Online Sale,Petpooja,11-2025,,,,Sales,4800,,Revenue,Income,0,,,,,,,,TRUE
14/11/2025,Kinners,5,Cash,KInnar,11-2025,,,,Maintance,4801,,OpEx - Misc,Expense,0,,,,,,,,TRUE
14/11/2025,Disposable,700,Bank_Cash,Continor,11-2025,Paid,Naseem,,Inventory,4802,,COGS - Packaging,Expense,0,,,,,,,,TRUE
14/11/2025,Tea,80,Bank_Cash,TEA,11-2025,Paid,,,Staff Expenses,4803,,OpEx - Labor,Expense,0,,,,,,,,TRUE
14/11/2025,tea,80,Bank_Cash,dosa,11-2025,Paid,,,Staff Expenses,4804,,OpEx - Labor,Expense,0,,,,,,,,TRUE
15/11/2025,Chicken,3750,Bank,Golden Chicken,11-2025,Unpaid,Naseem,,Inventory,4805,,COGS - NonVeg,Expense,0,,,,,,,,TRUE
15/11/2025,Dairy,1475,Bank,Adarsh Dairy,11-2025,Unpaid,,,Inventory,4806,,COGS - Dairy,Expense,0,,,,,,,,TRUE
15/11/2025,Egg,387,Cash,mulani ,11-2025,Paid,Naseem,15/11/2025,Grocery,4807,,COGS - Grocery,Expense,0,,,,,,,,TRUE
15/11/2025,Bakery,1155,Cash,Pitabread,11-2025,Paid,Naseem,15/11/2025,Grocery,4808,,COGS - Grocery,Expense,0,,,,,,,,TRUE
15/11/2025,Vegetables,814,Bank,Bhaironath,11-2025,Unpaid,,,Inventory,4809,,COGS - Veg,Expense,0,,,,,,,,TRUE
15/11/2025,Kinners,20,Cash,kinnar,11-2025,Paid,,,Maintance,4810,,OpEx - Misc,Expense,0,,,,,,,,TRUE
15/11/2025,Maintenance,60,Bank_Cash,Mennue,11-2025,Paid,Naseem,,Maintance,4811,,OpEx - Maintenance,Expense,0,,,,,,,,TRUE
15/11/2025,Dairy,30,Bank_Cash,Milk,11-2025,Paid,Naseem,,Inventory,4812,,COGS - Dairy,Expense,0,,,,,,,,TRUE
15/11/2025,Sales,3214,Cash,Petpooja,11-2025,,,,Sales,4813,,Revenue,Income,0,,,,,,,,TRUE
15/11/2025,Sales,2725,Card,Petpooja,11-2025,,,,Sales,4814,,Revenue,Income,0,,,,,,,,TRUE
15/11/2025,Sales,25966,Wallet,Petpooja,11-2025,,,,Sales,4815,,Revenue,Income,0,,,,,,,,TRUE
15/11/2025,Sales,1800,UPI,Petpooja,11-2025,,,,Sales,4816,,Revenue,Income,0,,,,,,,,TRUE
15/11/2025,Sales,442,Zomato Pay,Petpooja,11-2025,,,,Sales,4817,,Revenue,Income,0,,,,,,,,TRUE
15/11/2025,Sales,1455,Online Sale,Petpooja,11-2025,Paid,Sameer,,Sales,4818,,Revenue,Income,0,,,,,,,,TRUE
16/11/2025,Beverages,540,Cash,Water bottle,11-2025,Unpaid,Naseem,,Grocery,4819,,COGS - Grocery,Expense,0,,,,,,,,TRUE
16/11/2025,Chicken,4695,Bank,Golden Chicken,11-2025,Unpaid,,,Inventory,4820,,COGS - NonVeg,Expense,0,,,,,,,,TRUE
16/11/2025,Mutton,1600,Bank_Cash,A1mutton,11-2025,Paid,Naseem,,Inventory,4821,,COGS - NonVeg,Expense,0,,,,,,,,TRUE
16/11/2025,Dairy,30,Bank_Cash,Milk,11-2025,Paid,Naseem,,Inventory,4822,,COGS - Dairy,Expense,0,,,,,,,,TRUE
16/11/2025,Grocery,646,Bank_Cash,Balaji,11-2025,Paid,Naseem,,Inventory,4823,,COGS - Grocery,Expense,0,,,,,,,,TRUE
16/11/2025,Chicken,2490,Bank_Cash,Chicken ,11-2025,Paid,Naseem,,Inventory,4824,,COGS - NonVeg,Expense,0,,,,,,,,TRUE
16/11/2025,Vegetables,25,Cash,Mint,11-2025,Paid,Naseem,,Inventory,4825,,COGS - Veg,Expense,0,,,,,,,,TRUE
16/11/2025,Kinners,30,Cash,kinnar,11-2025,Paid,Naseem,,Maintance,4826,,OpEx - Misc,Expense,0,,,,,,,,TRUE
16/11/2025,Tea,30,Bank_Cash,Tea,11-2025,Paid,Naseem,,Staff Expenses,4827,,OpEx - Labor,Expense,0,,,,,,,,TRUE
16/11/2025,Maintenance,400,Cash,Gadi,11-2025,Paid,Naseem,,Maintance,4828,,OpEx - Maintenance,Expense,0,,,,,,,,TRUE
16/11/2025,Momos,210,Cash,Momos,11-2025,Paid,Naseem,,Inventory,4829,,COGS - Inventory,Expense,0,,,,,,,,TRUE
16/11/2025,Vegetables,778,Bank,Bhaironath,11-2025,Unpaid,,,Inventory,4830,,COGS - Veg,Expense,0,,,,,,,,TRUE
16/11/2025,Sales,4490,Cash,Petpooja,11-2025,,,,Sales,4831,,Revenue,Income,0,,,,,,,,TRUE
16/11/2025,Sales,22459,Wallet,Petpooja,11-2025,,,,Sales,4832,,Revenue,Income,0,,,,,,,,TRUE
16/11/2025,Sales,1653,UPI,Petpooja,11-2025,,,,Sales,4833,,Revenue,Income,0,,,,,,,,TRUE
16/11/2025,Sales,504,Zomato Pay,Petpooja,11-2025,,,,Sales,4834,,Revenue,Income,0,,,,,,,,TRUE
16/11/2025,Sales,2969,Online Sale,Petpooja,11-2025,,,,Sales,4835,,Revenue,Income,0,,,,,,,,TRUE
17/11/2025,Advance,1000,Bank_Cash,Manohar,11-2025,Paid,Naseem,17/11/2025,Salary,4836,,OpEx - Labor,Expense,0,,,,,,,,TRUE
17/11/2025,Charcoal,1800,Bank,gyaneswari,11-2025,Unpaid,,,Inventory,4837,,COGS - Fuel,Expense,0,,,,,,,,TRUE
17/11/2025,Grocery,440,Bank_Cash,Noodle,11-2025,Paid,Naseem,,Inventory,4838,,COGS - Grocery,Expense,0,,,,,,,,TRUE
17/11/2025,Chicken,4422,Bank,Golden Chicken,11-2025,Unpaid,,,Inventory,4839,,COGS - NonVeg,Expense,0,,,,,,,,TRUE
17/11/2025,Dairy,993,Bank,Adarsh Dairy,11-2025,Unpaid,,,Inventory,4840,,COGS - Dairy,Expense,0,,,,,,,,TRUE
17/11/2025,Kinners,40,Cash,KInnar,11-2025,Paid,,,Maintance,4841,,OpEx - Misc,Expense,0,,,,,,,,TRUE
17/11/2025,Petrol,310,Bank_Cash,Petrol,11-2025,Paid,,,Bike Maintance,4842,,OpEx - Maintenance,Expense,0,,,,,,,,TRUE
17/11/2025,Tea,40,Bank_Cash,tea,11-2025,Paid,,,Staff Expenses,4843,,OpEx - Labor,Expense,0,,,,,,,,TRUE
17/11/2025,Grocery,9411,Bank,Balaji,11-2025,Unpaid,,,Inventory,4844,,COGS - Grocery,Expense,0,,,,,,,,TRUE
17/11/2025,Stationary,55,Bank_Cash,Book,11-2025,Paid,,,Inventory,4845,,COGS - Inventory,Expense,0,,,,,,,,TRUE
17/11/2025,Vegetables,2230,Bank,Bhaironath,11-2025,Unpaid,,,Inventory,4846,,COGS - Veg,Expense,0,,,,,,,,TRUE
17/11/2025,Fish,1287,Bank_Cash,Fish,11-2025,Paid,Naseem,,Staff Expenses,4847,,COGS - NonVeg,Expense,0,,,,,,,,TRUE
17/11/2025,Sales,1660,Cash,Petpooja,11-2025,,,,Sales,4848,,Revenue,Income,0,,,,,,,,TRUE
17/11/2025,Sales,720,Card,Petpooja,11-2025,,,,Sales,4849,,Revenue,Income,0,,,,,,,,TRUE
17/11/2025,Sales,30,UPI,Petpooja,11-2025,,,,Sales,4850,,Revenue,Income,0,,,,,,,,TRUE
17/11/2025,Sales,14528,Wallet,Petpooja,11-2025,,,,Sales,4851,,Revenue,Income,0,,,,,,,,TRUE
17/11/2025,Sales,676,Online Sale,Petpooja,11-2025,,,,Sales,4852,,Revenue,Income,0,,,,,,,,TRUE
17/11/2025,Dairy,30,Bank_Cash,Milk,11-2025,Unpaid,Shakil,,Inventory,4853,,COGS - Dairy,Expense,0,,,,,,,,TRUE
17/11/2025,Maintenance,150,Cash,Ancle Naasta,11-2025,Paid,Naseem,,Maintance,4854,,OpEx - Maintenance,Expense,0,,,,,,,,TRUE
17/11/2025,Vegetables,80,Bank_Cash,Papaya,11-2025,Paid,Shakil,,Inventory,4855,,COGS - Veg,Expense,0,,,,,,,,TRUE
18/11/2025,Chicken,2482,Bank,Golden Chicken,11-2025,Unpaid,,,Inventory,4856,,COGS - NonVeg,Expense,0,,,,,,,,TRUE
18/11/2025,Dairy,573,Bank,Adarsh Dairy,11-2025,Unpaid,,,Inventory,4857,,COGS - Dairy,Expense,0,,,,,,,,TRUE
18/11/2025,Mutton,1850,Bank,A1mutton,11-2025,Paid,Naseem,18/11/2025,Inventory,4858,,COGS - NonVeg,Expense,0,,,,,,,,TRUE
18/11/2025,Grocery,750,Bank_Cash,Brishta,11-2025,Paid,Naseem,,Inventory,4859,,COGS - Grocery,Expense,0,,,,,,,,TRUE
18/11/2025,Beverages,1200,Cash,Water bottle,11-2025,Paid,Naseem,,Grocery,4860,,COGS - Grocery,Expense,0,,,,,,,,TRUE
18/11/2025,Kinners,20,Cash,kInnar,11-2025,Paid,Naseem,,Maintance,4861,,OpEx - Misc,Expense,0,,,,,,,,TRUE
18/11/2025,Advance,100,Cash,Dinesh,11-2025,Paid,Naseem,18/11/2025,Salary,4862,,OpEx - Labor,Expense,0,,,,,,,,TRUE
18/11/2025,Vegetables,20,Cash,Mint,11-2025,Paid,Naseem,,Inventory,4863,,COGS - Veg,Expense,0,,,,,,,,TRUE
18/11/2025,Vegetables,400,Bank,Bhaironath,11-2025,Unpaid,,,Inventory,4864,,COGS - Veg,Expense,0,,,,,,,,TRUE
18/11/2025,Sales,2128,Cash,Petpooja,11-2025,,,,Sales,4865,,Revenue,Income,0,,,,,,,,TRUE
18/11/2025,Sales,15003,Wallet,Petpooja,11-2025,,,,Sales,4866,,Revenue,Income,0,,,,,,,,TRUE
18/11/2025,Sales,530,Due,petpooja,11-2025,,,,Sales,4867,,Revenue,Income,0,,,,,,,,TRUE
18/11/2025,Sales,3392,Online Sale,Petpooja,11-2025,,,,Sales,4868,,Revenue,Income,0,,,,,,,,TRUE
18/11/2025,Sales,210,Card,petpooja,11-2025,,,,Sales,4869,,Revenue,Income,0,,,,,,,,TRUE
18/11/2025,Dairy,30,Bank_Cash,Tea,11-2025,Paid,,,Inventory,4870,,COGS - Dairy,Expense,0,,,,,,,,TRUE
18/11/2025,Dairy,30,Bank_Cash,Milk,11-2025,Paid,,,Inventory,4871,,COGS - Dairy,Expense,0,,,,,,,,TRUE
19/11/2025,Chicken,5008,Bank,Golden Chicken,11-2025,Unpaid,,,Inventory,4872,,COGS - NonVeg,Expense,0,,,,,,,,TRUE
19/11/2025,Dairy,1015,Bank,Adarsh Dairy,11-2025,Unpaid,,,Inventory,4873,,COGS - Dairy,Expense,0,,,,,,,,TRUE
19/11/2025,Vegetables,370,Bank_Cash,Onion,11-2025,Paid,,,Inventory,4874,,COGS - Veg,Expense,0,,,,,,,,TRUE
19/11/2025,Maintenance,50,Bank_Cash,Mesurement tap,11-2025,Paid,,,Maintance,4875,,OpEx - Maintenance,Expense,0,,,,,,,,TRUE
19/11/2025,Grocery,15850,Bank,Balaji,11-2025,Unpaid,,,Inventory,4876,,COGS - Grocery,Expense,0,,,,,,,,TRUE
19/11/2025,Grocery,280,Bank_Cash,Sirup,11-2025,Paid,,,Inventory,4877,,COGS - Grocery,Expense,0,,,,,,,,TRUE
19/11/2025,Egg,426,Bank_Cash,Mulani,11-2025,Paid,Naseem,,Grocery,4878,,COGS - Grocery,Expense,0,,,,,,,,TRUE
19/11/2025,Vegetables,495,Bank,Bhaironath,11-2025,Unpaid,Naseem,,Inventory,4879,,COGS - Veg,Expense,0,,,,,,,,TRUE
19/11/2025,Kinners,30,Cash,Kinnar,11-2025,Paid,Naseem,,Maintance,4880,,OpEx - Misc,Expense,0,,,,,,,,TRUE
19/11/2025,Grocery,120,Bank_Cash,Paobhaji,11-2025,Paid,Naseem,,Inventory,4881,,COGS - Grocery,Expense,0,,,,,,,,TRUE
19/11/2025,Dairy,90,Bank_Cash,Milk,11-2025,Paid,Naseem,,Inventory,4882,,COGS - Dairy,Expense,0,,,,,,,,TRUE
19/11/2025,Sales,3679,Cash,Petpooja,11-2025,,,,Sales,4883,,Revenue,Income,0,,,,,,,,TRUE
19/11/2025,Sales,2087,UPI,Petpooja,11-2025,,,,Sales,4884,,Revenue,Income,0,,,,,,,,TRUE
19/11/2025,Sales,3818,Online Sale,petpooja,11-2025,,,,Sales,4885,,Revenue,Income,0,,,,,,,,TRUE
19/11/2025,Sales,21141,Wallet,petpooja,11-2025,,,,Sales,4886,,Revenue,Income,0,,,,,,,,TRUE
19/11/2025,Sales,1010,Zomato Pay,petpooja,11-2025,,,,Sales,4887,,Revenue,Income,0,,,,,,,,TRUE
19/11/2025,Grocery,100,Bank_Cash,Nashta,11-2025,Paid,,,Inventory,4888,,COGS - Grocery,Expense,0,,,,,,,,TRUE
19/11/2025,Maintenance,1600,Bank,Singdi stand ,11-2025,Paid,Shakil,,Maintance,4889,,OpEx - Maintenance,Expense,0,,,,,,,,TRUE
20/11/2025,Chicken,5089,Bank,Golden Chicken,11-2025,Unpaid,,,Inventory,4890,,COGS - NonVeg,Expense,0,,,,,,,,TRUE
20/11/2025,Tea,70,Bank_Cash,Tea,11-2025,Paid,Naseem,,Staff Expenses,4891,,OpEx - Labor,Expense,0,,,,,,,,TRUE
20/11/2025,Dairy,300,Bank_Cash,Break fast  and lunch,11-2025,Paid,Naseem,,Inventory,4892,,COGS - Dairy,Expense,0,,,,,,,,TRUE
20/11/2025,Dairy,40,Cash,Ancle Naasta,11-2025,Paid,,,Inventory,4893,,COGS - Dairy,Expense,0,,,,,,,,TRUE
20/11/2025,Garbage Vehicle,700,Cash,Rockde ,11-2025,Paid,Naseem,20/11/2025,Fixed Maintance,4894,,OpEx - Maintenance,Expense,0,,,,,,,,TRUE
20/11/2025,Tea,50,Cash,Coffee ancle,11-2025,Paid,Naseem,,Staff Expenses,4895,,OpEx - Labor,Expense,0,,,,,,,,TRUE
20/11/2025,Medical,255,Cash,Ancle medicine,11-2025,Paid,Naseem,,Staff Expenses,4896,,OpEx - Labor,Expense,0,,,,,,,,TRUE
20/11/2025,Cash Return to Cx,630,Cash,Return customer,11-2025,Paid,Naseem,,Excess Amount Return,4897,,Excess Amount Return,Expense,0,,,,,,,,TRUE
20/11/2025,Vegetables,659,Bank,Bhaironath,11-2025,Unpaid,,,Inventory,4898,,COGS - Veg,Expense,0,,,,,,,,TRUE
20/11/2025,Kinners,20,Cash,Kinnar,11-2025,Paid,,,Maintance,4899,,OpEx - Misc,Expense,0,,,,,,,,TRUE
20/11/2025,Sales,2745,Cash,petpooja,11-2025,,,,Sales,4900,,Revenue,Income,0,,,,,,,,TRUE
20/11/2025,Sales,17842,Wallet,petpooja,11-2025,,,,Sales,4901,,Revenue,Income,0,,,,,,,,TRUE
20/11/2025,Sales,865,UPI,petpooja,11-2025,,,,Sales,4902,,Revenue,Income,0,,,,,,,,TRUE
20/11/2025,Sales,414,Online Sale,petpooja,11-2025,,,,Sales,4903,,Revenue,Income,0,,,,,,,,TRUE
20/11/2025,Bakery,625,Cash,Pitabread,11-2025,Paid,Naseem,20/11/2025,Grocery,4904,,COGS - Grocery,Expense,0,,,,,,,,TRUE
20/11/2025,Sales,414,Online Sale,petpooja,11-2025,,,,Sales,4905,,Revenue,Income,0,,,,,,,,TRUE
21/11/2025,Dairy,923,Bank,Adarsh Dairy,11-2025,Unpaid,,,Inventory,4906,,COGS - Dairy,Expense,0,,,,,,,,TRUE
21/11/2025,Maintenance,250,Bank_Cash,Internet ,11-2025,Paid,Naseem,,Maintance,4907,,OpEx - Maintenance,Expense,0,,,,,,,,TRUE
21/11/2025,Chicken,7300,Bank,Golden Chicken,11-2025,Unpaid,,,Inventory,4908,,COGS - NonVeg,Expense,0,,,,,,,,TRUE
21/11/2025,Tea,30,Bank_Cash,tea,11-2025,Paid,,,Staff Expenses,4909,,OpEx - Labor,Expense,0,,,,,,,,TRUE
21/11/2025,Bakery,250,Cash,Pitabread,11-2025,Paid,,,Grocery,4910,,COGS - Grocery,Expense,0,,,,,,,,TRUE
21/11/2025,Vegetables,709,Bank,Bhaironath,11-2025,Unpaid,,,Inventory,4911,,COGS - Veg,Expense,0,,,,,,,,TRUE
21/11/2025,Mutton,250,Bank_Cash,Paya,11-2025,Paid,Naseem,,Inventory,4912,,COGS - NonVeg,Expense,0,,,,,,,,TRUE
21/11/2025,Dairy,550,Bank_Cash,Chap ,11-2025,Paid,Naseem,,Inventory,4913,,COGS - Dairy,Expense,0,,,,,,,,TRUE
21/11/2025,Petrol,310,Bank_Cash,Petrol,11-2025,Paid,,,Bike Maintance,4914,,OpEx - Maintenance,Expense,0,,,,,,,,TRUE
21/11/2025,Maintenance,200,Bank_Cash,Bike naintence,11-2025,Paid,Naseem,,Maintance,4915,,OpEx - Maintenance,Expense,0,,,,,,,,TRUE
21/11/2025,Dairy,30,Bank_Cash,Milk,11-2025,Paid,,,Inventory,4916,,COGS - Dairy,Expense,0,,,,,,,,TRUE
21/11/2025,Medical,100,Bank_Cash,Ancle lunch,11-2025,Paid,,,Staff Expenses,4917,,OpEx - Labor,Expense,0,,,,,,,,TRUE
21/11/2025,Kinners,30,Cash,KInnar,11-2025,Paid,,,Maintance,4918,,OpEx - Misc,Expense,0,,,,,,,,TRUE
21/11/2025,Sales,5385,Cash,petpooja,11-2025,,,,Sales,4919,,Revenue,Income,0,,,,,,,,TRUE
21/11/2025,Sales,22764,Wallet,petpooja,11-2025,,,,Sales,4920,,Revenue,Income,0,,,,,,,,TRUE
21/11/2025,Sales,1115,UPI,petpooja,11-2025,,,,Sales,4921,,Revenue,Income,0,,,,,,,,TRUE
21/11/2025,Sales,1786,Online Sale,petpooja,11-2025,,,,Sales,4922,,Revenue,Income,0,,,,,,,,TRUE
21/11/2025,Sales,391,Zomato Pay,petpooja,11-2025,,,,Sales,4923,,Revenue,Income,0,,,,,,,,TRUE
22/11/2025,Dairy,768,Bank,Adarsh Dairy,11-2025,Unpaid,,,Inventory,4924,,COGS - Dairy,Expense,0,,,,,,,,TRUE
22/11/2025,Charcoal,180,Bank,gyaneswari,11-2025,Paid,,,Inventory,4925,,COGS - Fuel,Expense,0,,,,,,,,TRUE
22/11/2025,Dairy,350,Bank_Cash,Paratha,11-2025,Paid,,,Inventory,4926,,COGS - Dairy,Expense,0,,,,,,,,TRUE
22/11/2025,Mutton,1850,Bank_Cash,Mutton,11-2025,Paid,,,Inventory,4927,,COGS - NonVeg,Expense,0,,,,,,,,TRUE
22/11/2025,Grocery,460,Bank_Cash,Balaji,11-2025,Paid,,,Inventory,4928,,COGS - Grocery,Expense,0,,,,,,,,TRUE
22/11/2025,Chicken,3022,Bank,Golden Chicken,11-2025,Unpaid,,,Inventory,4929,,COGS - NonVeg,Expense,0,,,,,,,,TRUE
22/11/2025,Dairy,30,Bank_Cash,MIlk,11-2025,Paid,,,Inventory,4930,,COGS - Dairy,Expense,0,,,,,,,,TRUE
22/11/2025,Beverages,2242,Bank_Cash,Softdrink,11-2025,Paid,Naseem,,Grocery,4931,,COGS - Grocery,Expense,0,,,,,,,,TRUE
22/11/2025,Beverages,1200,Cash,Water bottle,11-2025,Paid,,,Grocery,4932,,COGS - Grocery,Expense,0,,,,,,,,TRUE
22/11/2025,Kinners,28,Cash,KInnar,11-2025,Paid,,,Maintance,4933,,OpEx - Misc,Expense,0,,,,,,,,TRUE
22/11/2025,Tea,30,Bank_Cash,Tea,11-2025,Paid,,,Staff Expenses,4934,,OpEx - Labor,Expense,0,,,,,,,,TRUE
22/11/2025,Vegetables,508,Bank,Bhaironath,11-2025,Unpaid,,,Inventory,4935,,COGS - Veg,Expense,0,,,,,,,,TRUE
22/11/2025,Sales,10140,Cash,petpooja,11-2025,,,,Sales,4936,,Revenue,Income,0,,,,,,,,TRUE
22/11/2025,Sales,1310,UPI,petpooja,11-2025,,,,Sales,4937,,Revenue,Income,0,,,,,,,,TRUE
22/11/2025,Sales,710,Card,petpooja,11-2025,,,,Sales,4938,,Revenue,Income,0,,,,,,,,TRUE
22/11/2025,Sales,2307,Online Sale,petpooja,11-2025,,,,Sales,4939,,Revenue,Income,0,,,,,,,,TRUE
22/11/2025,Sales,31562,Wallet,petpooja,11-2025,,,,Sales,4940,,Revenue,Income,0,,,,,,,,TRUE
22/11/2025,Sales,300,Due,petpooja,11-2025,,,,Sales,4941,,Revenue,Income,0,,,,,,,,TRUE
23/11/2025,Dairy,1678,Bank,Adarsh Dairy,11-2025,Unpaid,,,Inventory,4942,,COGS - Dairy,Expense,0,,,,,,,,TRUE
23/11/2025,Chicken,5625,Bank,Golden Chicken,11-2025,Unpaid,,,Inventory,4943,,COGS - NonVeg,Expense,0,,,,,,,,TRUE
23/11/2025,Stationary,250,Bank_Cash,Newspaper,11-2025,Paid,,,Inventory,4944,,COGS - Inventory,Expense,0,,,,,,,,TRUE
23/11/2025,Vegetables,7000,Bank_Cash,Bhaironath,11-2025,Paid,Naseem,23/11/2025,Inventory,4945,,COGS - Veg,Expense,0,,,,,,,,TRUE
23/11/2025,Dairy,30,Bank_Cash,milk,11-2025,Paid,Naseem,,Inventory,4946,,COGS - Dairy,Expense,0,,,,,,,,TRUE
23/11/2025,Tea,100,Bank_Cash,Ancle nasta,11-2025,Paid,Naseem,,Staff Expenses,4947,,OpEx - Labor,Expense,0,,,,,,,,TRUE
23/11/2025,Kinners,30,Bank_Cash,KInnar,11-2025,Paid,,,Maintance,4948,,OpEx - Misc,Expense,0,,,,,,,,TRUE
23/11/2025,Charcoal,600,Bank_Cash,gyaneswari,11-2025,Paid,Naseem,23/11/0205,Inventory,4949,,COGS - Fuel,Expense,0,,,,,,,,TRUE
23/11/2025,Disposable,330,Bank_Cash,mops,11-2025,Paid,Naseem,,Inventory,4950,,COGS - Packaging,Expense,0,,,,,,,,TRUE
23/11/2025,Maintenance,30,Bank_Cash,Hardwere,11-2025,Paid,Naseem,,Maintance,4951,,OpEx - Maintenance,Expense,0,,,,,,,,TRUE
23/11/2025,Maintenance,110,Bank_Cash,Hardwere,11-2025,Paid,Naseem,,Maintance,4952,,OpEx - Maintenance,Expense,0,,,,,,,,TRUE
23/11/2025,Egg,440,Bank_Cash,mulani,11-2025,Paid,Naseem,,Grocery,4953,,COGS - Grocery,Expense,0,,,,,,,,TRUE
23/11/2025,Momos,210,Bank_Cash,Momos,11-2025,Paid,Naseem,,Inventory,4954,,COGS - Inventory,Expense,0,,,,,,,,TRUE
23/11/2025,Dairy,250,Bank_Cash,frenchfries,11-2025,Paid,Naseem,,Inventory,4955,,COGS - Dairy,Expense,0,,,,,,,,TRUE
23/11/2025,Vegetables,727,Bank,Bhaironath,11-2025,Unpaid,,,Inventory,4956,,COGS - Veg,Expense,0,,,,,,,,TRUE
23/11/2025,Sales,4690,Cash,petpooja,11-2025,,,,Sales,4957,,Revenue,Income,0,,,,,,,,TRUE
23/11/2025,Sales,29572,Wallet,petpooja,11-2025,,,,Sales,4958,,Revenue,Income,0,,,,,,,,TRUE
23/11/2025,Sales,1334,UPI,petpooja,11-2025,,,,Sales,4959,,Revenue,Income,0,,,,,,,,TRUE
23/11/2025,Sales,3187,Online Sale,petpooja,11-2025,,,,Sales,4960,,Revenue,Income,0,,,,,,,,TRUE
23/11/2025,Sales,2160,Card,petpooja,11-2025,,,,Sales,4961,,Revenue,Income,0,,,,,,,,TRUE
23/11/2025,Advance,1000,Cash,Vijay,11-2025,Paid,Naseem,23/11/2025,Salary,4962,,OpEx - Labor,Expense,0,,,,,,,,TRUE
23/11/2025,Tea,30,Bank_Cash,Tea,11-2025,Paid,,,Staff Expenses,4963,,OpEx - Labor,Expense,0,,,,,,,,TRUE
23/11/2025,Advance,1000,Cash,Danish,11-2025,Paid,Naseem,23/11/2025,,4964,,OpEx - Labor,Expense,0,,,,,,,,TRUE
24/11/2025,Grocery,452,Bank_Cash,Balaji,11-2025,Paid,Naseem,,Inventory,4965,,COGS - Grocery,Expense,0,,,,,,,,TRUE
24/11/2025,Grocery,95,Bank_Cash,Balaji,11-2025,Paid,Naseem,,Inventory,4966,,COGS - Grocery,Expense,0,,,,,,,,TRUE
24/11/2025,Charcoal,1800,Bank,gyaneswari,11-2025,Unpaid,,,Inventory,4967,,COGS - Fuel,Expense,0,,,,,,,,TRUE
24/11/2025,Dairy,895,Bank,Adarsh Dairy,11-2025,Unpaid,,,Inventory,4968,,COGS - Dairy,Expense,0,,,,,,,,TRUE
24/11/2025,Chicken,5286,Bank,Golden Chicken,11-2025,Unpaid,,,Inventory,4969,,COGS - NonVeg,Expense,0,,,,,,,,TRUE
24/11/2025,Medical,1075,Bank_Cash,Ancle medicine,11-2025,Paid,Naseem,,Staff Expenses,4970,,OpEx - Labor,Expense,0,,,,,,,,TRUE
24/11/2025,Grocery,60,Bank_Cash,Balaji,11-2025,Paid,,,Inventory,4971,,COGS - Grocery,Expense,0,,,,,,,,TRUE
24/11/2025,Vegetables,715,Bank,Bhaironath,11-2025,Unpaid,,,Inventory,4972,,COGS - Veg,Expense,0,,,,,,,,TRUE
24/11/2025,Dairy,30,Bank_Cash,Milk,11-2025,Paid,Naseem,,Inventory,4973,,COGS - Dairy,Expense,0,,,,,,,,TRUE
24/11/2025,Tea,30,Bank_Cash,Tea,11-2025,Paid,Naseem,,Staff Expenses,4974,,OpEx - Labor,Expense,0,,,,,,,,TRUE
24/11/2025,Egg,408,Cash,Mulani,11-2025,Paid,Naseem,24/11/2025,Grocery,4975,,COGS - Grocery,Expense,0,,,,,,,,TRUE
24/11/2025,Vegetables,20,Cash,Mint,11-2025,Paid,Naseem,,Inventory,4976,,COGS - Veg,Expense,0,,,,,,,,TRUE
24/11/2025,Sales,3050,Cash,petpooja,11-2025,,,,Sales,4977,,Revenue,Income,0,,,,,,,,TRUE
24/11/2025,Sales,810,UPI,petpooja,11-2025,,,,Sales,4978,,Revenue,Income,0,,,,,,,,TRUE
24/11/2025,Sales,16890,Wallet,petpooja,11-2025,,,,Sales,4979,,Revenue,Income,0,,,,,,,,TRUE
24/11/2025,Sales,1756,Online Sale,petpooja,11-2025,,,,Sales,4980,,Revenue,Income,0,,,,,,,,TRUE
24/11/2025,Advance,120,Cash,Nasim Bhai Advance,11-2025,Paid,Naseem,,Salary,4981,,OpEx - Labor,Expense,0,,,,,,,,TRUE
24/11/2025,Grocery,460,Bank_Cash,Noodle,11-2025,Paid,Naseem,,Inventory,4982,,COGS - Grocery,Expense,0,,,,,,,,TRUE
23/11/2025,Petrol,310,Bank_Cash,petrol,11-2025,Paid,Naseem,,Bike Maintance,4983,,OpEx - Maintenance,Expense,0,,,,,,,,TRUE
25/11/2025,Chicken,2896,Bank,Golden Chicken,11-2025,Unpaid,Naseem,,Inventory,4984,,COGS - NonVeg,Expense,0,,,,,,,,TRUE
25/11/2025,Beverages,1200,Bank_Cash,Water bottle,11-2025,Paid,Naseem,,Grocery,4985,,COGS - Grocery,Expense,0,,,,,,,,TRUE
25/11/2025,Vegetables,470,Bank_Cash,Onion,11-2025,Paid,Naseem,,Inventory,4986,,COGS - Veg,Expense,0,,,,,,,,TRUE
25/11/2025,Maintenance,250,Bank_Cash,Baket,11-2025,Paid,Naseem,,Maintance,4987,,OpEx - Maintenance,Expense,0,,,,,,,,TRUE
25/11/2025,Kinners,20,Cash,KInnar,11-2025,Paid,,,Maintance,4988,,OpEx - Misc,Expense,0,,,,,,,,TRUE
25/11/2025,Maintenance,2150,Bank,Envater,11-2025,Paid,Naseem,,Maintance,4989,,OpEx - Maintenance,Expense,0,,,,,,,,TRUE
25/11/2025,Dairy,985,Bank_Cash,Chap ,11-2025,Paid,Shakil,,Inventory,4990,,COGS - Dairy,Expense,0,,,,,,,,TRUE
25/11/2025,Tea,110,Bank_Cash,Tea,11-2025,Paid,Naseem,,Staff Expenses,4991,,OpEx - Labor,Expense,0,,,,,,,,TRUE
25/11/2025,Tea,250,Bank_Cash,Anclemasta,11-2025,Paid,Naseem,,Staff Expenses,4992,,OpEx - Labor,Expense,0,,,,,,,,TRUE
25/11/2025,Egg,440,Bank_Cash,mulani,11-2025,Paid,Naseem,,Grocery,4993,,COGS - Grocery,Expense,0,,,,,,,,TRUE
25/11/2025,Vegetables,681,Bank,Bhaironath,11-2025,Unpaid,,,Inventory,4994,,COGS - Veg,Expense,0,,,,,,,,TRUE
25/11/2025,Dairy,741,Bank,Adarsh Dairy,11-2025,Unpaid,,,Inventory,4995,,COGS - Dairy,Expense,0,,,,,,,,TRUE
25/11/2025,Sales,800,Card,petpooja,11-2025,,,,Sales,4996,,Revenue,Income,0,,,,,,,,TRUE
25/11/2025,Sales,18892,Wallet,petpooja,11-2025,,,,Sales,4997,,Revenue,Income,0,,,,,,,,TRUE
25/11/2025,Sales,1931,Online Sale,petpooja,11-2025,,,,Sales,4998,,Revenue,Income,0,,,,,,,,TRUE
25/11/2025,Sales,870,UPI,petpooja,11-2025,,,,Sales,4999,,Revenue,Income,0,,,,,,,,TRUE
25/11/2025,Sales,4280,Cash,petpooja,11-2025,,,,Sales,5000,,Revenue,Income,0,,,,,,,,TRUE
25/11/2025,Sales,0,Zomato Pay,petpooja,11-2025,,,,Sales,5001,,Revenue,Income,0,,,,,,,,TRUE
25/11/2025,Maintenance,20,Bank_Cash,Brush,11-2025,Paid,,,Maintance,5002,,OpEx - Maintenance,Expense,0,,,,,,,,TRUE
25/11/2025,Electricity,25310,Bank,lightbill,11-2025,Unpaid,,,Fixed Maintance,5003,,OpEx - Utilities,Expense,0,,,,,,,,TRUE
25/11/2025,Tea,120,Bank_Cash,Kurkure,11-2025,Paid,,,Staff Expenses,5004,,OpEx - Labor,Expense,0,,,,,,,,TRUE
26/11/2025,Dairy,1286,Bank,Adarsh Dairy,11-2025,Unpaid,,,Inventory,5005,,COGS - Dairy,Expense,0,,,,,,,,TRUE
26/11/2025,Chicken,5361,Bank,Golden Chicken,11-2025,Unpaid,,,Inventory,5006,,COGS - NonVeg,Expense,0,,,,,,,,TRUE
26/11/2025,Dairy,30,Bank_Cash,milk,11-2025,Paid,,,Inventory,5007,,COGS - Dairy,Expense,0,,,,,,,,TRUE
26/11/2025,Tea,50,Bank_Cash,Anclenasta,11-2025,Paid,,,Staff Expenses,5008,,OpEx - Labor,Expense,0,,,,,,,,TRUE
26/11/2025,Maintenance,65,Bank_Cash,65,11-2025,Paid,,,Maintance,5009,,OpEx - Maintenance,Expense,0,,,,,,,,TRUE
26/11/2025,Vegetables,1121,Bank,Bhaironath,11-2025,Unpaid,,,Inventory,5010,,COGS - Veg,Expense,0,,,,,,,,TRUE
26/11/2025,Petrol,310,Bank_Cash,Petrol,11-2025,Paid,,,Bike Maintance,5011,,OpEx - Maintenance,Expense,0,,,,,,,,TRUE
26/11/2025,Sales,2960,Cash,petpooja,11-2025,,,,Sales,5012,,Revenue,Income,0,,,,,,,,TRUE
26/11/2025,Sales,23010,Wallet,petpooja,11-2025,,,,Sales,5013,,Revenue,Income,0,,,,,,,,TRUE
26/11/2025,Sales,1080,UPI,petpooja,11-2025,,,,Sales,5014,,Revenue,Income,0,,,,,,,,TRUE
26/11/2025,Sales,1830,Online Sale,petpooja,11-2025,,,,Sales,5015,,Revenue,Income,0,,,,,,,,TRUE
26/11/2025,Sales,762,Zomato Pay,petpooja,11-2025,,,,Sales,5016,,Revenue,Income,0,,,,,,,,TRUE
26/11/2025,Sales,570,Card,petpooja,11-2025,,,,Sales,5017,,Revenue,Income,0,,,,,,,,TRUE
27/11/2025,Tea,50,Bank_Cash,tea,11-2025,,,,Staff Expenses,5018,,OpEx - Labor,Expense,0,,,,,,,,TRUE
26/11/2025,Disposable,700,Bank_Cash,Contonor,11-2025,Paid,Naseem,,Inventory,5019,,COGS - Packaging,Expense,0,,,,,,,,TRUE
26/11/2025,Kinners,20,Cash,KInnar,11-2025,Paid,Naseem,,Maintance,5020,,OpEx - Misc,Expense,0,,,,,,,,TRUE
27/11/2025,Chicken,5844,Bank,Golden Chicken,11-2025,Unpaid,,,Inventory,5021,,COGS - NonVeg,Expense,0,,,,,,,,TRUE
27/11/2025,Dairy,1006,Bank,Adarsh Dairy,11-2025,Unpaid,,,Inventory,5022,,COGS - Dairy,Expense,0,,,,,,,,TRUE
27/11/2025,Vegetables,581,Bank,Bhaironath,11-2025,Unpaid,,,Inventory,5023,,COGS - Veg,Expense,0,,,,,,,,TRUE
27/11/2025,Sales,4570,Cash,petpooja,11-2025,,,,Sales,5024,,Revenue,Income,0,,,,,,,,TRUE
27/11/2025,Sales,19394,Wallet,petpooja,11-2025,,,,Sales,5025,,Revenue,Income,0,,,,,,,,TRUE
27/11/2025,Sales,410,UPI,petpooja,11-2025,,,,Sales,5026,,Revenue,Income,0,,,,,,,,TRUE
27/11/2025,Sales,1655,Online Sale,pepooja,11-2025,,,,Sales,5027,,Revenue,Income,0,,,,,,,,TRUE
27/11/2025,Sales,0,Card,petpooja,11-2025,,,,Sales,5028,,Revenue,Income,0,,,,,,,,TRUE
27/11/2025,Bakery,20,Cash,Bread,11-2025,Paid,Naseem,,Grocery,5029,,COGS - Grocery,Expense,0,,,,,,,,TRUE
28/11/2025,Vegetables,6000,Bank_Cash,Bhaironath,11-2025,Paid,Naseem,28/11/2025,Inventory,5030,,COGS - Veg,Expense,0,,,,,,,,TRUE
28/11/2025,Grocery,750,Bank_Cash,brista,11-2025,Paid,Shakil,,Inventory,5031,,COGS - Grocery,Expense,0,,,,,,,,TRUE
28/11/2025,Chicken,6411,Bank,Golden Chicken,11-2025,Unpaid,,,Inventory,5032,,COGS - NonVeg,Expense,0,,,,,,,,TRUE
28/11/2025,Dairy,964,Bank,Adarsh Dairy,11-2025,Unpaid,,,Inventory,5033,,COGS - Dairy,Expense,0,,,,,,,,TRUE
28/11/2025,Charcoal,1800,Bank,gyaneswari,11-2025,Unpaid,,,Inventory,5034,,COGS - Fuel,Expense,0,,,,,,,,TRUE
28/11/2025,Mutton,1600,Bank_Cash,A1mutton,11-2025,Paid,Naseem,,Inventory,5035,,COGS - NonVeg,Expense,0,,,,,,,,TRUE
28/11/2025,Maintenance,200,Bank_Cash,Belan ,11-2025,Paid,Naseem,,Maintance,5036,,OpEx - Maintenance,Expense,0,,,,,,,,TRUE
28/11/2025,Maintenance,40,Bank_Cash,Notebook,11-2025,Paid,Naseem,,Maintance,5037,,OpEx - Maintenance,Expense,0,,,,,,,,TRUE
28/11/2025,Maintenance,40,Bank_Cash,hardwere,11-2025,Paid,Naseem,,Maintance,5038,,OpEx - Maintenance,Expense,0,,,,,,,,TRUE
28/11/2025,Disposable,340,Cash,Butterpapaer,11-2025,Paid,Naseem,,Inventory,5039,,COGS - Packaging,Expense,0,,,,,,,,TRUE
28/11/2025,Vegetables,574,Bank,Bhaironath,11-2025,,,,Inventory,5040,,COGS - Veg,Expense,0,,,,,,,,TRUE
28/11/2025,Bakery,1000,Cash,Chapati,11-2025,Paid,Naseem,28/11/2025,Grocery,5041,,COGS - Grocery,Expense,0,,,,,,,,TRUE
28/11/2025,Grocery,300,Bank_Cash,Peri peri masala,11-2025,Paid,,,Inventory,5042,,COGS - Grocery,Expense,0,,,,,,,,TRUE
28/11/2025,Kinners,20,Cash,kinnar,11-2025,,,,Maintance,5043,,OpEx - Misc,Expense,0,,,,,,,,TRUE
28/11/2025,Sales,5199,Cash,petpooja,11-2025,,,,Sales,5044,,Revenue,Income,0,,,,,,,,TRUE
28/11/2025,Sales,1050,UPI,petpooja,11-2025,,,,Sales,5045,,Revenue,Income,0,,,,,,,,TRUE
28/11/2025,Sales,2516,Online Sale,petpooja,11-2025,,,,Sales,5046,,Revenue,Income,0,,,,,,,,TRUE
28/11/2025,Sales,28598,Wallet,petpooja,11-2025,,,,Sales,5047,,Revenue,Income,0,,,,,,,,TRUE
28/11/2025,Bakery,1700,Bank_Cash,Chapati,11-2025,Paid,Naseem,28/11/2025,Grocery,5048,,COGS - Grocery,Expense,0,,,,,,,,TRUE
28/11/2025,Tea,70,Bank_Cash,Tea,11-2025,Paid,Naseem,,Staff Expenses,5049,,OpEx - Labor,Expense,0,,,,,,,,TRUE
29/11/2025,Dairy,1381,Bank,Adarsh Dairy,11-2025,Unpaid,,,Inventory,5050,,COGS - Dairy,Expense,0,,,,,,,,TRUE
29/11/2025,Beverages,1800,Bank_Cash,Water bottle,11-2025,Paid,Naseem,29/11/2025,Grocery,5051,,COGS - Grocery,Expense,0,,,,,,,,TRUE
29/11/2025,Chicken,5292,Bank,Golden Chicken,11-2025,Unpaid,,,Inventory,5052,,COGS - NonVeg,Expense,0,,,,,,,,TRUE
29/11/2025,Dairy,760,Bank_Cash,Soyachap,11-2025,Paid,Naseem,,Inventory,5053,,COGS - Dairy,Expense,0,,,,,,,,TRUE
29/11/2025,Mutton,500,Bank_Cash,Paya,11-2025,Paid,,,Inventory,5054,,COGS - NonVeg,Expense,0,,,,,,,,TRUE
29/11/2025,Momos,210,Cash,Momos,11-2025,Paid,,,Inventory,5055,,COGS - Inventory,Expense,0,,,,,,,,TRUE
29/11/2025,Vegetables,655,Bank,Bhaironath,11-2025,Unpaid,,,Inventory,5056,,COGS - Veg,Expense,0,,,,,,,,TRUE
29/11/2025,Sales,5214,Cash,petpooja,11-2025,,,,Sales,5057,,Revenue,Income,0,,,,,,,,TRUE
29/11/2025,Sales,28383,Wallet,petpooja,11-2025,,,,Sales,5058,,Revenue,Income,0,,,,,,,,TRUE
29/11/2025,Sales,3655,UPI,petpooja,11-2025,,,,Sales,5059,,Revenue,Income,0,,,,,,,,TRUE
29/11/2025,Sales,1850,Card,petpooja,11-2025,,,,Sales,5060,,Revenue,Income,0,,,,,,,,TRUE
29/11/2025,Sales,1478,Online Sale,petpooja,11-2025,,,,Sales,5061,,Revenue,Income,0,,,,,,,,TRUE
29/11/2025,Sales,823,Zomato Pay,petpooja,11-2025,,,,Sales,5062,,Revenue,Income,0,,,,,,,,TRUE
29/11/2025,Sales,410,Due,petpooja,11-2025,,,,Sales,5063,,Revenue,Income,0,,,,,,,,TRUE
29/11/2025,tea,30,Bank_Cash,tea,11-2025,Paid,Naseem,,Staff Expenses,5064,,OpEx - Labor,Expense,0,,,,,,,,TRUE
29/11/2025,Egg,426,Bank_Cash,egg,11-2025,Paid,Naseem,,Grocery,5065,,COGS - Grocery,Expense,0,,,,,,,,TRUE
30/11/2025,Dairy,1624,Bank,Adarsh Dairy,11-2025,Unpaid,,,Inventory,5066,,COGS - Dairy,Expense,0,,,,,,,,TRUE
30/11/2025,Grocery,60,Bank,Balaji,11-2025,Paid,,,Inventory,5067,,COGS - Grocery,Expense,0,,,,,,,,TRUE
30/11/2025,Vegetables,370,Bank_Cash,Onion,11-2025,Paid,,,Inventory,5068,,COGS - Veg,Expense,0,,,,,,,,TRUE
30/11/2025,Kinners,20,Cash,KINNAR,11-2025,Paid,,,Maintance,5069,,OpEx - Misc,Expense,0,,,,,,,,TRUE
30/11/2025,Chicken,4070,Bank,Golden Chicken,11-2025,Unpaid,,,Inventory,5070,,COGS - NonVeg,Expense,0,,,,,,,,TRUE
30/11/2025,Petrol,310,Bank_Cash,petrol,11-2025,Paid,,,Bike Maintance,5071,,OpEx - Maintenance,Expense,0,,,,,,,,TRUE
30/11/2025,Egg,426,Bank_Cash,mulani,11-2025,Paid,,,Grocery,5072,,COGS - Grocery,Expense,0,,,,,,,,TRUE
30/11/2025,Sales,3115,Cash,petpooja,11-2025,,,,Sales,5073,,Revenue,Income,0,,,,,,,,TRUE
30/11/2025,Sales,27184,Wallet,petpooja,11-2025,,,,Sales,5074,,Revenue,Income,0,,,,,,,,TRUE
30/11/2025,Sales,500,UPI,petpooja,11-2025,,,,Sales,5075,,Revenue,Income,0,,,,,,,,TRUE
30/11/2025,Sales,191,Zomato Pay,petpooja,11-2025,,,,Sales,5076,,Revenue,Income,0,,,,,,,,TRUE
30/11/2025,Sales,1915,Card,petpooja,11-2025,,,,Sales,5077,,Revenue,Income,0,,,,,,,,TRUE
30/11/2025,Sales,3144,Online Sale,petpooja,11-2025,,,,Sales,5078,,Revenue,Income,0,,,,,,,,TRUE
30/11/2025,Sales,295,Due,petpooja,11-2025,,,,Sales,5079,,Revenue,Income,0,,,,,,,,TRUE
30/11/2025,Restaurant New Inventory,5920,Bank,paobhaji counter,11-2025,Paid,Bank,,New Inventory,5080,,OpEx - CapEx,Expense,0,,,,,,,,TRUE
30/11/2025,Tea,80,Bank_Cash,tea,11-2025,Paid,Naseem,,Staff Expenses,5081,,OpEx - Labor,Expense,0,,,,,,,,TRUE
30/11/2025,Vegetables,300,Cash,tomatto,11-2025,Paid,Naseem,,Inventory,5082,,COGS - Veg,Expense,0,,,,,,,,TRUE
01/12/2025,Maintenance,3000,Bank,counter wolding,12-2025,Paid,Naseem,,Maintance,5083,,OpEx - Maintenance,Expense,0,,,,,,,,TRUE
01/12/2025,Maintenance,100,Bank_Cash,Patti,12-2025,Paid,Naseem,,Maintance,5084,,OpEx - Maintenance,Expense,0,,,,,,,,TRUE
01/12/2025,Grocery,685,Bank_Cash,Balaji,12-2025,Paid,Naseem,,Inventory,5085,,COGS - Grocery,Expense,0,,,,,,,,TRUE
01/12/2025,Grocery,7290,Bank,Balaji,12-2025,Unpaid,,,Inventory,5086,,COGS - Grocery,Expense,0,,,,,,,,TRUE
01/12/2025,Charcoal,1800,Bank,gyaneswari,12-2025,Unpaid,,,Inventory,5087,,COGS - Fuel,Expense,0,,,,,,,,TRUE
01/12/2025,Dairy,1341,Bank,Adarsh Dairy,12-2025,Unpaid,,,Inventory,5088,,COGS - Dairy,Expense,0,,,,,,,,TRUE
01/12/2025,Chicken,7585,Bank,Golden Chicken,12-2025,Unpaid,,,Inventory,5089,,COGS - NonVeg,Expense,0,,,,,,,,TRUE
01/12/2025,Vegetables,645,Bank,Bhaironath,12-2025,Paid,,,Inventory,5090,,COGS - Veg,Expense,0,,,,,,,,TRUE
01/12/2025,Tea,60,Bank_Cash,milk,12-2025,Paid,,,Staff Expenses,5091,,OpEx - Labor,Expense,0,,,,,,,,TRUE
01/12/2025,Tea,150,Bank_Cash,Uncle dosa,12-2025,Paid,,,Staff Expenses,5092,,OpEx - Labor,Expense,0,,,,,,,,TRUE
01/12/2025,Maintenance,410,Bank_Cash,Paint for Paw Bhaji,12-2025,Paid,,,Maintance,5093,,OpEx - Maintenance,Expense,0,,,,,,,,TRUE
01/12/2025,Kinners,20,Cash,kinnar,12-2025,Paid,,,Maintance,5094,,OpEx - Misc,Expense,0,,,,,,,,TRUE
01/12/2025,Advance,3000,Bank,Manohar,12-2025,Paid,Shakil,01/12/2025,Salary,5095,,OpEx - Labor,Expense,0,,,,,,,,TRUE
01/12/2025,Tea,30,Bank_Cash,tea,12-2025,Paid,Naseem,,Staff Expenses,5096,,OpEx - Labor,Expense,0,,,,,,,,TRUE
01/12/2025,Vegetables,50,Cash,Papaya,12-2025,Paid,Sameer,,Inventory,5097,,COGS - Veg,Expense,0,,,,,,,,TRUE
01/12/2025,Egg,420,Cash,mulani,12-2025,Paid,Sameer,01/12/2025,Grocery,5098,,COGS - Grocery,Expense,0,,,,,,,,TRUE
01/12/2025,Sales,4009,Cash,petpooja,12-2025,,,,Sales,5099,,Revenue,Income,0,,,,,,,,TRUE
01/12/2025,Sales,15964,Wallet,petpooja,12-2025,,,,Sales,5100,,Revenue,Income,0,,,,,,,,TRUE
01/12/2025,Sales,250,UPI,petpooja,12-2025,,,,Sales,5101,,Revenue,Income,0,,,,,,,,TRUE
01/12/2025,Sales,2025,Online Sale,petpooja,12-2025,,,,Sales,5102,,Revenue,Income,0,,,,,,,,TRUE
02/12/2025,Dairy,506,Bank,Adarsh Dairy,12-2025,Unpaid,,,Inventory,5103,,COGS - Dairy,Expense,0,,,,,,,,TRUE
02/12/2025,Chicken,22,Bank,Golden Chicken,12-2025,,,,Inventory,5104,,COGS - NonVeg,Expense,0,,,,,,,,TRUE
30/11/2025,Gas,36892,Bank,Sai Bharat,11-2025,Paid,Bank,,Fixed Maintance,5105,,OpEx - Utilities,Expense,0,,,,,,,,TRUE
02/12/2025,Dairy,430,Bank_Cash,chapotlisouce,12-2025,Paid,Naseem,,Inventory,5106,,COGS - Dairy,Expense,0,,,,,,,,TRUE
02/12/2025,Hotel Commision,1030,Bank_Cash,shiv sai,12-2025,Paid,Naseem,,Fixed Maintance,5107,,OpEx - Admin,Expense,0,,,,,,,,TRUE
02/12/2025,Hotel Commision,2980,Bank_Cash,Elite hotel,12-2025,Paid,Naseem,,Fixed Maintance,5108,,OpEx - Admin,Expense,0,,,,,,,,TRUE
02/12/2025,Hotel Commision,1070,Bank_Cash,Primerose,12-2025,Paid,Naseem,,Fixed Maintance,5109,,OpEx - Admin,Expense,0,,,,,,,,TRUE
02/12/2025,Egg,430,Bank_Cash,mulani,12-2025,Paid,Naseem,,Grocery,5110,,COGS - Grocery,Expense,0,,,,,,,,TRUE
02/12/2025,Kinners,5,Cash,kinnar,12-2025,Paid,Naseem,,Maintance,5111,,OpEx - Misc,Expense,0,,,,,,,,TRUE
02/12/2025,Stationary,40,Bank_Cash,Paper,12-2025,Paid,Naseem,,Inventory,5112,,COGS - Inventory,Expense,0,,,,,,,,TRUE
02/12/2025,Cash Return to Cx,45,Cash,Customer,12-2025,Paid,,,Excess Amount Return,5113,,Excess Amount Return,Expense,0,,,,,,,,TRUE
02/12/2025,Fish,5204,Bank,Hyperpure,12-2025,Paid,Bank,02/12/2025,Staff Expenses,5114,,COGS - NonVeg,Expense,0,,,,,,,,TRUE
02/12/2025,Sales,4568,Cash,petpooja,12-2025,,,,Sales,5115,,Revenue,Income,0,,,,,,,,TRUE
02/12/2025,Sales,28226,Wallet,petpooja,12-2025,,,,Sales,5116,,Revenue,Income,0,,,,,,,,TRUE
02/12/2025,Sales,856,UPI,petpooja,12-2025,,,,Sales,5117,,Revenue,Income,0,,,,,,,,TRUE
02/12/2025,Sales,970,Card,petpooja,12-2025,,,,Sales,5118,,Revenue,Income,0,,,,,,,,TRUE
02/12/2025,Sales,3334,Online Sale,petpooja,12-2025,,,,Sales,5119,,Revenue,Income,0,,,,,,,,TRUE
02/12/2025,Maintenance,300,Bank_Cash,Counter pent,12-2025,Paid,Naseem,,Maintance,5120,,OpEx - Maintenance,Expense,0,,,,,,,,TRUE
02/12/2025,Tea,30,Bank_Cash,TEA,12-2025,Paid,Naseem,,Staff Expenses,5121,,OpEx - Labor,Expense,0,,,,,,,,TRUE
02/12/2025,Mutton,2100,Bank_Cash,A1mutton,12-2025,Paid,Naseem,,Inventory,5122,,COGS - NonVeg,Expense,0,,,,,,,,TRUE
02/12/2025,Vegetables,371,Bank,Bhaironath,12-2025,Unpaid,,,Inventory,5123,,COGS - Veg,Expense,0,,,,,,,,TRUE
03/12/2025,Advance,100,Cash,Dinesh,12-2025,Paid,,,Salary,5124,,OpEx - Labor,Expense,0,,,,,,,,TRUE
03/12/2025,Dairy,1266,Bank,Adarsh Dairy,12-2025,Unpaid,,,Inventory,5125,,COGS - Dairy,Expense,0,,,,,,,,TRUE
03/12/2025,Charcoal,1800,Bank,gyaneswari,12-2025,Unpaid,,,Inventory,5126,,COGS - Fuel,Expense,0,,,,,,,,TRUE
03/12/2025,Chicken,8336,Bank,Golden Chicken,12-2025,Unpaid,,,Inventory,5127,,COGS - NonVeg,Expense,0,,,,,,,,TRUE
03/12/2025,Egg,414,Cash,mulani,12-2025,Paid,Naseem,03/12/2025,Grocery,5128,,COGS - Grocery,Expense,0,,,,,,,,TRUE
03/12/2025,Tea,30,Bank_Cash,TEA,12-2025,Paid,Naseem,,Staff Expenses,5129,,OpEx - Labor,Expense,0,,,,,,,,TRUE
03/12/2025,Fish,600,Cash,staff fish,12-2025,Paid,Naseem,03/12/2025,Staff Expenses,5130,,COGS - NonVeg,Expense,0,,,,,,,,TRUE
03/12/2025,Momos,210,Bank_Cash,Momos,12-2025,Paid,,,Inventory,5131,,COGS - Inventory,Expense,0,,,,,,,,TRUE
03/12/2025,Beverages,1800,Bank_Cash,Water bottle,12-2025,Paid,,,Grocery,5132,,COGS - Grocery,Expense,0,,,,,,,,TRUE
03/12/2025,Hotel Commision,2430,Bank_Cash,Cornet hotel camison,12-2025,Paid,Naseem,03/12/2025,Fixed Maintance,5133,,OpEx - Admin,Expense,0,,,,,,,,TRUE
03/12/2025,Kinners,30,Cash,kinnar,12-2025,Paid,Naseem,,Maintance,5134,,OpEx - Misc,Expense,0,,,,,,,,TRUE
03/12/2025,Sales,3852,Cash,petpooja,12-2025,,,,Sales,5135,,Revenue,Income,0,,,,,,,,TRUE
03/12/2025,Sales,18285,Wallet,petpooja,12-2025,,,,Sales,5136,,Revenue,Income,0,,,,,,,,TRUE
03/12/2025,Sales,450,Card,petpooja,12-2025,,,,Sales,5137,,Revenue,Income,0,,,,,,,,TRUE
03/12/2025,Sales,120,UPI,petpooja,12-2025,,,,Sales,5138,,Revenue,Income,0,,,,,,,,TRUE
03/12/2025,Sales,1134,Online Sale,petpooja,12-2025,,,,Sales,5139,,Revenue,Income,0,,,,,,,,TRUE
04/12/2025,Dairy,663,Bank,Adarsh Dairy,12-2025,Unpaid,,,Inventory,5140,,COGS - Dairy,Expense,0,,,,,,,,TRUE
04/12/2025,Chicken,3786,Bank,Golden Chicken,12-2025,Unpaid,,,Inventory,5141,,COGS - NonVeg,Expense,0,,,,,,,,TRUE
04/12/2025,Mutton,1600,Bank_Cash,A1mutton,12-2025,Paid,,,Inventory,5142,,COGS - NonVeg,Expense,0,,,,,,,,TRUE
04/12/2025,Dairy,550,Bank_Cash,Chap,12-2025,Paid,,,Inventory,5143,,COGS - Dairy,Expense,0,,,,,,,,TRUE
04/12/2025,Grocery,750,Bank_Cash,Brista,12-2025,Paid,,,Inventory,5144,,COGS - Grocery,Expense,0,,,,,,,,TRUE
04/12/2025,Grocery,598,Bank_Cash,Balaji,12-2025,Paid,,,Inventory,5145,,COGS - Grocery,Expense,0,,,,,,,,TRUE
04/12/2025,Restaurant New Inventory,340,Cash,Butter and wise,12-2025,Paid,,,New Inventory,5146,,OpEx - CapEx,Expense,0,,,,,,,,TRUE
04/12/2025,Grocery,22555,Bank,Balaji,12-2025,Unpaid,,,Inventory,5147,,COGS - Grocery,Expense,0,,,,,,,,TRUE
04/12/2025,Kinners,10,Cash,kinnar,12-2025,Paid,,,Maintance,5148,,OpEx - Misc,Expense,0,,,,,,,,TRUE
04/12/2025,Vegetables,985,Bank,Bhaironath,12-2025,Unpaid,,,Inventory,5149,,COGS - Veg,Expense,0,,,,,,,,TRUE
04/12/2025,Vegetables,280,Cash,Tomatto,12-2025,Paid,,,Inventory,5150,,COGS - Veg,Expense,0,,,,,,,,TRUE
04/12/2025,Sales,6490,Cash,petpooja,12-2025,,,,Sales,5151,,Revenue,Income,0,,,,,,,,TRUE
04/12/2025,Sales,21904,Wallet,perpooja,12-2025,,,,Sales,5152,,Revenue,Income,0,,,,,,,,TRUE
04/12/2025,Sales,0,Card,perpooja,12-2025,,,,Sales,5153,,Revenue,Income,0,,,,,,,,TRUE
04/12/2025,Sales,20,UPI,petpooja,12-2025,,,,Sales,5154,,Revenue,Income,0,,,,,,,,TRUE
04/12/2025,Sales,2108,Online Sale,petpooja,12-2025,,,,Sales,5155,,Revenue,Income,0,,,,,,,,TRUE
04/12/2025,Restaurant New Inventory,800,Bank,Gadi staff,12-2025,Paid,Bank,,New Inventory,5156,,OpEx - CapEx,Expense,0,,,,,,,,TRUE
04/12/2025,Maintenance,800,Bank,Gass repair,12-2025,Paid,Bank,,Maintance,5157,,OpEx - Maintenance,Expense,0,,,,,,,,TRUE
05/12/2025,Chicken,9476,Bank,Golden Chicken,12-2025,Unpaid,,,Inventory,5158,,COGS - NonVeg,Expense,0,,,,,,,,TRUE
05/12/2025,Charcoal,1800,Bank,gyaneswari,12-2025,Unpaid,,,Inventory,5159,,COGS - Fuel,Expense,0,,,,,,,,TRUE
05/12/2025,Dairy,4176,Bank,Adarsh Dairy,12-2025,Unpaid,,,Inventory,5160,,COGS - Dairy,Expense,0,,,,,,,,TRUE
05/12/2025,Restaurant New Inventory,2440,Bank_Cash,plates,12-2025,Unpaid,,,New Inventory,5161,,OpEx - CapEx,Expense,0,,,,,,,,TRUE
05/12/2025,Restaurant New Inventory,2460,Bank_Cash,Hilosion light,12-2025,Paid,Naseem,,New Inventory,5162,,OpEx - CapEx,Expense,0,,,,,,,,TRUE
05/12/2025,Egg,435,Bank_Cash,mulani,12-2025,Paid,Naseem,,Grocery,5163,,COGS - Grocery,Expense,0,,,,,,,,TRUE
05/12/2025,Petrol,300,Bank_Cash,petrol,12-2025,Paid,Naseem,,Bike Maintance,5164,,OpEx - Maintenance,Expense,0,,,,,,,,TRUE
05/12/2025,Vegetables,300,Bank_Cash,Tomatto,12-2025,Paid,Naseem,,Inventory,5165,,COGS - Veg,Expense,0,,,,,,,,TRUE
05/12/2025,Advance,1250,Cash,Abid Salary,12-2025,Paid,Naseem,,Salary,5166,,OpEx - Labor,Expense,0,,,,,,,,TRUE
05/12/2025,Kinners,20,Cash,kinnar,12-2025,Paid,Naseem,,Maintance,5167,,OpEx - Misc,Expense,0,,,,,,,,TRUE
05/12/2025,Tea,120,Bank_Cash,Ancle tea,12-2025,Paid,Naseem,,Staff Expenses,5168,,OpEx - Labor,Expense,0,,,,,,,,TRUE
05/12/2025,Advance,1000,Cash,Vijay Chember cleining,12-2025,Paid,Naseem,05/11/2025,Salary,5169,,OpEx - Labor,Expense,0,,,,,,,,TRUE
05/12/2025,Vegetables,1332,Bank,Bhaironath,12-2025,Unpaid,,,Inventory,5170,,COGS - Veg,Expense,0,,,,,,,,TRUE
05/12/2025,Disposable,100,Cash,Paper plate,12-2025,Paid,Naseem,,Inventory,5171,,COGS - Packaging,Expense,0,,,,,,,,TRUE
05/12/2025,Disposable,5975,Bank,Ananddipsble,12-2025,Unpaid,,,Inventory,5172,,COGS - Packaging,Expense,0,,,,,,,,TRUE
05/12/2025,Tea,100,Cash,Ancle nasta,12-2025,Paid,Naseem,,Staff Expenses,5173,,OpEx - Labor,Expense,0,,,,,,,,TRUE
05/12/2025,Sales,4880,Cash,petpooja,12-2025,,,,Sales,5174,,Revenue,Income,0,,,,,,,,TRUE
05/12/2025,Sales,28771,Wallet,petpooja,12-2025,,,,Sales,5175,,Revenue,Income,0,,,,,,,,TRUE
05/12/2025,Sales,1045,Card,petpooja,12-2025,,,,Sales,5176,,Revenue,Income,0,,,,,,,,TRUE
05/12/2025,Sales,120,UPI,petpooja,12-2025,,,,Sales,5177,,Revenue,Income,0,,,,,,,,TRUE
05/12/2025,Sales,1235,Online Sale,petpooja,12-2025,,,,Sales,5178,,Revenue,Income,0,,,,,,,,TRUE
05/12/2025,Chicken,912,Cash,BaramatiChicken,12-2025,Paid,Shakil,07/12/2025,Inventory,5179,,COGS - NonVeg,Expense,0,,,,,,,,TRUE
05/12/2025,tea,50,Bank_Cash,Ancle nasta,12-2025,Paid,Naseem,,Staff Expenses,5180,,OpEx - Labor,Expense,0,,,,,,,,TRUE
06/12/2025,Grocery,370,Bank_Cash,Balaji,12-2025,Paid,Naseem,,Inventory,5181,,COGS - Grocery,Expense,0,,,,,,,,TRUE
06/12/2025,Chicken,5343,Bank,Golden Chicken,12-2025,Unpaid,,,Inventory,5182,,COGS - NonVeg,Expense,0,,,,,,,,TRUE
06/12/2025,Dairy,673,Bank,Adarsh Dairy,12-2025,Unpaid,,,Inventory,5183,,COGS - Dairy,Expense,0,,,,,,,,TRUE
06/12/2025,Momos,210,Bank_Cash,Momos,12-2025,Paid,Naseem,,Inventory,5184,,COGS - Inventory,Expense,0,,,,,,,,TRUE
06/12/2025,Tea,30,Bank_Cash,tea,12-2025,Paid,,,Staff Expenses,5185,,OpEx - Labor,Expense,0,,,,,,,,TRUE
06/12/2025,Sales,1000,Cash,Vijay,12-2025,Paid,Sameer,,Sales,5186,,Revenue,Income,0,,,,,,,,TRUE
06/12/2025,Sales,3498,Cash,petpooja,12-2025,,,,Sales,5187,,Revenue,Income,0,,,,,,,,TRUE
06/12/2025,Sales,34423,Wallet,petpooja,12-2025,,,,Sales,5188,,Revenue,Income,0,,,,,,,,TRUE
06/12/2025,Sales,1035,Online Sale,petpooja,12-2025,,,,Sales,5189,,Revenue,Income,0,,,,,,,,TRUE
06/12/2025,Sales,700,Card,petpooja,12-2025,,,,Sales,5190,,Revenue,Income,0,,,,,,,,TRUE
06/12/2025,Kinners,20,Cash,kinnar,12-2025,,,,Maintance,5191,,OpEx - Misc,Expense,0,,,,,,,,TRUE
06/12/2025,Sales,1490,Zomato Pay,petpooja,12-2025,,,,Sales,5192,,Revenue,Income,0,,,,,,,,TRUE
06/12/2025,Petrol,300,Bank_Cash,petrol,12-2025,,,,Bike Maintance,5193,,OpEx - Maintenance,Expense,0,,,,,,,,TRUE
06/12/2025,Vegetables,544,Bank,Bhaironath,12-2025,Unpaid,,,Inventory,5194,,COGS - Veg,Expense,0,,,,,,,,TRUE
06/12/2025,Vegetables,100,Bank_Cash,Raw mango,12-2025,Paid,Naseem,,Inventory,5195,,COGS - Veg,Expense,0,,,,,,,,TRUE
07/12/2025,Chicken,5459,Bank,Golden Chicken,12-2025,Unpaid,,,Inventory,5196,,COGS - NonVeg,Expense,0,,,,,,,,TRUE
07/12/2025,Dairy,448,Bank,Adarsh Dairy,12-2025,Unpaid,,,Inventory,5197,,COGS - Dairy,Expense,0,,,,,,,,TRUE
07/12/2025,Vegetables,370,Bank_Cash,Onion,12-2025,Paid,Naseem,,Inventory,5198,,COGS - Veg,Expense,0,,,,,,,,TRUE
07/12/2025,Grocery,825,Bank_Cash,Noodle,12-2025,Paid,Naseem,,Inventory,5199,,COGS - Grocery,Expense,0,,,,,,,,TRUE
07/12/2025,Beverages,1800,Bank_Cash,Water bottle,12-2025,Paid,Naseem,,Grocery,5200,,COGS - Grocery,Expense,0,,,,,,,,TRUE
07/12/2025,Maintenance,1000,Bank_Cash,Veilding,12-2025,Paid,Naseem,,Maintance,5201,,OpEx - Maintenance,Expense,0,,,,,,,,TRUE
07/12/2025,Dairy,30,Bank_Cash,Milk,12-2025,Paid,Naseem,,Inventory,5202,,COGS - Dairy,Expense,0,,,,,,,,TRUE
07/12/2025,Tea,150,Bank_Cash,Juice,12-2025,Paid,Naseem,,Staff Expenses,5203,,OpEx - Labor,Expense,0,,,,,,,,TRUE
07/12/2025,Vegetables,440,Bank,Bhaironath,12-2025,Paid,Naseem,,Inventory,5204,,COGS - Veg,Expense,0,,,,,,,,TRUE
07/12/2025,Egg,430,Bank_Cash,mulani,12-2025,Paid,Naseem,,Grocery,5205,,COGS - Grocery,Expense,0,,,,,,,,TRUE
07/12/2025,Bakery,20,Cash,Bread,12-2025,Paid,Naseem,,Grocery,5206,,COGS - Grocery,Expense,0,,,,,,,,TRUE
07/12/2025,Cash Return to Cx,90,Cash,Customer return,12-2025,Paid,,,Excess Amount Return,5207,,Excess Amount Return,Expense,0,,,,,,,,TRUE
07/12/2025,Advance,1000,Cash,Danish,12-2025,Paid,,,Salary,5208,,OpEx - Labor,Expense,0,,,,,,,,TRUE
07/12/2025,Sales,4635,Cash,petpooja,12-2025,,,,Sales,5209,,Revenue,Income,0,,,,,,,,TRUE
07/12/2025,Sales,2870,Card,petpooja,12-2025,,,,Sales,5210,,Revenue,Income,0,,,,,,,,TRUE
07/12/2025,Sales,490,UPI,petpooja,12-2025,,,,Sales,5211,,Revenue,Income,0,,,,,,,,TRUE
07/12/2025,Sales,1037,Zomato Pay,petpooja,12-2025,,,,Sales,5212,,Revenue,Income,0,,,,,,,,TRUE
07/12/2025,Sales,2607,Online Sale,petpooja,12-2025,,,,Sales,5213,,Revenue,Income,0,,,,,,,,TRUE
07/12/2025,Sales,28898,Wallet,petpooja,12-2025,,,,Sales,5214,,Revenue,Income,0,,,,,,,,TRUE
07/12/2025,Tea,70,Bank_Cash,tea,12-2025,Paid,,,Staff Expenses,5215,,OpEx - Labor,Expense,0,,,,,,,,TRUE
07/12/2025,Kinners,20,Cash,kinnar,12-2025,Paid,,,Maintance,5216,,OpEx - Misc,Expense,0,,,,,,,,TRUE
07/12/2025,Bakery,2500,Cash,Pitabread,12-2025,Paid,Naseem,,Grocery,5217,,COGS - Grocery,Expense,0,,,,,,,,TRUE
07/12/2025,Chicken,900,Cash,Chicken,12-2025,Paid,Naseem,,Inventory,5218,,COGS - NonVeg,Expense,0,,,,,,,,TRUE
08/12/2025,Chicken,4526,Bank,Golden Chicken,12-2025,Unpaid,,,Inventory,5219,,COGS - NonVeg,Expense,0,,,,,,,,TRUE
08/12/2025,Charcoal,900,Bank,gyaneswari,12-2025,Unpaid,,,Inventory,5220,,COGS - Fuel,Expense,0,,,,,,,,TRUE
08/12/2025,Dairy,550,Bank_Cash,chap,12-2025,Paid,,,Inventory,5221,,COGS - Dairy,Expense,0,,,,,,,,TRUE
08/12/2025,Vegetables,866,Bank,Bhaironath,12-2025,Unpaid,,,Inventory,5222,,COGS - Veg,Expense,0,,,,,,,,TRUE
08/12/2025,Tea,30,Bank_Cash,,12-2025,,,,Staff Expenses,5223,,OpEx - Labor,Expense,0,,,,,,,,TRUE
08/12/2025,Sales,3285,Cash,petpooja,12-2025,,,,Sales,5224,,Revenue,Income,0,,,,,,,,TRUE
08/12/2025,Sales,10029,Wallet,petpooja,12-2025,,,,Sales,5225,,Revenue,Income,0,,,,,,,,TRUE
08/12/2025,Sales,2520,Online Sale,petpooja,12-2025,,,,Sales,5226,,Revenue,Income,0,,,,,,,,TRUE
08/12/2025,Sales,8429,UPI,petpooja,12-2025,,,,Sales,5227,,Revenue,Income,0,,,,,,,,TRUE
08/12/2025,Sales,1559,Card,petpooja,12-2025,,,,Sales,5228,,Revenue,Income,0,,,,,,,,TRUE
08/12/2025,Kinners,25,Cash,kinnar,12-2025,Paid,,,Maintance,5229,,OpEx - Misc,Expense,0,,,,,,,,TRUE
09/12/2025,Chicken,3412,Bank,Golden Chicken,12-2025,Unpaid,,,Inventory,5230,,COGS - NonVeg,Expense,0,,,,,,,,TRUE
09/12/2025,Mutton,2900,Bank,A1mutton,12-2025,Paid,Shakil,09/12/2025,Inventory,5231,,COGS - NonVeg,Expense,0,,,,,,,,TRUE
09/12/2025,Dairy,350,Bank_Cash,paratha,12-2025,Paid,Naseem,09/12/2025,Inventory,5232,,COGS - Dairy,Expense,0,,,,,,,,TRUE
09/12/2025,Grocery,370,Bank_Cash,kopra poder,12-2025,Paid,Naseem,09/12/2025,Inventory,5233,,COGS - Grocery,Expense,0,,,,,,,,TRUE
09/12/2025,Grocery,700,Bank_Cash,brista,12-2025,Paid,Naseem,09/12/2025,Inventory,5234,,COGS - Grocery,Expense,0,,,,,,,,TRUE
09/12/2025,Advance,500,Bank_Cash,Manohar,12-2025,Paid,Naseem,09/12/2025,Salary,5235,,OpEx - Labor,Expense,0,,,,,,,,TRUE
09/12/2025,Vegetables,521,Bank,bhaironath,12-2025,Unpaid,,,Inventory,5236,,COGS - Veg,Expense,0,,,,,,,,TRUE
09/12/2025,Dairy,1561,Bank,Adarsh Dairy,12-2025,Unpaid,,,Inventory,5237,,COGS - Dairy,Expense,0,,,,,,,,TRUE
09/12/2025,Advance,1000,Cash,Vijay,12-2025,Paid,Naseem,09/12/2025,Salary,5238,,OpEx - Labor,Expense,0,,,,,,,,TRUE
09/12/2025,Advance,3000,Bank,Sajid Noori,12-2025,Paid,Shakil,09/12/2025,Salary,5239,,OpEx - Labor,Expense,0,,,,,,,,TRUE
09/12/2025,Sales,2545,Cash,,12-2025,,,,Sales,5240,,Revenue,Income,0,,,,,,,,TRUE
09/12/2025,Sales,255,Due,,12-2025,,,,Sales,5241,,Revenue,Income,0,,,,,,,,TRUE
09/12/2025,Sales,1755,Online Sale,,12-2025,,,,Sales,5242,,Revenue,Income,0,,,,,,,,TRUE
09/12/2025,Sales,280,Zomato Pay,,12-2025,,,,Sales,5243,,Revenue,Income,0,,,,,,,,TRUE
09/12/2025,Sales,20293,Wallet,,12-2025,,,,Sales,5244,,Revenue,Income,0,,,,,,,,TRUE
09/12/2025,Vegetables,300,Cash,tomatto ,12-2025,Paid,Naseem,09/12/2025,Inventory,5245,,COGS - Veg,Expense,0,,,,,,,,TRUE
09/12/2025,Tea,30,Bank_Cash,tea,12-2025,Paid,Naseem,09/12/2025,Staff Expenses,5246,,OpEx - Labor,Expense,0,,,,,,,,TRUE
10/12/2025,Chicken,4764,Bank,Golden Chicken,12-2025,Unpaid,,,Inventory,5247,,COGS - NonVeg,Expense,0,,,,,,,,TRUE
10/12/2025,Charcoal,900,Bank,gyanewari,12-2025,Unpaid,,,Inventory,5248,,COGS - Fuel,Expense,0,,,,,,,,TRUE
10/12/2025,Grocery,270,Cash,Noodle,12-2025,Paid,Naseem,10/12/2025,Inventory,5249,,COGS - Grocery,Expense,0,,,,,,,,TRUE
10/12/2025,Dairy,1473,Bank,Adarsh Dairy,12-2025,Unpaid,,,Inventory,5250,,COGS - Dairy,Expense,0,,,,,,,,TRUE
10/12/2025,Maintenance,520,Bank_Cash,Auto rent,12-2025,Paid,Naseem,10/12/2025,Maintance,5251,,OpEx - Maintenance,Expense,0,,,,,,,,TRUE
10/12/2025,Beverages,2850,Bank,PepsiCo,12-2025,,,,Grocery,5252,,COGS - Grocery,Expense,0,,,,,,,,TRUE
10/12/2025,Tea,30,Bank_Cash,tea,12-2025,Paid,Naseem,10/12/2025,Staff Expenses,5253,,OpEx - Labor,Expense,0,,,,,,,,TRUE
10/12/2025,Vegetables,566,Bank,bhaironath,12-2025,Unpaid,,,Inventory,5254,,COGS - Veg,Expense,0,,,,,,,,TRUE
10/12/2025,Egg,430,Bank_Cash,mulani,12-2025,Paid,,,Grocery,5255,,COGS - Grocery,Expense,0,,,,,,,,TRUE
10/12/2025,Sales,3570,Cash,petpooja,12-2025,,,,Sales,5256,,Revenue,Income,0,,,,,,,,TRUE
10/12/2025,Sales,200,Card,petpooja,12-2025,,,,Sales,5257,,Revenue,Income,0,,,,,,,,TRUE
10/12/2025,Sales,610,UPI,petpooja,12-2025,,,,Sales,5258,,Revenue,Income,0,,,,,,,,TRUE
10/12/2025,Sales,408,Zomato Pay,petpooja,12-2025,,,,Sales,5259,,Revenue,Income,0,,,,,,,,TRUE
10/12/2025,Sales,1455,Online Sale,petpooja,12-2025,,,,Sales,5260,,Revenue,Income,0,,,,,,,,TRUE
10/12/2025,Sales,18029,Wallet,petpooja,12-2025,,,,Sales,5261,,Revenue,Income,0,,,,,,,,TRUE
10/12/2025,Petrol,310,Bank_Cash,petrol,12-2025,Paid,,,Bike Maintance,5262,,OpEx - Maintenance,Expense,0,,,,,,,,TRUE
11/12/2025,Garbage Vehicle,1500,Bank_Cash,Kachragadi,12-2025,Paid,,,Fixed Maintance,5263,,OpEx - Maintenance,Expense,0,,,,,,,,TRUE
11/12/2025,Maintenance,250,Bank_Cash,Bike chabhi,12-2025,Paid,,,Maintance,5264,,OpEx - Maintenance,Expense,0,,,,,,,,TRUE
11/12/2025,Chicken,4537,Bank,Golden Chicken,12-2025,Unpaid,,,Inventory,5265,,COGS - NonVeg,Expense,0,,,,,,,,TRUE
11/12/2025,Dairy,343,Bank,Adarsh Dairy,12-2025,Unpaid,,,Inventory,5266,,COGS - Dairy,Expense,0,,,,,,,,TRUE
11/12/2025,Beverages,320,Bank_Cash,Jeerasoda,12-2025,Paid,,,Grocery,5267,,COGS - Grocery,Expense,0,,,,,,,,TRUE
11/12/2025,Sales,2569,Cash,petpooja,12-2025,,,,Sales,5268,,Revenue,Income,0,,,,,,,,TRUE
11/12/2025,Sales,20585,Wallet,petpooja,12-2025,,,,Sales,5269,,Revenue,Income,0,,,,,,,,TRUE
11/12/2025,Sales,3072,Online Sale,petpooja,12-2025,,,,Sales,5270,,Revenue,Income,0,,,,,,,,TRUE
11/12/2025,Sales,1185,Card,petpooja,12-2025,,,,Sales,5271,,Revenue,Income,0,,,,,,,,TRUE
11/12/2025,Dairy,355,Due,petpooja,12-2025,,,,Inventory,5272,,COGS - Dairy,Expense,0,,,,,,,,TRUE
11/12/2025,Kinners,25,Cash,kinnar,12-2025,Paid,,,Maintance,5273,,OpEx - Misc,Expense,0,,,,,,,,TRUE
12/12/2025,Dairy,1263,Bank,Adarsh Dairy,12-2025,Unpaid,,,Inventory,5274,,COGS - Dairy,Expense,0,,,,,,,,TRUE
12/12/2025,Egg,430,Bank_Cash,mulani,12-2025,Paid,,,Grocery,5275,,COGS - Grocery,Expense,0,,,,,,,,TRUE
12/12/2025,Charcoal,900,Bank,gyanewari,12-2025,Unpaid,,,Inventory,5276,,COGS - Fuel,Expense,0,,,,,,,,TRUE
12/12/2025,Advance,1100,Cash,Dinesh,12-2025,Paid,Naseem,12/12/2025,Salary,5277,,OpEx - Labor,Expense,0,,,,,,,,TRUE
12/12/2025,Chicken,5186,Bank,Golden Chicken,12-2025,Unpaid,,,Inventory,5278,,COGS - NonVeg,Expense,0,,,,,,,,TRUE
12/12/2025,Tea,60,Bank_Cash,tea,12-2025,Paid,Naseem,,Staff Expenses,5279,,OpEx - Labor,Expense,0,,,,,,,,TRUE
11/12/2025,Vegetables,375,Bank,bhaironath,12-2025,Unpaid,,,Inventory,5280,,COGS - Veg,Expense,0,,,,,,,,TRUE
12/12/2025,Vegetables,808,Bank,bhaironath,12-2025,Unpaid,,,Inventory,5281,,COGS - Veg,Expense,0,,,,,,,,TRUE
12/12/2025,Sales,5011,Cash,petpooja,12-2025,,,,Sales,5282,,Revenue,Income,0,,,,,,,,TRUE
12/12/2025,Sales,26244,Wallet,petpooja,12-2025,,,,Sales,5283,,Revenue,Income,0,,,,,,,,TRUE
12/12/2025,Sales,2069,Online Sale,petpooja,12-2025,,,,Sales,5284,,Revenue,Income,0,,,,,,,,TRUE
12/12/2025,Sales,790,UPI,petpooja,12-2025,,,,Sales,5285,,Revenue,Income,0,,,,,,,,TRUE
12/12/2025,Sales,875,Zomato Pay,petpooja,12-2025,,,,Sales,5286,,Revenue,Income,0,,,,,,,,TRUE
12/12/2025,Advance,1000,Cash,Danish,12-2025,Paid,,,Salary,5287,,OpEx - Labor,Expense,0,,,,,,,,TRUE
12/12/2025,Sales,1535,Card,petpooja,12-2025,,,,Sales,5288,,Revenue,Income,0,,,,,,,,TRUE
13/12/2025,Dairy,550,Bank_Cash,soyschap,12-2025,Paid,Naseem,13/12/2025,Inventory,5289,,COGS - Dairy,Expense,0,,,,,,,,TRUE
13/12/2025,Mutton,1600,Bank_Cash,A1Mutton,12-2025,Paid,Naseem,13/12/2025,Inventory,5290,,COGS - NonVeg,Expense,0,,,,,,,,TRUE
13/12/2025,Grocery,1500,Bank,Balaji,12-2025,Unpaid,,,Inventory,5291,,COGS - Grocery,Expense,0,,,,,,,,TRUE
13/12/2025,Dairy,1069,Bank,Adarsh Dairy,12-2025,Unpaid,,,Inventory,5292,,COGS - Dairy,Expense,0,,,,,,,,TRUE
13/12/2025,Chicken,4823,Bank,Golden Chicken,12-2025,Unpaid,,,Inventory,5293,,COGS - NonVeg,Expense,0,,,,,,,,TRUE
13/12/2025,Kinners,10,Cash,kinnar,12-2025,Paid,Naseem,,Maintance,5294,,OpEx - Misc,Expense,0,,,,,,,,TRUE
13/12/2025,Vegetables,1087,Bank,bhaironath,12-2025,Unpaid,,,Inventory,5295,,COGS - Veg,Expense,0,,,,,,,,TRUE
13/12/2025,Egg,430,Bank_Cash,mulani,12-2025,Paid,Naseem,13/12/2025,Grocery,5296,,COGS - Grocery,Expense,0,,,,,,,,TRUE
13/12/2025,Vegetables,250,Cash,tomatto ,12-2025,Paid,,,Inventory,5297,,COGS - Veg,Expense,0,,,,,,,,TRUE
13/12/2025,Kinners,25,Cash,kinnar,12-2025,Paid,,,Maintance,5298,,OpEx - Misc,Expense,0,,,,,,,,TRUE
13/12/2025,Sales,10105,Cash,petpooja,12-2025,,,,Sales,5299,,Revenue,Income,0,,,,,,,,TRUE
13/12/2025,Sales,31416,Wallet,petpooja,12-2025,,,,Sales,5300,,Revenue,Income,0,,,,,,,,TRUE
13/12/2025,Sales,920,UPI,petpooja,12-2025,,,,Sales,5301,,Revenue,Income,0,,,,,,,,TRUE
13/12/2025,Sales,1250,Card,petpooja,12-2025,,,,Sales,5302,,Revenue,Income,0,,,,,,,,TRUE
13/12/2025,Sales,145,Online Sale,petpooja,12-2025,,,,Sales,5303,,Revenue,Income,0,,,,,,,,TRUE
13/12/2025,Disposable,1760,Bank,Anand disposble,12-2025,Unpaid,Naseem,13/12/2025,Inventory,5304,,COGS - Packaging,Expense,0,,,,,,,,TRUE
13/12/2025,Cash Return to Cx,90,Cash,Return customer,12-2025,Paid,Naseem,13/12/2025,Excess Amount Return,5305,,Excess Amount Return,Expense,0,,,,,,,,TRUE
13/12/2025,Tea,70,Bank_Cash,Tea,12-2025,Paid,Naseem,13/12/2025,Staff Expenses,5306,,OpEx - Labor,Expense,0,,,,,,,,TRUE
13/12/2025,Maintenance,180,Bank_Cash,Naasta shakil bhai,12-2025,Paid,Naseem,13/12/2025,Maintance,5307,,OpEx - Maintenance,Expense,0,,,,,,,,TRUE
14/12/2025,Dairy,1270,Bank,Adarsh Dairy,12-2025,Unpaid,,,Inventory,5308,,COGS - Dairy,Expense,0,,,,,,,,TRUE
14/12/2025,Beverages,1800,Bank_Cash,waterbottle,12-2025,Paid,Naseem,14/12/2025,Grocery,5309,,COGS - Grocery,Expense,0,,,,,,,,TRUE
14/12/2025,Dairy,250,Bank_Cash,Frenchfry,12-2025,Paid,Naseem,14/12/2025,Inventory,5310,,COGS - Dairy,Expense,0,,,,,,,,TRUE
14/12/2025,Vegetables,620,Bank_Cash,onion,12-2025,Paid,Naseem,14/12/2025,Inventory,5311,,COGS - Veg,Expense,0,,,,,,,,TRUE
14/12/2025,Kinners,15,Cash,kinnar,12-2025,Paid,Naseem,14/12/2025,Maintance,5312,,OpEx - Misc,Expense,0,,,,,,,,TRUE
14/12/2025,Chicken,5905,Bank,Golden Chicken,12-2025,Unpaid,,,Inventory,5313,,COGS - NonVeg,Expense,0,,,,,,,,TRUE
14/12/2025,Grocery,18275,Bank,Balaji,12-2025,Unpaid,,,Inventory,5314,,COGS - Grocery,Expense,0,,,,,,,,TRUE
14/12/2025,Momos,210,Cash,Momos,12-2025,Paid,Naseem,14/12/2025,Inventory,5315,,COGS - Inventory,Expense,0,,,,,,,,TRUE
14/12/2025,Vegetables,560,Bank,bhaironath,12-2025,Unpaid,,,Inventory,5316,,COGS - Veg,Expense,0,,,,,,,,TRUE
14/12/2025,Advance,100,Cash,Manohar,12-2025,Paid,Naseem,14/12/2025,Salary,5317,,OpEx - Labor,Expense,0,,,,,,,,TRUE
14/12/2025,Sales,3295,Cash,petpooja,12-2025,,,,Sales,5318,,Revenue,Income,0,,,,,,,,TRUE
14/12/2025,Sales,37180,Wallet,petpooja,12-2025,,,,Sales,5319,,Revenue,Income,0,,,,,,,,TRUE
14/12/2025,Sales,390,Due,petpooja,12-2025,,,,Sales,5320,,Revenue,Income,0,,,,,,,,TRUE
14/12/2025,Sales,2250,Card,petpooja,12-2025,,,,Sales,5321,,Revenue,Income,0,,,,,,,,TRUE
14/12/2025,Sales,1627,Online Sale,petpooja,12-2025,,,,Sales,5322,,Revenue,Income,0,,,,,,,,TRUE
14/12/2025,Sales,1060,UPI,petpooja,12-2025,,,,Sales,5323,,Revenue,Income,0,,,,,,,,TRUE
14/12/2025,Tea,140,Bank_Cash,tea,12-2025,Paid,Naseem,14/12/2025,Staff Expenses,5324,,OpEx - Labor,Expense,0,,,,,,,,TRUE
14/12/2025,Advance,5000,Bank_Cash,Irfan Advance,12-2025,Paid,Naseem,14/12/2025,Salary,5325,,OpEx - Labor,Expense,0,,,,,,,,TRUE
14/12/2025,Advance,5000,Bank_Cash,Hasim Advance,12-2025,Paid,Naseem,14/12/2025,Salary,5326,,OpEx - Labor,Expense,0,,,,,,,,TRUE
14/12/2025,Petrol,310,Bank_Cash,petrol,12-2025,Paid,Naseem,14/12/2025,Bike Maintance,5327,,OpEx - Maintenance,Expense,0,,,,,,,,TRUE
15/12/2025,Charcoal,1800,Bank,gyanewari,12-2025,Unpaid,,,Inventory,5328,,COGS - Fuel,Expense,0,,,,,,,,TRUE
15/12/2025,Dairy,1752,Bank,Adarsh Dairy,12-2025,Unpaid,,,Inventory,5329,,COGS - Dairy,Expense,0,,,,,,,,TRUE
15/12/2025,Vegetables,20,Cash,Mint,12-2025,Paid,Naseem,15/12/2025,Inventory,5330,,COGS - Veg,Expense,0,,,,,,,,TRUE
15/12/2025,Kinners,25,Cash,KInnar,12-2025,Paid,Naseem,15/12/2025,Maintance,5331,,OpEx - Misc,Expense,0,,,,,,,,TRUE
15/12/2025,Chicken,6641,Bank,Golden Chicken,12-2025,Unpaid,,,Inventory,5332,,COGS - NonVeg,Expense,0,,,,,,,,TRUE
15/12/2025,Maintenance,150,Cash,penting,12-2025,Paid,Naseem,15/12/2025,Maintance,5333,,OpEx - Maintenance,Expense,0,,,,,,,,TRUE
15/12/2025,Vegetables,932,Bank,bhaironath,12-2025,Unpaid,,,Inventory,5334,,COGS - Veg,Expense,0,,,,,,,,TRUE
15/12/2025,Maintenance,385,Bank_Cash,Hardwere,12-2025,Paid,Naseem,15/12/2025,Maintance,5335,,OpEx - Maintenance,Expense,0,,,,,,,,TRUE
15/12/2025,Vegetables,700,Bank_Cash,Brista,12-2025,Paid,Naseem,15/12/2025,Inventory,5336,,COGS - Veg,Expense,0,,,,,,,,TRUE
15/12/2025,Egg,430,Bank_Cash,mulani,12-2025,Paid,Naseem,15/12/2025,Grocery,5337,,COGS - Grocery,Expense,0,,,,,,,,TRUE
15/12/2025,Donation,250,Cash,donation,12-2025,Paid,Naseem,15/12/2025,Maintance,5338,,OpEx - Misc,Expense,0,,,,,,,,TRUE
15/12/2025,Internet,1200,Cash,Internet,12-2025,Paid,Naseem,15/12/2025,Fixed Maintance,5339,,OpEx - Utilities,Expense,0,,,,,,,,TRUE
15/12/2025,Sales,4490,Cash,petpooja,12-2025,,,,Sales,5340,,Revenue,Income,0,,,,,,,,TRUE
15/12/2025,Sales,19022,Wallet,petpooja,12-2025,,,,Sales,5341,,Revenue,Income,0,,,,,,,,TRUE
15/12/2025,Sales,665,UPI,petpooja,12-2025,,,,Sales,5342,,Revenue,Income,0,,,,,,,,TRUE
15/12/2025,Sales,170,Card,petpooja,12-2025,,,,Sales,5343,,Revenue,Income,0,,,,,,,,TRUE
15/12/2025,Sales,914,Online Sale,petpooja,12-2025,,,,Sales,5344,,Revenue,Income,0,,,,,,,,TRUE
15/12/2025,Sales,1130,Due,petpooja,12-2025,,,,Sales,5345,,Revenue,Income,0,,,,,,,,TRUE
15/12/2025,Tea,160,Bank_Cash,TEA and nasta,12-2025,Paid,Naseem,15/12/2025,Staff Expenses,5346,,OpEx - Labor,Expense,0,,,,,,,,TRUE
16/12/2025,Dairy,760,Bank_Cash,soyschap,12-2025,Paid,Naseem,16/12/2025,Inventory,5347,,COGS - Dairy,Expense,0,,,,,,,,TRUE
16/12/2025,Mutton,1600,Bank_Cash,A1Mutton,12-2025,Paid,Naseem,16/12/2025,Inventory,5348,,COGS - NonVeg,Expense,0,,,,,,,,TRUE
16/12/2025,Chicken,2566,Bank,Golden Chicken,12-2025,Unpaid,,,Inventory,5349,,COGS - NonVeg,Expense,0,,,,,,,,TRUE
16/12/2025,Maintenance,280,Bank_Cash,Hardwere,12-2025,Paid,Naseem,16/12/2025,Maintance,5350,,OpEx - Maintenance,Expense,0,,,,,,,,TRUE
16/12/2025,Dairy,946,Bank,Adarsh Dairy,12-2025,Unpaid,,,Inventory,5351,,COGS - Dairy,Expense,0,,,,,,,,TRUE
16/12/2025,Maintenance,160,Cash,Painting,12-2025,Paid,Naseem,16/12/2025,Maintance,5352,,OpEx - Maintenance,Expense,0,,,,,,,,TRUE
16/12/2025,Kinners,20,Cash,KInnar,12-2025,Paid,Naseem,16/12/2025,Maintance,5353,,OpEx - Misc,Expense,0,,,,,,,,TRUE
16/12/2025,Vegetables,958,Bank,bhaironath,12-2025,Unpaid,,,Inventory,5354,,COGS - Veg,Expense,0,,,,,,,,TRUE
16/12/2025,Vegetables,350,Bank_Cash,tomatto ,12-2025,Paid,Naseem,16/12/2025,Inventory,5355,,COGS - Veg,Expense,0,,,,,,,,TRUE
16/12/2025,Grocery,280,Bank_Cash,peri peri masala,12-2025,Paid,Naseem,16/12/2025,Inventory,5356,,COGS - Grocery,Expense,0,,,,,,,,TRUE
16/12/2025,Sales,6186,Cash,petpooja,12-2025,,,,Sales,5357,,Revenue,Income,0,,,,,,,,TRUE
16/12/2025,Sales,23083,Wallet,petpooja,12-2025,,,,Sales,5358,,Revenue,Income,0,,,,,,,,TRUE
16/12/2025,Sales,764,UPI,petpooja,12-2025,,,,Sales,5359,,Revenue,Income,0,,,,,,,,TRUE
16/12/2025,Sales,873,Online Sale,petpooja,12-2025,,,,Sales,5360,,Revenue,Income,0,,,,,,,,TRUE
16/12/2025,Sales,130,Card,petpooja,12-2025,,,,Sales,5361,,Revenue,Income,0,,,,,,,,TRUE
16/12/2025,Tea,30,Bank_Cash,tea,12-2025,Paid,Naseem,16/12/2025,Staff Expenses,5362,,OpEx - Labor,Expense,0,,,,,,,,TRUE
16/12/2025,Cash Return to Cx,190,Cash,Return customer,12-2025,Paid,Naseem,16/12/2025,Excess Amount Return,5363,,Excess Amount Return,Expense,0,,,,,,,,TRUE
16/12/2025,Sales,540,Due,petpooja,12-2025,,,,Sales,5364,,Revenue,Income,0,,,,,,,,TRUE
17/12/2025,Charcoal,1800,Bank,gyanewari,12-2025,Unpaid,,,Inventory,5365,,COGS - Fuel,Expense,0,,,,,,,,TRUE
17/12/2025,Dairy,1634,Bank,Adarsh Dairy,12-2025,Unpaid,,,Inventory,5366,,COGS - Dairy,Expense,0,,,,,,,,TRUE
17/12/2025,Petrol,310,Bank_Cash,petrol,12-2025,Paid,Naseem,17/12/2025,Bike Maintance,5367,,OpEx - Maintenance,Expense,0,,,,,,,,TRUE
17/12/2025,Grocery,320,Bank_Cash,Balaji,12-2025,Paid,Naseem,17/12/2025,Inventory,5368,,COGS - Grocery,Expense,0,,,,,,,,TRUE
17/12/2025,Chicken,7535,Bank,Golden Chicken,12-2025,Unpaid,,,Inventory,5369,,COGS - NonVeg,Expense,0,,,,,,,,TRUE
17/12/2025,Advance,1000,Bank_Cash,Manohar,12-2025,Paid,Naseem,17/12/2025,Salary,5370,,OpEx - Labor,Expense,0,,,,,,,,TRUE
17/12/2025,Kinners,15,Cash,KInnar,12-2025,Paid,,,Maintance,5371,,OpEx - Misc,Expense,0,,,,,,,,TRUE
17/12/2025,Egg,430,Bank_Cash,mulani,12-2025,Paid,Naseem,17/12/2025,Grocery,5372,,COGS - Grocery,Expense,0,,,,,,,,TRUE
17/12/2025,Vegetables,587,Bank_Cash,bhaironath,12-2025,Unpaid,,17/12/2025,Inventory,5373,,COGS - Veg,Expense,0,,,,,,,,TRUE
17/12/2025,Sales,2845,Cash,petpooja,12-2025,,,,Sales,5374,,Revenue,Income,0,,,,,,,,TRUE
17/12/2025,Sales,15588,Wallet,petpooja,12-2025,,,,Sales,5375,,Revenue,Income,0,,,,,,,,TRUE
17/12/2025,Sales,1173,Zomato Pay,petpooja,12-2025,,,,Sales,5376,,Revenue,Income,0,,,,,,,,TRUE
17/12/2025,Sales,1530,Online Sale,petpooja,12-2025,,,,Sales,5377,,Revenue,Income,0,,,,,,,,TRUE
17/12/2025,Sales,1250,UPI,petpooja,12-2025,,,,Sales,5378,,Revenue,Income,0,,,,,,,,TRUE
17/12/2025,Sales,1180,Card,petpooja,12-2025,,,,Sales,5379,,Revenue,Income,0,,,,,,,,TRUE
17/12/2025,tea,30,Bank_Cash,tea,12-2025,Paid,Naseem,17/12/2025,Staff Expenses,5380,,OpEx - Labor,Expense,0,,,,,,,,TRUE
17/12/2025,Maintenance,180,Bank_Cash,penting,12-2025,Paid,Naseem,17/12/2025,Maintance,5381,,OpEx - Maintenance,Expense,0,,,,,,,,TRUE
18/12/2025,Chicken,7016,Bank,Golden Chicken,12-2025,Unpaid,,,Inventory,5382,,COGS - NonVeg,Expense,0,,,,,,,,TRUE
18/12/2025,Grocery,13070,Bank,Balaji,12-2025,Unpaid,,,Inventory,5383,,COGS - Grocery,Expense,0,,,,,,,,TRUE
18/12/2025,Dairy,1221,Bank,Adarsh Dairy,12-2025,Unpaid,,,Inventory,5384,,COGS - Dairy,Expense,0,,,,,,,,TRUE
18/12/2025,Kinners,10,Cash,KInnar,12-2025,Paid,Naseem,18/12/2025,Maintance,5385,,OpEx - Misc,Expense,0,,,,,,,,TRUE
18/12/2025,Vegetables,503,Bank,bhaironath,12-2025,Unpaid,,,Inventory,5386,,COGS - Veg,Expense,0,,,,,,,,TRUE
18/12/2025,Cash Return to Cx,130,Cash,reeturn customer,12-2025,Paid,Naseem,18/12/2025,Excess Amount Return,5387,,Excess Amount Return,Expense,0,,,,,,,,TRUE
18/12/2025,Sales,4130,Cash,petpooja,12-2025,,,,Sales,5388,,Revenue,Income,0,,,,,,,,TRUE
18/12/2025,Sales,19390,Wallet,petpooja,12-2025,,,,Sales,5389,,Revenue,Income,0,,,,,,,,TRUE
18/12/2025,Sales,200,Card,petpooja,12-2025,,,,Sales,5390,,Revenue,Income,0,,,,,,,,TRUE
18/12/2025,Sales,1261,Online Sale,petpooja,12-2025,,,,Sales,5391,,Revenue,Income,0,,,,,,,,TRUE
18/12/2025,Sales,830,UPI,petpooja,12-2025,,,,Sales,5392,,Revenue,Income,0,,,,,,,,TRUE
18/12/2025,Momos,210,Cash,momos,12-2025,Paid,Naseem,18/12/2025,Inventory,5393,,COGS - Inventory,Expense,0,,,,,,,,TRUE
18/12/2025,Maintenance,230,Bank_Cash,Hardwere,12-2025,Paid,Naseem,18/12/2025,Maintance,5394,,OpEx - Maintenance,Expense,0,,,,,,,,TRUE
18/12/2025,tea,30,Bank_Cash,tea,12-2025,Paid,Naseem,18/12/2025,Staff Expenses,5395,,OpEx - Labor,Expense,0,,,,,,,,TRUE
18/12/2025,Water 20 Ltrs,1800,Bank_Cash,water kent,12-2025,Paid,Naseem,18/12/2025,Inventory,5396,,COGS - Utilities,Expense,0,,,,,,,,TRUE
19/12/2025,Mutton,1600,Bank_Cash,A1Mutton,12-2025,Paid,Naseem,19/12/2025,Inventory,5397,,COGS - NonVeg,Expense,0,,,,,,,,TRUE
19/12/2025,Vegetables,670,Bank_Cash,onion,12-2025,Paid,Naseem,19/12/2025,Inventory,5398,,COGS - Veg,Expense,0,,,,,,,,TRUE
19/12/2025,Grocery,700,Bank_Cash,Brista,12-2025,Paid,Naseem,19/12/2025,Inventory,5399,,COGS - Grocery,Expense,0,,,,,,,,TRUE
19/12/2025,Charcoal,1800,Bank,gyanewari,12-2025,Unpaid,,,Inventory,5400,,COGS - Fuel,Expense,0,,,,,,,,TRUE
19/12/2025,Chicken,4872,Bank,Golden Chicken,12-2025,Unpaid,,,Inventory,5401,,COGS - NonVeg,Expense,0,,,,,,,,TRUE
19/12/2025,Maintenance,200,Bank_Cash,Handi rent,12-2025,Paid,Naseem,19/12/2025,Maintance,5402,,OpEx - Maintenance,Expense,0,,,,,,,,TRUE
19/12/2025,Garbage Vehicle,700,Cash,Kachragadi,12-2025,Paid,Naseem,19/12/2025,Fixed Maintance,5403,,OpEx - Maintenance,Expense,0,,,,,,,,TRUE
19/12/2025,Beverages,1800,Bank_Cash,waterbottle,12-2025,Paid,Naseem,19/12/2025,Grocery,5404,,COGS - Grocery,Expense,0,,,,,,,,TRUE
19/12/2025,Beverages,940,Bank_Cash,softdrink,12-2025,Paid,Naseem,19/12/2025,Grocery,5405,,COGS - Grocery,Expense,0,,,,,,,,TRUE
19/12/2025,Beverages,470,Bank_Cash,softdrink,12-2025,Paid,Naseem,19/12/2025,Grocery,5406,,COGS - Grocery,Expense,0,,,,,,,,TRUE
19/12/2025,Disposable,540,Bank_Cash,Paperplate,12-2025,Paid,Naseem,19/12/2025,Inventory,5407,,COGS - Packaging,Expense,0,,,,,,,,TRUE
19/12/2025,Maintenance,15,Bank_Cash,wayring tap,12-2025,Paid,Naseem,19/12/2025,Maintance,5408,,OpEx - Maintenance,Expense,0,,,,,,,,TRUE
19/12/2025,Dairy,190,Bank_Cash,mayonice,12-2025,Paid,Naseem,19/12/2025,Inventory,5409,,COGS - Dairy,Expense,0,,,,,,,,TRUE
19/12/2025,Kinners,20,Cash,KInnar,12-2025,Paid,Naseem,,Maintance,5410,,OpEx - Misc,Expense,0,,,,,,,,TRUE
19/12/2025,Egg,438,Bank_Cash,mulani,12-2025,Paid,Naseem,19/12/2025,Grocery,5411,,COGS - Grocery,Expense,0,,,,,,,,TRUE
19/12/2025,Petrol,310,Bank_Cash,petrol,12-2025,Paid,Naseem,19/12/2025,Bike Maintance,5412,,OpEx - Maintenance,Expense,0,,,,,,,,TRUE
19/12/2025,Sales,6502,Cash,petpooja,12-2025,,,,Sales,5413,,Revenue,Income,0,,,,,,,,TRUE
19/12/2025,Sales,27507,Wallet,petpooja,12-2025,,,,Sales,5414,,Revenue,Income,0,,,,,,,,TRUE
19/12/2025,Sales,21250,Card,petpooja,12-2025,,,,Sales,5415,,Revenue,Income,0,,,,,,,,TRUE
19/12/2025,Sales,1936,Online Sale,petpooja,12-2025,,,,Sales,5416,,Revenue,Income,0,,,,,,,,TRUE
19/12/2025,Sales,50,UPI,petpooja,12-2025,,,,Sales,5417,,Revenue,Income,0,,,,,,,,TRUE
19/12/2025,Tea,110,Bank_Cash,tea,12-2025,Paid,Naseem,19/12/2025,Staff Expenses,5418,,OpEx - Labor,Expense,0,,,,,,,,TRUE
20/12/2025,Dairy,1056,Bank,Adarsh Dairy,12-2025,Unpaid,,,Inventory,5419,,COGS - Dairy,Expense,0,,,,,,,,TRUE
20/12/2025,Chicken,3034,Bank,Golden Chicken,12-2025,Unpaid,,,Inventory,5420,,COGS - NonVeg,Expense,0,,,,,,,,TRUE
20/12/2025,Vegetables,807,Bank,bhaironath,12-2025,Unpaid,,,Inventory,5421,,COGS - Veg,Expense,0,,,,,,,,TRUE
19/12/2025,Vegetables,1292,Bank,bhaironath,12-2025,Unpaid,,,Inventory,5422,,COGS - Veg,Expense,0,,,,,,,,TRUE
20/12/2025,Sales,6200,Cash,petpooja,12-2025,,,,Sales,5423,,Revenue,Income,0,,,,,,,,TRUE
20/12/2025,Sales,26369,Wallet,petpooja,12-2025,,,,Sales,5424,,Revenue,Income,0,,,,,,,,TRUE
20/12/2025,Sales,1770,Online Sale,petpooja,12-2025,,,,Sales,5425,,Revenue,Income,0,,,,,,,,TRUE
20/12/2025,Sales,1420,Card,petpooja,12-2025,,,,Sales,5426,,Revenue,Income,0,,,,,,,,TRUE
20/12/2025,Sales,705,Zomato Pay,petpooja,12-2025,,,,Sales,5427,,Revenue,Income,0,,,,,,,,TRUE
20/12/2025,Sales,160,Due,petpooja,12-2025,,,,Sales,5428,,Revenue,Income,0,,,,,,,,TRUE
20/12/2025,Maintenance,140,Online Sale,Hardwere,12-2025,Paid,Naseem,20/12/2025,Maintance,5429,,OpEx - Maintenance,Expense,0,,,,,,,,TRUE
20/12/2025,Tea,190,Bank_Cash,tea,12-2025,Paid,Naseem,20/12/2025,Staff Expenses,5430,,OpEx - Labor,Expense,0,,,,,,,,TRUE
20/12/2025,Vegetables,300,Bank_Cash,tomatto ,12-2025,Paid,Naseem,20/12/2025,Inventory,5431,,COGS - Veg,Expense,0,,,,,,,,TRUE
20/12/2025,Sales,610,UPI,petpooja,12-2025,,,,Sales,5432,,Revenue,Income,0,,,,,,,,TRUE
21/12/2025,Grocery,960,Bank_Cash,Balaji,12-2025,Paid,Naseem,21/12/2025,Inventory,5433,,COGS - Grocery,Expense,0,,,,,,,,TRUE
21/12/2025,Grocery,700,Bank_Cash,Brista,12-2025,Paid,Naseem,,Inventory,5434,,COGS - Grocery,Expense,0,,,,,,,,TRUE
21/12/2025,Dairy,1086,Bank,Adarsh Dairy,12-2025,Unpaid,,,Inventory,5435,,COGS - Dairy,Expense,0,,,,,,,,TRUE
21/12/2025,Kinners,40,Cash,KInnar,12-2025,Paid,Naseem,21/12/2025,Maintance,5436,,OpEx - Misc,Expense,0,,,,,,,,TRUE
21/12/2025,Grocery,476,Bank_Cash,badisouf,12-2025,Paid,Naseem,21/12/2025,Inventory,5437,,COGS - Grocery,Expense,0,,,,,,,,TRUE
21/12/2025,Dairy,350,Bank_Cash,paratha,12-2025,Paid,Naseem,21/12/2025,Inventory,5438,,COGS - Dairy,Expense,0,,,,,,,,TRUE
21/12/2025,Egg,438,Bank_Cash,mulani,12-2025,Paid,Naseem,21/12/2025,Grocery,5439,,COGS - Grocery,Expense,0,,,,,,,,TRUE
21/12/2025,Mutton,1050,Bank_Cash,Paya,12-2025,Paid,Naseem,21/12/2025,Inventory,5440,,COGS - NonVeg,Expense,0,,,,,,,,TRUE
21/12/2025,Chicken,8889,Bank,Golden Chicken,12-2025,Unpaid,,,Inventory,5441,,COGS - NonVeg,Expense,0,,,,,,,,TRUE
21/12/2025,Vegetables,839,Bank,bhaironath,12-2025,Unpaid,,,Inventory,5442,,COGS - Veg,Expense,0,,,,,,,,TRUE
21/12/2025,Sales,5535,Cash,petpooja,12-2025,,,,Sales,5443,,Revenue,Income,0,,,,,,,,TRUE
21/12/2025,Sales,28398,Wallet,petpooja,12-2025,,,,Sales,5444,,Revenue,Income,0,,,,,,,,TRUE
21/12/2025,Sales,150,Card,petpooja,12-2025,,,,Sales,5445,,Revenue,Income,0,,,,,,,,TRUE
21/12/2025,Sales,540,UPI,petpooja,12-2025,,,,Sales,5446,,Revenue,Income,0,,,,,,,,TRUE
21/12/2025,Sales,2140,Online Sale,petpooja,12-2025,,,,Sales,5447,,Revenue,Income,0,,,,,,,,TRUE
21/12/2025,Sales,400,Zomato Pay,petpooja,12-2025,,,,Sales,5448,,Revenue,Income,0,,,,,,,,TRUE
21/12/2025,tea,90,Bank_Cash,tea,12-2025,Paid,Naseem,21/12/20225,Staff Expenses,5449,,OpEx - Labor,Expense,0,,,,,,,,TRUE
22/12/2025,Charcoal,900,Bank,bhaironath,12-2025,Unpaid,,,Inventory,5450,,COGS - Fuel,Expense,0,,,,,,,,TRUE
22/12/2025,Dairy,752,Bank,Adarsh Dairy,12-2025,Unpaid,,,Inventory,5451,,COGS - Dairy,Expense,0,,,,,,,,TRUE
22/12/2025,Grocery,560,Bank_Cash,Noodle,12-2025,Paid,Naseem,22/12/2025,Inventory,5452,,COGS - Grocery,Expense,0,,,,,,,,TRUE
22/12/2025,Vegetables,670,Bank_Cash,onion,12-2025,Paid,Naseem,22/12/2025,Inventory,5453,,COGS - Veg,Expense,0,,,,,,,,TRUE
22/12/2025,Grocery,2506,Bank_Cash,Golden Chicken,12-2025,Unpaid,,,Inventory,5454,,COGS - Grocery,Expense,0,,,,,,,,TRUE
22/12/2025,Vegetables,598,Bank,bhaironath,12-2025,Unpaid,,,Inventory,5455,,COGS - Veg,Expense,0,,,,,,,,TRUE
22/12/2025,Sales,3225,Cash,petpooja,12-2025,,,,Sales,5456,,Revenue,Income,0,,,,,,,,TRUE
22/12/2025,Sales,14809,Wallet,petpooja,12-2025,,,,Sales,5457,,Revenue,Income,0,,,,,,,,TRUE
22/12/2025,Sales,495,Card,petpooja,12-2025,,,,Sales,5458,,Revenue,Income,0,,,,,,,,TRUE
22/12/2025,Sales,165,UPI,petpooja,12-2025,,,,Sales,5459,,Revenue,Income,0,,,,,,,,TRUE
22/12/2025,Sales,137,Online Sale,petpooja,12-2025,,,,Sales,5460,,Revenue,Income,0,,,,,,,,TRUE
22/12/2025,Tea,30,Bank_Cash,tea,12-2025,Paid,Naseem,22/12/2025,Staff Expenses,5461,,OpEx - Labor,Expense,0,,,,,,,,TRUE
22/12/2025,Kinners,20,Cash,kinnar,12-2025,Paid,Naseem,22/12/2025,Maintance,5462,,OpEx - Misc,Expense,0,,,,,,,,TRUE
23/12/2025,egg,438,Bank_Cash,mulani,12-2025,Paid,Naseem,22/12/2025,Grocery,5463,,COGS - Grocery,Expense,0,,,,,,,,TRUE
23/12/2025,Grocery,12150,Bank,Balaji,12-2025,Unpaid,,,Inventory,5464,,COGS - Grocery,Expense,0,,,,,,,,TRUE
23/12/2025,Chicken,4836,Bank,Golden Chicken,12-2025,Unpaid,,,Inventory,5465,,COGS - NonVeg,Expense,0,,,,,,,,TRUE
23/12/2025,Mutton,2100,Bank_Cash,A1Mutton,12-2025,Paid,Naseem,23/12/2025,Inventory,5466,,COGS - NonVeg,Expense,0,,,,,,,,TRUE
23/12/2025,Petrol,200,Bank_Cash,petrol,12-2025,Paid,Naseem,23/12/2025,Bike Maintance,5467,,OpEx - Maintenance,Expense,0,,,,,,,,TRUE
23/12/2025,Dairy,960,Bank_Cash,soyachap,12-2025,Paid,Naseem,23/12/2025,Inventory,5468,,COGS - Dairy,Expense,0,,,,,,,,TRUE
23/12/2025,Tea,30,Bank_Cash,tea,12-2025,Paid,Naseem,,Staff Expenses,5469,,OpEx - Labor,Expense,0,,,,,,,,TRUE
23/12/2025,Vegetables,650,Bank,bhaironath,12-2025,Unpaid,,,Inventory,5470,,COGS - Veg,Expense,0,,,,,,,,TRUE
23/12/2025,Vegetables,300,Bank_Cash,tomatto ,12-2025,Paid,Naseem,23/12/2025,Inventory,5471,,COGS - Veg,Expense,0,,,,,,,,TRUE
23/12/2025,Sales,5255,Cash,petpooja,12-2025,,,,Sales,5472,,Revenue,Income,0,,,,,,,,TRUE
23/12/2025,Sales,14090,Wallet,petpooja,12-2025,,,,Sales,5473,,Revenue,Income,0,,,,,,,,TRUE
23/12/2025,Sales,3085,Online Sale,petpooja,12-2025,,,,Sales,5474,,Revenue,Income,0,,,,,,,,TRUE
24/12/2025,Charcoal,1800,Bank,gyanewari,12-2025,Unpaid,,,Inventory,5475,,COGS - Fuel,Expense,0,,,,,,,,TRUE
24/12/2025,Chicken,10041,Bank,Golden Chicken,12-2025,Unpaid,,,Inventory,5476,,COGS - NonVeg,Expense,0,,,,,,,,TRUE
24/12/2025,Disposable,6815,Bank,Anand disposble,12-2025,Unpaid,,,Inventory,5477,,COGS - Packaging,Expense,0,,,,,,,,TRUE
24/12/2025,Petrol,310,Bank_Cash,petrol,12-2025,Paid,Naseem,24/12/2025,Bike Maintance,5478,,OpEx - Maintenance,Expense,0,,,,,,,,TRUE
24/12/2025,Beverages,1800,Bank_Cash,waterbottle,12-2025,Paid,Naseem,24/12/2025,Grocery,5479,,COGS - Grocery,Expense,0,,,,,,,,TRUE
24/12/2025,Kinners,10,Cash,kinnar,12-2025,Paid,Naseem,24/12/2025,Maintance,5480,,OpEx - Misc,Expense,0,,,,,,,,TRUE
24/12/2025,Vegetables,130,Bank_Cash,papaya,12-2025,Paid,Naseem,24/12/2025,Inventory,5481,,COGS - Veg,Expense,0,,,,,,,,TRUE
24/12/2025,Vegetables,726,Bank,bhaironath,12-2025,Unpaid,,,Inventory,5482,,COGS - Veg,Expense,0,,,,,,,,TRUE
24/12/2025,Kinners,30,Cash,kinnar,12-2025,Paid,Naseem,24/12/2025,Maintance,5483,,OpEx - Misc,Expense,0,,,,,,,,TRUE
24/12/2025,Sales,1860,Cash,petpooja,12-2025,,,,Sales,5484,,Revenue,Income,0,,,,,,,,TRUE
24/12/2025,Sales,24404,Wallet,petpooja,12-2025,,,,Sales,5485,,Revenue,Income,0,,,,,,,,TRUE
24/12/2025,Sales,400,UPI,petpooja,12-2025,,,,Sales,5486,,Revenue,Income,0,,,,,,,,TRUE
24/12/2025,Sales,2859,Online Sale,petpooja,12-2025,,,,Sales,5487,,Revenue,Income,0,,,,,,,,TRUE
24/12/2025,Tea,30,Bank_Cash,tea,12-2025,Paid,Naseem,24/12/2025,Staff Expenses,5488,,OpEx - Labor,Expense,0,,,,,,,,TRUE
23/12/2025,Dairy,1087,Bank,Adarsh Dairy,12-2025,Unpaid,,,Inventory,5489,,COGS - Dairy,Expense,0,,,,,,,,TRUE
24/12/2025,Dairy,1493,Bank,Adarsh Dairy,12-2025,Unpaid,,,Inventory,5490,,COGS - Dairy,Expense,0,,,,,,,,TRUE
25/12/2025,Dairy,1214,Bank,Adarsh Dairy,12-2025,Unpaid,,,Inventory,5491,,COGS - Dairy,Expense,0,,,,,,,,TRUE
25/12/2025,Tea,250,Bank_Cash,Naasta shakil bhai,12-2025,Paid,Naseem,25/12/2025,Staff Expenses,5492,,OpEx - Labor,Expense,0,,,,,,,,TRUE
25/12/2025,Vegetables,742,Bank,bhaironath,12-2025,Unpaid,,,Inventory,5493,,COGS - Veg,Expense,0,,,,,,,,TRUE
25/12/2025,Kinners,50,Cash,kinnar,12-2025,Paid,Naseem,25/12/2025,Maintance,5494,,OpEx - Misc,Expense,0,,,,,,,,TRUE
25/12/2025,Maintenance,60,Bank_Cash,Hardwere,12-2025,Paid,Naseem,25/12/2025,Maintance,5495,,OpEx - Maintenance,Expense,0,,,,,,,,TRUE
25/12/2025,Sales,7897,Cash,petpooja,12-2025,,,,Sales,5496,,Revenue,Income,0,,,,,,,,TRUE
25/12/2025,Sales,1823,UPI,petpooja,12-2025,,,,Sales,5497,,Revenue,Income,0,,,,,,,,TRUE
25/12/2025,Sales,21247,Wallet,petpooja,12-2025,,,,Sales,5498,,Revenue,Income,0,,,,,,,,TRUE
25/12/2025,Sales,585,Zomato Pay,petpooja,12-2025,,,,Sales,5499,,Revenue,Income,0,,,,,,,,TRUE
25/12/2025,Sales,662,Online Sale,petpooja,12-2025,,,,Sales,5500,,Revenue,Income,0,,,,,,,,TRUE
25/12/2025,Egg,450,Bank_Cash,mulani,12-2025,Paid,Naseem,25/12/2025,Grocery,5501,,COGS - Grocery,Expense,0,,,,,,,,TRUE
25/12/2025,tea,155,Bank_Cash,tea,12-2025,Paid,Naseem,25/12/2025,Staff Expenses,5502,,OpEx - Labor,Expense,0,,,,,,,,TRUE
25/12/2025,Petrol,13473,Bank_Cash,petrol,12-2025,Paid,Naseem,25/12/2025,Bike Maintance,5503,,OpEx - Maintenance,Expense,0,,,,,,,,TRUE
26/12/2025,Dairy,886,Bank,Adarsh Dairy,12-2025,Unpaid,,,Inventory,5504,,COGS - Dairy,Expense,0,,,,,,,,TRUE
26/12/2025,Charcoal,900,Bank,gyanewari,12-2025,Unpaid,,,Inventory,5505,,COGS - Fuel,Expense,0,,,,,,,,TRUE
26/12/2025,Kinners,30,Cash,kinnar,12-2025,Paid,Naseem,26/12/2025,Maintance,5506,,OpEx - Misc,Expense,0,,,,,,,,TRUE
26/12/2025,Momos,210,Bank_Cash,momos,12-2025,Paid,Naseem,26/12/2025,Inventory,5507,,COGS - Inventory,Expense,0,,,,,,,,TRUE
26/12/2025,Vegetables,480,Bank,bhaironath,12-2025,Unpaid,,,Inventory,5508,,COGS - Veg,Expense,0,,,,,,,,TRUE
26/12/2025,Sales,4668,Cash,petpooja,12-2025,,,,Sales,5509,,Revenue,Income,0,,,,,,,,TRUE
26/12/2025,Sales,15205,Wallet,petpooja,12-2025,,,,Sales,5510,,Revenue,Income,0,,,,,,,,TRUE
26/12/2025,Sales,220,UPI,petpooja,12-2025,,,,Sales,5511,,Revenue,Income,0,,,,,,,,TRUE
26/12/2025,Sales,6444,Online Sale,petpooja,12-2025,,,,Sales,5512,,Revenue,Income,0,,,,,,,,TRUE
26/12/2025,Vegetables,30,Cash,MInt,12-2025,Paid,Naseem,26/12/2025,Inventory,5513,,COGS - Veg,Expense,0,,,,,,,,TRUE
26/12/2025,Cash Return to Cx,50,Cash,customer  return,12-2025,Paid,Naseem,26/12/2025,Excess Amount Return,5514,,Excess Amount Return,Expense,0,,,,,,,,TRUE
26/12/2025,Maintenance,200,Bank_Cash,porter,12-2025,Paid,Naseem,26/12/2025,Maintance,5515,,OpEx - Maintenance,Expense,0,,,,,,,,TRUE
26/12/2025,Tea,240,Bank_Cash,tea,12-2025,Paid,Naseem,26/12/2025,Staff Expenses,5516,,OpEx - Labor,Expense,0,,,,,,,,TRUE
26/12/2025,Petrol,430,Bank_Cash,petrol,12-2025,Paid,Naseem,26/12/2025,Bike Maintance,5517,,OpEx - Maintenance,Expense,0,,,,,,,,TRUE
26/12/2025,Maintenance,3750,Bank_Cash,Flexprint,12-2025,Paid,Naseem,26/12/2025,Maintance,5518,,OpEx - Maintenance,Expense,0,,,,,,,,TRUE
26/12/2025,Maintenance,4000,Bank_Cash,justdail,12-2025,Paid,Naseem,26/12/2025,Maintance,5519,,OpEx - Maintenance,Expense,0,,,,,,,,TRUE
27/12/2025,Dairy,538,Bank,Adarsh Dairy,12-2025,Unpaid,,,Inventory,5520,,COGS - Dairy,Expense,0,,,,,,,,TRUE
27/12/2025,Mutton,500,Bank_Cash,paya,12-2025,Paid,Naseem,26/12/2025,Inventory,5521,,COGS - NonVeg,Expense,0,,,,,,,,TRUE
27/12/2025,Dairy,760,Bank_Cash,soyachap,12-2025,Paid,Naseem,26/12/2025,Inventory,5522,,COGS - Dairy,Expense,0,,,,,,,,TRUE
27/12/2025,Vegetables,493,Bank,bhaironath,12-2025,Unpaid,,,Inventory,5523,,COGS - Veg,Expense,0,,,,,,,,TRUE
27/12/2025,Maintenance,70,Bank_Cash,Handwash,12-2025,Paid,Naseem,27/12/2025,Maintance,5524,,OpEx - Maintenance,Expense,0,,,,,,,,TRUE
27/12/2025,Kinners,60,Bank_Cash,kinnar,12-2025,Paid,Naseem,27/12/2025,Maintance,5525,,OpEx - Misc,Expense,0,,,,,,,,TRUE
27/12/2025,Egg,450,Bank_Cash,mulani,12-2025,Paid,Naseem,27/12/2025,Grocery,5526,,COGS - Grocery,Expense,0,,,,,,,,TRUE
27/12/2025,Tea,210,Bank_Cash,Nasta ,12-2025,Paid,Naseem,27/12/2025,Staff Expenses,5527,,OpEx - Labor,Expense,0,,,,,,,,TRUE
27/12/2025,Sales,9033,Cash,petpooja,12-2025,,,,Sales,5528,,Revenue,Income,0,,,,,,,,TRUE
27/12/2025,Sales,21781,Wallet,petpooja,12-2025,,,,Sales,5529,,Revenue,Income,0,,,,,,,,TRUE
27/12/2025,Sales,994,UPI,petpooja,12-2025,,,,Sales,5530,,Revenue,Income,0,,,,,,,,TRUE
27/12/2025,Sales,544,Online Sale,petpooja,12-2025,,,,Sales,5531,,Revenue,Income,0,,,,,,,,TRUE
27/12/2025,Chicken,3608,Bank,Golden Chicken,12-2025,Unpaid,,,Inventory,5532,,COGS - NonVeg,Expense,0,,,,,,,,TRUE
27/12/2025,Tea,190,Bank_Cash,nasta shakil bhai,12-2025,Paid,Naseem,27/12/2025,Staff Expenses,5533,,OpEx - Labor,Expense,0,,,,,,,,TRUE
28/12/2025,Grocery,140,Bank_Cash,Balaji,12-2025,Paid,Naseem,28/12/2025,Inventory,5534,,COGS - Grocery,Expense,0,,,,,,,,TRUE
28/12/2025,Dairy,30,Bank_Cash,milk,12-2025,Paid,Naseem,28/12/2025,Inventory,5535,,COGS - Dairy,Expense,0,,,,,,,,TRUE
28/12/2025,Vegetables,840,Bank,bhaironath,12-2025,Unpaid,,,Inventory,5536,,COGS - Veg,Expense,0,,,,,,,,TRUE
28/12/2025,Kinners,20,Cash,KInnar,12-2025,Paid,Naseem,28/12/2025,Maintance,5537,,OpEx - Misc,Expense,0,,,,,,,,TRUE
28/12/2025,Petrol,310,Bank_Cash,petrol,12-2025,Paid,Naseem,28/12/2025,Bike Maintance,5538,,OpEx - Maintenance,Expense,0,,,,,,,,TRUE
28/12/2025,Maintenance,200,Bank_Cash,porter,12-2025,Paid,Naseem,28/12/2025,Maintance,5539,,OpEx - Maintenance,Expense,0,,,,,,,,TRUE
28/12/2025,Grocery,750,Bank_Cash,Brista,12-2025,Paid,Naseem,28/12/2025,Inventory,5540,,COGS - Grocery,Expense,0,,,,,,,,TRUE
28/12/2025,Advance,600,Bank_Cash,Nasim Bhai Advance,12-2025,Paid,Naseem,28/12/2025,Salary,5541,,OpEx - Labor,Expense,0,,,,,,,,TRUE
28/12/2025,Sales,3794,Cash,petpooja,12-2025,,,,Sales,5542,,Revenue,Income,0,,,,,,,,TRUE
28/12/2025,Sales,14313,Wallet,petpooja,12-2025,,,,Sales,5543,,Revenue,Income,0,,,,,,,,TRUE
28/12/2025,Sales,290,Card,petpooja,12-2025,,,,Sales,5544,,Revenue,Income,0,,,,,,,,TRUE
28/12/2025,Sales,30,UPI,petpooja,12-2025,,,,Sales,5545,,Revenue,Income,0,,,,,,,,TRUE
28/12/2025,Sales,4581,Online Sale,petpooja,12-2025,,,,Sales,5546,,Revenue,Income,0,,,,,,,,TRUE
28/12/2025,Sales,765,Zomato Pay,petpooja,12-2025,,,,Sales,5547,,Revenue,Income,0,,,,,,,,TRUE
28/12/2025,Chicken,6658,Bank,Golden Chicken,12-2025,Unpaid,,,Inventory,5548,,COGS - NonVeg,Expense,0,,,,,,,,TRUE
28/12/2025,Tea,175,Bank_Cash,tea,12-2025,Paid,Naseem,28/12/2025,Staff Expenses,5549,,OpEx - Labor,Expense,0,,,,,,,,TRUE
29/12/2025,Charcoal,1800,Bank,gyanewari,12-2025,Unpaid,,,Inventory,5550,,COGS - Fuel,Expense,0,,,,,,,,TRUE
29/12/2025,Grocery,15065,Bank,Balaji,12-2025,Unpaid,,,Inventory,5551,,COGS - Grocery,Expense,0,,,,,,,,TRUE
29/12/2025,Tea,250,Bank_Cash,nasta ,12-2025,Paid,Naseem,29/12/2025,Staff Expenses,5552,,OpEx - Labor,Expense,0,,,,,,,,TRUE
29/12/2025,Kinners,30,Cash,KInnar,12-2025,Paid,Naseem,29/12/2025,Maintance,5553,,OpEx - Misc,Expense,0,,,,,,,,TRUE
29/12/2025,Vegetables,1044,Bank,bhaironath,12-2025,Unpaid,,,Inventory,5554,,COGS - Veg,Expense,0,,,,,,,,TRUE
29/12/2025,Maintenance,250,Bank_Cash,Bikerepair,12-2025,Paid,Naseem,29/12/2025,Maintance,5555,,OpEx - Maintenance,Expense,0,,,,,,,,TRUE
29/12/2025,Kinners,40,Cash,KInnar,12-2025,Paid,Naseem,29/12/2025,Maintance,5556,,OpEx - Misc,Expense,0,,,,,,,,TRUE
29/12/2025,Vegetables,300,Bank_Cash,tomatto ,12-2025,Paid,Naseem,29/12/2025,Inventory,5557,,COGS - Veg,Expense,0,,,,,,,,TRUE
29/12/2025,Sales,2909,Cash,petpooja,12-2025,,,,Sales,5558,,Revenue,Income,0,,,,,,,,TRUE
29/12/2025,Sales,15375,Wallet,petpooja,12-2025,,,,Sales,5559,,Revenue,Income,0,,,,,,,,TRUE
29/12/2025,Sales,295,UPI,petpooja,12-2025,,,,Sales,5560,,Revenue,Income,0,,,,,,,,TRUE
29/12/2025,Sales,1882,Online Sale,petpooja,12-2025,,,,Sales,5561,,Revenue,Income,0,,,,,,,,TRUE
29/12/2025,Dairy,690,Bank,Adarsh Dairy,12-2025,Unpaid,,,Inventory,5562,,COGS - Dairy,Expense,0,,,,,,,,TRUE
28/12/2025,Dairy,1638,Bank,Adarsh Dairy,12-2025,Unpaid,,,Inventory,5563,,COGS - Dairy,Expense,0,,,,,,,,TRUE
29/12/2025,Chicken,3689,Bank,Golden Chicken,12-2025,Unpaid,,,Inventory,5564,,COGS - NonVeg,Expense,0,,,,,,,,TRUE
29/12/2025,Tea,210,Bank_Cash,tea,12-2025,Paid,Naseem,29/12/2025,Staff Expenses,5565,,OpEx - Labor,Expense,0,,,,,,,,TRUE
29/12/2025,Vegetables,120,Bank_Cash,papaya,12-2025,Paid,Naseem,29/12/2025,Inventory,5566,,COGS - Veg,Expense,0,,,,,,,,TRUE
29/12/2025,Advance,1000,Bank_Cash,Vijay,12-2025,Paid,Naseem,29/12/2025,Salary,5567,,OpEx - Labor,Expense,0,,,,,,,,TRUE
30/12/2025,Dairy,1076,Bank,Adarsh Dairy,12-2025,Unpaid,,,Inventory,5568,,COGS - Dairy,Expense,0,,,,,,,,TRUE
30/12/2025,Bakery,3150,Bank_Cash,pitabread,12-2025,Paid,Naseem,30/12/2025,Grocery,5569,,COGS - Grocery,Expense,0,,,,,,,,TRUE
30/12/2025,Maintenance,150,Bank_Cash,Baket,12-2025,Paid,Naseem,30/12/2025,Maintance,5570,,OpEx - Maintenance,Expense,0,,,,,,,,TRUE
30/12/2025,Maintenance,300,Bank_Cash,porter,12-2025,Paid,Naseem,30/12/2025,Maintance,5571,,OpEx - Maintenance,Expense,0,,,,,,,,TRUE
30/12/2025,Mutton,3700,Bank_Cash,A1Mutton,12-2025,Paid,Naseem,30/12/2025,Inventory,5572,,COGS - NonVeg,Expense,0,,,,,,,,TRUE
30/12/2025,Dairy,350,Bank_Cash,paratha,12-2025,Unpaid,Naseem,30/12/2025,Inventory,5573,,COGS - Dairy,Expense,0,,,,,,,,TRUE
30/12/2025,Kinners,30,Cash,KInnar,12-2025,Paid,Naseem,,Maintance,5574,,OpEx - Misc,Expense,0,,,,,,,,TRUE
30/12/2025,Advance,35000,Bank,Sajid Noori,12-2025,Paid,Bank,30/12/2025,Salary,5575,,OpEx - Labor,Expense,0,,,,,,,,TRUE
30/12/2025,Sales,4690,Cash,petpooja,12-2025,,,,Sales,5576,,Revenue,Income,0,,,,,,,,TRUE
30/12/2025,Sales,18823,Wallet,petpooja,12-2025,,,,Sales,5577,,Revenue,Income,0,,,,,,,,TRUE
30/12/2025,Sales,500,UPI,petpooja,12-2025,,,,Sales,5578,,Revenue,Income,0,,,,,,,,TRUE
30/12/2025,Sales,1330,Online Sale,petpooja,12-2025,,,,Sales,5579,,Revenue,Income,0,,,,,,,,TRUE
30/12/2025,Tea,80,Bank_Cash,tea,12-2025,Paid,Naseem,30/12/2025,Staff Expenses,5580,,OpEx - Labor,Expense,0,,,,,,,,TRUE
30/12/2025,Chicken,14140,Bank,Golden Chicken,12-2025,Unpaid,,,Inventory,5581,,COGS - NonVeg,Expense,0,,,,,,,,TRUE
31/12/2025,Charcoal,1800,Bank,gyanewari,12-2025,Unpaid,,,Inventory,5582,,COGS - Fuel,Expense,0,,,,,,,,TRUE
31/12/2025,Dairy,580,Bank_Cash,chap,12-2025,Paid,Naseem,31/12/2025,Inventory,5583,,COGS - Dairy,Expense,0,,,,,,,,TRUE
31/12/2025,Vegetables,570,Bank_Cash,onion,12-2025,Paid,Naseem,31/12/2025,Inventory,5584,,COGS - Veg,Expense,0,,,,,,,,TRUE
31/12/2025,Grocery,750,Bank_Cash,Brista,12-2025,Paid,Naseem,31/12/2025,Inventory,5585,,COGS - Grocery,Expense,0,,,,,,,,TRUE
31/12/2025,Egg,876,Bank_Cash,mulani,12-2025,Paid,Naseem,31/12/2025,Grocery,5586,,COGS - Grocery,Expense,0,,,,,,,,TRUE
31/12/2025,Beverages,1899,Bank_Cash,softdrink,12-2025,Paid,Naseem,31/12/2025,Grocery,5587,,COGS - Grocery,Expense,0,,,,,,,,TRUE
31/12/2025,Vegetables,20,Cash,mint,12-2025,Paid,Naseem,,Inventory,5588,,COGS - Veg,Expense,0,,,,,,,,TRUE
31/12/2025,Vegetables,893,Bank,bhaironath,12-2025,Unpaid,,,Inventory,5589,,COGS - Veg,Expense,0,,,,,,,,TRUE
30/12/2025,Vegetables,1183,Bank,bhaironath,12-2025,Unpaid,,,Inventory,5590,,COGS - Veg,Expense,0,,,,,,,,TRUE
31/12/2025,Dairy,3066,Bank,Adarsh Dairy,12-2025,Unpaid,,,Inventory,5591,,COGS - Dairy,Expense,0,,,,,,,,TRUE
31/12/2025,Sales,8212,Cash,petpooja,12-2025,,,,Sales,5592,,Revenue,Income,0,,,,,,,,TRUE
31/12/2025,Sales,49445,Wallet,petpooja,12-2025,,,,Sales,5593,,Revenue,Income,0,,,,,,,,TRUE
31/12/2025,Sales,20,UPI,petpoja,12-2025,,,,Sales,5594,,Revenue,Income,0,,,,,,,,TRUE
31/12/2025,Sales,8890,Online Sale,petpoja,12-2025,,,,Sales,5595,,Revenue,Income,0,,,,,,,,TRUE
31/12/2025,Sales,1330,Card,petpooja,12-2025,,,,Sales,5596,,Revenue,Income,0,,,,,,,,TRUE
31/12/2025,Chicken,11857,Bank,Golden Chicken,12-2025,Unpaid,,,Inventory,5597,,COGS - NonVeg,Expense,0,,,,,,,,TRUE
31/12/2025,Kinners,20,Cash,KInnar,12-2025,Paid,Naseem,31/12/2025,Maintance,5598,,OpEx - Misc,Expense,0,,,,,,,,TRUE
31/12/2025,tea,50,Bank_Cash,nasta,12-2025,Paid,Naseem,31/12/2025,Staff Expenses,5599,,OpEx - Labor,Expense,0,,,,,,,,TRUE
31/12/2025,Beverages,1800,Bank_Cash,waterbottle,12-2025,Paid,Naseem,,Grocery,5600,,COGS - Grocery,Expense,0,,,,,,,,TRUE
31/12/2025,Tea,180,Bank_Cash,tea,12-2025,Paid,Naseem,31/12/2025,Staff Expenses,5601,,OpEx - Labor,Expense,0,,,,,,,,TRUE
31/12/2025,Sales,170,Due,petpooja,12-2025,,,,Sales,5602,,Revenue,Income,0,,,,,,,,TRUE
01/01/2026,Dairy,2100,Bank,Adarsh Dairy,01-2026,Unpaid,,,Inventory,5603,,COGS - Dairy,Expense,0,,,,,,,,TRUE
01/01/2026,Hotel Commision,1097,Bank_Cash,Shivsai ,01-2026,Paid,Naseem,01/01/2026,Fixed Maintance,5604,,OpEx - Admin,Expense,0,,,,,,,,TRUE
01/01/2026,Hotel Commision,2044,Bank_Cash,Cornet hotel,01-2026,Paid,Naseem,01/01/2026,Fixed Maintance,5605,,OpEx - Admin,Expense,0,,,,,,,,TRUE
01/01/2026,Hotel Commision,3156,Bank_Cash,Elite hotel,01-2026,Paid,Naseem,01/01/2026,Fixed Maintance,5606,,OpEx - Admin,Expense,0,,,,,,,,TRUE
01/01/2026,Hotel Commision,1964,Bank_Cash,Distination hotel,01-2026,Paid,Naseem,01/01/2026,Fixed Maintance,5607,,OpEx - Admin,Expense,0,,,,,,,,TRUE
01/01/2026,Donation,100,Bank_Cash,chanda,01-2026,Paid,Naseem,01/01/2026,Maintance,5608,,OpEx - Misc,Expense,0,,,,,,,,TRUE
01/12/2025,Sales,4690,Cash,petpooja,12-2025,Paid,,,Sales,5609,,Revenue,Income,0,,,,,,,,TRUE
01/12/2025,Sales,33872,Wallet,petpooja,12-2025,,,,Sales,5610,,Revenue,Income,0,,,,,,,,TRUE
01/01/2026,Sales,280,Card,petpooja,01-2026,,,,Sales,5611,,Revenue,Income,0,,,,,,,,TRUE
01/01/2026,Sales,1084,UPI,petpooja,01-2026,,,,Sales,5612,,Revenue,Income,0,,,,,,,,TRUE
01/01/2026,Sales,5355,Online Sale,petpooja,01-2026,,,,Sales,5613,,Revenue,Income,0,,,,,,,,TRUE
01/01/2026,Petrol,310,Bank_Cash,petrol,01-2026,Paid,Naseem,01/01/2026,Bike Maintance,5614,,OpEx - Maintenance,Expense,0,,,,,,,,TRUE
01/01/2026,Chicken,900,Bank,Golden Chicken,01-2026,Unpaid,,,Inventory,5615,,COGS - NonVeg,Expense,0,,,,,,,,TRUE
01/01/2026,Tea,230,Bank_Cash,Nasta,01-2026,Paid,Naseem,01/01/2026,Staff Expenses,5616,,OpEx - Labor,Expense,0,,,,,,,,TRUE
02/01/2026,Dairy,1213,Bank,Adarsh Dairy,01-2026,Unpaid,,,Inventory,5617,,COGS - Dairy,Expense,0,,,,,,,,TRUE
02/01/2026,Charcoal,1800,Bank,gyanewari,01-2026,Unpaid,,,Inventory,5618,,COGS - Fuel,Expense,0,,,,,,,,TRUE
02/01/2026,Disposable,3590,Bank,Anand disposble,01-2026,Unpaid,,,Inventory,5619,,COGS - Packaging,Expense,0,,,,,,,,TRUE
02/01/2026,Vegetables,570,Bank_Cash,onion,01-2026,Paid,Naseem,02/01/2026,Inventory,5620,,COGS - Veg,Expense,0,,,,,,,,TRUE
02/01/2026,Grocery,320,Bank_Cash,Nirma powder,01-2026,Paid,Naseem,02/01/2026,Inventory,5621,,COGS - Grocery,Expense,0,,,,,,,,TRUE
02/01/2026,Vegetables,787,Bank,bhaironath,01-2026,Unpaid,,,Inventory,5622,,COGS - Veg,Expense,0,,,,,,,,TRUE
01/01/2026,Vegetables,590,Bank,bhaironath,01-2026,Unpaid,,,Inventory,5623,,COGS - Veg,Expense,0,,,,,,,,TRUE
02/01/2026,Maintenance,1000,Bank_Cash,chembercleining,01-2026,Paid,Naseem,02/01/2026,Maintance,5624,,OpEx - Maintenance,Expense,0,,,,,,,,TRUE
02/01/2026,Maintenance,60,Bank_Cash,Hardwere,01-2026,Paid,Naseem,02/01/2026,Maintance,5625,,OpEx - Maintenance,Expense,0,,,,,,,,TRUE
02/01/2026,Kinners,20,Cash,kinnar,01-2026,Paid,Naseem,02/01/2026,Maintance,5626,,OpEx - Misc,Expense,0,,,,,,,,TRUE
02/01/2026,Sales,2179,Cash,petpooja,01-2026,,,,Sales,5627,,Revenue,Income,0,,,,,,,,TRUE
02/01/2026,Sales,15639,Wallet,petpooja,01-2026,,,,Sales,5628,,Revenue,Income,0,,,,,,,,TRUE
02/01/2026,Sales,280,UPI,petpooja,01-2026,,,,Sales,5629,,Revenue,Income,0,,,,,,,,TRUE
02/01/2026,Sales,2900,Online Sale,petpooja,01-2026,,,,Sales,5630,,Revenue,Income,0,,,,,,,,TRUE
02/01/2026,Tea,190,Bank_Cash,tea,01-2026,Paid,Naseem,02/01/2026,Staff Expenses,5631,,OpEx - Labor,Expense,0,,,,,,,,TRUE
02/01/2026,Maintenance,3000,Bank_Cash,Akhil tips,01-2026,Paid,Naseem,02/01/2026,Maintance,5632,,OpEx - Maintenance,Expense,0,,,,,,,,TRUE
03/01/2026,Dairy,1034,Bank,Adarsh Dairy,01-2026,Unpaid,,,Inventory,5633,,COGS - Dairy,Expense,0,,,,,,,,TRUE
03/01/2026,Grocery,8830,Bank,Balaji,01-2026,Unpaid,,,Inventory,5634,,COGS - Grocery,Expense,0,,,,,,,,TRUE
03/01/2026,Chicken,2890,Bank,Golden Chicken,01-2026,Unpaid,,,Inventory,5635,,COGS - NonVeg,Expense,0,,,,,,,,TRUE
03/01/2026,Vegetables,520,Bank,bhaironath,01-2026,Unpaid,,,Inventory,5636,,COGS - Veg,Expense,0,,,,,,,,TRUE
03/01/2026,Maintenance,21160,Bank,lightbill,01-2026,Unpaid,,,Maintance,5637,,OpEx - Maintenance,Expense,0,,,,,,,,TRUE
03/01/2026,Gas,3186,Bank,Gas Cylender,01-2026,Unpaid,,,Fixed Maintance,5638,,OpEx - Utilities,Expense,0,,,,,,,,TRUE
03/01/2026,Egg,430,Cash,mulani,01-2026,Paid,Naseem,03/01/2026,Grocery,5639,,COGS - Grocery,Expense,0,,,,,,,,TRUE
03/01/2026,Beverages,1800,Cash,waterbottle,01-2026,Paid,Naseem,03/01/2026,Grocery,5640,,COGS - Grocery,Expense,0,,,,,,,,TRUE
03/01/2026,Sales,5589,Cash,petpooja,01-2026,,,,Sales,5641,,Revenue,Income,0,,,,,,,,TRUE
03/01/2026,Sales,25712,Wallet,petpooja,01-2026,,,,Sales,5642,,Revenue,Income,0,,,,,,,,TRUE
03/01/2026,Sales,155,UPI,petpooja,01-2026,,,,Sales,5643,,Revenue,Income,0,,,,,,,,TRUE
03/01/2026,Sales,3756,Online Sale,petpooja,01-2026,,,,Sales,5644,,Revenue,Income,0,,,,,,,,TRUE
03/01/2026,Sales,100,Due,petpooja,01-2026,,,,Sales,5645,,Revenue,Income,0,,,,,,,,TRUE
04/01/2026,Chicken,7101,Bank,Golden Chicken,01-2026,Unpaid,,,Inventory,5646,,COGS - NonVeg,Expense,0,,,,,,,,TRUE
04/01/2026,Dairy,681,Bank,Adarsh Dairy,01-2026,Unpaid,,,Inventory,5647,,COGS - Dairy,Expense,0,,,,,,,,TRUE
04/01/2026,Mutton,2100,Bank_Cash,A1Mutton,01-2026,Paid,Shakil,04/01/2026,Inventory,5648,,COGS - NonVeg,Expense,0,,,,,,,,TRUE
04/01/2026,Fish,1100,Bank_Cash,fish,01-2026,Paid,Shakil,04/01/2026,Staff Expenses,5649,,COGS - NonVeg,Expense,0,,,,,,,,TRUE
04/01/2026,Tea,250,Cash,Nasta and tea,01-2026,Paid,Naseem,04/01/2026,Staff Expenses,5650,,OpEx - Labor,Expense,0,,,,,,,,TRUE
04/01/2026,Disposable,80,Cash,Anand disposble,01-2026,Paid,Naseem,04/01/2026,Inventory,5651,,COGS - Packaging,Expense,0,,,,,,,,TRUE
04/01/2026,Egg,410,Cash,mulani,01-2026,Paid,Naseem,04/01/2026,Grocery,5652,,COGS - Grocery,Expense,0,,,,,,,,TRUE
04/01/2026,Kinners,10,Cash,kinnar,01-2026,Paid,Naseem,04/01/2026,Maintance,5653,,OpEx - Misc,Expense,0,,,,,,,,TRUE
04/01/2026,Gas,1705,Bank,Gas Cylender,01-2026,Unpaid,,,Fixed Maintance,5654,,OpEx - Utilities,Expense,0,,,,,,,,TRUE
04/01/2026,Sales,5310,Cash,petpooja,01-2026,,,,Sales,5655,,Revenue,Income,0,,,,,,,,TRUE
04/01/2026,Sales,24732,Wallet,petpooja,01-2026,,,,Sales,5656,,Revenue,Income,0,,,,,,,,TRUE
04/01/2026,Sales,1939,Online Sale,petpooja,01-2026,,,,Sales,5657,,Revenue,Income,0,,,,,,,,TRUE
04/01/2026,Sales,730,UPI,petpooj,01-2026,,,,Sales,5658,,Revenue,Income,0,,,,,,,,TRUE
04/01/2026,Kinners,5,Cash,kinnar,01-2026,,,,Maintance,5659,,OpEx - Misc,Expense,0,,,,,,,,TRUE
04/01/2026,Maintenance,30,Cash,mcil,01-2026,Paid,Naseem,04/01/2026,Maintance,5660,,OpEx - Maintenance,Expense,0,,,,,,,,TRUE
04/01/2026,Vegetables,607,Bank,bhaironath,01-2026,Unpaid,,,Inventory,5661,,COGS - Veg,Expense,0,,,,,,,,TRUE
04/01/2026,Vegetables,300,Cash,tomatto,01-2026,Paid,Naseem,04/01/2026,Inventory,5662,,COGS - Veg,Expense,0,,,,,,,,TRUE
05/01/2026,Dairy,1003,Bank,Adarsh Dairy,01-2026,Unpaid,,,Inventory,5663,,COGS - Dairy,Expense,0,,,,,,,,TRUE
05/01/2026,Charcoal,1800,Bank,gyanewari,01-2026,Unpaid,,,Inventory,5664,,COGS - Fuel,Expense,0,,,,,,,,TRUE
05/01/2026,Chicken,2020,Bank,Golden Chicken,01-2026,Unpaid,,,Inventory,5665,,COGS - NonVeg,Expense,0,,,,,,,,TRUE
05/01/2026,Petrol,310,Cash,petrol,01-2026,Paid,Naseem,05/01/2026,Bike Maintance,5666,,OpEx - Maintenance,Expense,0,,,,,,,,TRUE
05/01/2026,Vegetables,40,Cash,mint,01-2026,Paid,Naseem,05/01/2026,Inventory,5667,,COGS - Veg,Expense,0,,,,,,,,TRUE
05/01/2026,Vegetables,543,Bank,bhaironath,01-2026,Unpaid,,,Inventory,5668,,COGS - Veg,Expense,0,,,,,,,,TRUE
05/01/2026,Sales,1420,Cash,petpooja,01-2026,,,,Sales,5669,,Revenue,Income,0,,,,,,,,TRUE
05/01/2026,Sales,12443,Wallet,petpooja,01-2026,,,,Sales,5670,,Revenue,Income,0,,,,,,,,TRUE
05/01/2026,Sales,660,UPI,petpooja,01-2026,,,,Sales,5671,,Revenue,Income,0,,,,,,,,TRUE
05/01/2026,Sales,911,Online Sale,petpooja,01-2026,,,,Sales,5672,,Revenue,Income,0,,,,,,,,TRUE
05/01/2026,Advance,6000,Bank_Cash,Laxmi Bai Salary,01-2026,Paid,Shakil,05/01/2026,Salary,5673,,OpEx - Labor,Expense,0,,,,,,,,TRUE
05/01/2026,Advance,1250,Bank_Cash,Abid Salary,01-2026,Paid,Shakil,05/01/2026,Salary,5674,,OpEx - Labor,Expense,0,,,,,,,,TRUE
05/01/2026,Sales,220,Due,petpooja,01-2026,,,,Sales,5675,,Revenue,Income,0,,,,,,,,TRUE
05/01/2026,Advance,10000,Bank,Vijay,01-2026,Paid,Bank,05/01/2026,Salary,5676,,OpEx - Labor,Expense,0,,,,,,,,TRUE
06/01/2026,Chicken,6246,Bank,Golden Chicken,01-2026,Unpaid,,,Inventory,5677,,COGS - NonVeg,Expense,0,,,,,,,,TRUE
06/01/2026,Dairy,259,Bank,Adarsh Dairy,01-2026,Unpaid,,,Inventory,5678,,COGS - Dairy,Expense,0,,,,,,,,TRUE
06/01/2026,Maintenance,290,Cash,Tab charger,01-2026,Paid,Naseem,06/01/2026,Maintance,5679,,OpEx - Maintenance,Expense,0,,,,,,,,TRUE
06/01/2026,Chamber Clean,1000,Bank,Vijay mama chember clein,01-2026,Paid,Bank,06/01/2026,Maintenance,5680,,OpEx - Maintenance,Expense,0,,,,,,,,TRUE
06/01/2026,Advance,50,Cash,washroom cleing,01-2026,Paid,Naseem,06/01/2026,Salary,5681,,OpEx - Labor,Expense,0,,,,,,,,TRUE
06/01/2026,Kinners,20,Cash,kinnar,01-2026,Paid,Naseem,06/01/2026,Maintance,5682,,OpEx - Misc,Expense,0,,,,,,,,TRUE
06/01/2026,Vegetables,486,Bank,bhaironath,01-2026,Unpaid,,,Inventory,5683,,COGS - Veg,Expense,0,,,,,,,,TRUE
06/01/2026,Maintenance,30,Cash,Food licence photo coppy,01-2026,Paid,Naseem,06/01/2026,Maintance,5684,,OpEx - Maintenance,Expense,0,,,,,,,,TRUE
06/01/2026,Sales,5115,Cash,petpooja,01-2026,,,,Sales,5685,,Revenue,Income,0,,,,,,,,TRUE
06/01/2026,Sales,18723,Wallet,petpooja,01-2026,,,,Sales,5686,,Revenue,Income,0,,,,,,,,TRUE
06/01/2026,Sales,1290,UPI,petpooja,01-2026,,,,Sales,5687,,Revenue,Income,0,,,,,,,,TRUE
06/01/2026,Sales,3297,Online Sale,petpooja,01-2026,,,,Sales,5688,,Revenue,Income,0,,,,,,,,TRUE
06/01/2026,Advance,1000,Cash,Danish,01-2026,Paid,Naseem,06/01/2026,Salary,5689,,OpEx - Labor,Expense,0,,,,,,,,TRUE
06/01/2026,Advance,500,Cash,Raju advance,01-2026,Paid,Naseem,06/01/2026,Salary,5690,,OpEx - Labor,Expense,0,,,,,,,,TRUE
06/01/2026,Maintenance,3000,Bank,Firextinguisher,01-2026,Paid,Naseem,06/01/2026,Maintance,5691,,OpEx - Maintenance,Expense,0,,,,,,,,TRUE
07/01/2026,Chicken,2670,Bank,Golden Chicken,01-2026,Unpaid,,,Inventory,5692,,COGS - NonVeg,Expense,0,,,,,,,,TRUE
07/01/2026,Dairy,842,Bank,Adarsh Dairy,01-2026,Unpaid,,,Inventory,5693,,COGS - Dairy,Expense,0,,,,,,,,TRUE
07/01/2026,Charcoal,900,Bank,gyanewari,01-2026,Unpaid,,,Inventory,5694,,COGS - Fuel,Expense,0,,,,,,,,TRUE
07/01/2026,Cash Return to Cx,50,Cash,Return customer,01-2026,Paid,Naseem,06/01/2026,Excess Amount Return,5695,,Excess Amount Return,Expense,0,,,,,,,,TRUE
07/01/2026,Maintenance,70,Cash,Hardwere,01-2026,Paid,Naseem,06/01/2026,Maintance,5696,,OpEx - Maintenance,Expense,0,,,,,,,,TRUE
07/01/2026,Grocery,700,Cash,Brista,01-2026,Paid,Naseem,06/01/2026,Inventory,5697,,COGS - Grocery,Expense,0,,,,,,,,TRUE
07/01/2026,Dairy,540,Cash,chap and paratha,01-2026,Paid,Naseem,06/01/2026,Inventory,5698,,COGS - Dairy,Expense,0,,,,,,,,TRUE
07/01/2026,Vegetables,300,Bank,bhaironath,01-2026,Unpaid,,,Inventory,5699,,COGS - Veg,Expense,0,,,,,,,,TRUE
07/01/2026,Bakery,40,Cash,Pao,01-2026,Paid,Naseem,07/01/2026,Grocery,5700,,COGS - Grocery,Expense,0,,,,,,,,TRUE
07/01/2026,Bakery,650,Cash,pitabread,01-2026,Paid,Naseem,07/01/2026,Grocery,5701,,COGS - Grocery,Expense,0,,,,,,,,TRUE
07/01/2026,Egg,600,Cash,mulani,01-2026,Paid,Naseem,07/01/2026,Grocery,5702,,COGS - Grocery,Expense,0,,,,,,,,TRUE
07/01/2026,Sales,4824,Cash,Petpooja,01-2026,,,,Sales,5703,,Revenue,Income,0,,,,,,,,TRUE
07/01/2026,Sales,26779,Wallet,Petpooja,01-2026,,,,Sales,5704,,Revenue,Income,0,,,,,,,,TRUE
07/01/2026,Sales,2688,Online Sale,Petpooja,01-2026,,,,Sales,5705,,Revenue,Income,0,,,,,,,,TRUE
07/01/2026,Sales,330,UPI,petpooja,01-2026,,,,Sales,5706,,Revenue,Income,0,,,,,,,,TRUE
08/01/2026,Chicken,7445,Bank,Golden Chicken,01-2026,Unpaid,,,Inventory,5707,,COGS - NonVeg,Expense,0,,,,,,,,TRUE
08/01/2026,Dairy,1286,Bank,Adarsh Dairy,01-2026,Unpaid,,,Inventory,5708,,COGS - Dairy,Expense,0,,,,,,,,TRUE
08/01/2026,Mutton,2100,Cash,A1Mutton,01-2026,Paid,Naseem,08/01/2026,Inventory,5709,,COGS - NonVeg,Expense,0,,,,,,,,TRUE
08/01/2026,Fish,520,Cash,fish,01-2026,Paid,Naseem,08/01/2026,Staff Expenses,5710,,COGS - NonVeg,Expense,0,,,,,,,,TRUE
08/01/2026,Kinners,10,Cash,Kinnar,01-2026,Paid,Naseem,08/01/2026,Maintance,5711,,OpEx - Misc,Expense,0,,,,,,,,TRUE
08/01/2026,Vegetables,825,Bank,bhaironath,01-2026,Unpaid,,,Inventory,5712,,COGS - Veg,Expense,0,,,,,,,,TRUE
08/01/2026,Vegetables,300,Cash,tomatto,01-2026,Paid,Naseem,08/01/2026,Inventory,5713,,COGS - Veg,Expense,0,,,,,,,,TRUE
08/01/2026,Sales,7150,Cash,petpooja,01-2026,,,,Sales,5714,,Revenue,Income,0,,,,,,,,TRUE
08/01/2026,Sales,17350,Wallet,petpooja,01-2026,,,,Sales,5715,,Revenue,Income,0,,,,,,,,TRUE
08/01/2026,Sales,2325,UPI,petpooja,01-2026,,,,Sales,5716,,Revenue,Income,0,,,,,,,,TRUE
08/01/2026,Sales,1003,Online Sale,petpooja,01-2026,,,,Sales,5717,,Revenue,Income,0,,,,,,,,TRUE
09/01/2026,Chicken,5264,Bank,Golden Chicken,01-2026,Unpaid,,,Inventory,5718,,COGS - NonVeg,Expense,0,,,,,,,,TRUE
09/01/2026,Dairy,1387,Bank,Adarsh Dairy,01-2026,Unpaid,,,Inventory,5719,,COGS - Dairy,Expense,0,,,,,,,,TRUE
09/01/2026,Charcoal,900,Bank,gyanewari,01-2026,Unpaid,,,Inventory,5720,,COGS - Fuel,Expense,0,,,,,,,,TRUE
09/01/2026,Kinners,10,Cash,Kinnar,01-2026,Paid,Naseem,09/01/2026,Maintance,5721,,OpEx - Misc,Expense,0,,,,,,,,TRUE
09/01/2026,Grocery,24364,Bank,Balaji,01-2026,Unpaid,,,Inventory,5722,,COGS - Grocery,Expense,0,,,,,,,,TRUE
09/01/2026,Grocery,230,Cash,Ghee,01-2026,Paid,Naseem,09/01/2026,Inventory,5723,,COGS - Grocery,Expense,0,,,,,,,,TRUE
09/01/2026,Vegetables,30,Cash,Mint,01-2026,Paid,Naseem,09/01/2026,Inventory,5724,,COGS - Veg,Expense,0,,,,,,,,TRUE
09/01/2026,Egg,329,Cash,Egg,01-2026,Paid,Naseem,09/01/2026,Grocery,5725,,COGS - Grocery,Expense,0,,,,,,,,TRUE
09/01/2026,Vegetables,685,Bank,bhaironath,01-2026,Unpaid,,,Inventory,5726,,COGS - Veg,Expense,0,,,,,,,,TRUE
09/01/2026,Sales,4035,Cash,petpooja,01-2026,,,,Sales,5727,,Revenue,Income,0,,,,,,,,TRUE
09/01/2026,Sales,30125,Wallet,petpooja,01-2026,,,,Sales,5728,,Revenue,Income,0,,,,,,,,TRUE
09/01/2026,Sales,4181,Online Sale,petpooja,01-2026,,,,Sales,5729,,Revenue,Income,0,,,,,,,,TRUE
09/01/2026,Sales,1025,Card,petpooja,01-2026,,,,Sales,5730,,Revenue,Income,0,,,,,,,,TRUE
09/01/2026,Sales,490,UPI,petpooja,01-2026,,,,Sales,5731,,Revenue,Income,0,,,,,,,,TRUE
10/01/2026,Chicken,7738,Bank,Golden Chicken,01-2026,Unpaid,,,Inventory,5732,,COGS - NonVeg,Expense,0,,,,,,,,TRUE
10/01/2026,Dairy,1005,Bank,Adarsh Dairy,01-2026,Unpaid,,,Inventory,5733,,COGS - Dairy,Expense,0,,,,,,,,TRUE
10/01/2026,Beverages,1800,Cash,waterbottle,01-2026,Paid,Naseem,10/01/2026,Grocery,5734,,COGS - Grocery,Expense,0,,,,,,,,TRUE
10/01/2026,Dairy,350,Cash,Paratha,01-2026,Paid,Naseem,10/01/2026,Inventory,5735,,COGS - Dairy,Expense,0,,,,,,,,TRUE
10/01/2026,Grocery,280,Cash,periperi masala ,01-2026,Paid,Naseem,10/01/2026,Inventory,5736,,COGS - Grocery,Expense,0,,,,,,,,TRUE
10/01/2026,Petrol,310,Cash,petrol,01-2026,Paid,Naseem,10/01/2026,Bike Maintance,5737,,OpEx - Maintenance,Expense,0,,,,,,,,TRUE
10/01/2026,Dairy,250,Cash,french fry,01-2026,Paid,Naseem,,Inventory,5738,,COGS - Dairy,Expense,0,,,,,,,,TRUE
10/01/2026,Kinners,2,Cash,Kinner,01-2026,Paid,Naseem,10/01/2026,Maintance,5739,,OpEx - Misc,Expense,0,,,,,,,,TRUE
10/01/2026,Vegetables,592,Bank,bhaironath,01-2026,Unpaid,,,Inventory,5740,,COGS - Veg,Expense,0,,,,,,,,TRUE
10/01/2026,Sales,6235,Cash,petpooja,01-2026,,,,Sales,5741,,Revenue,Income,0,,,,,,,,TRUE
10/01/2026,Sales,34661,Wallet,petpooja,01-2026,,,,Sales,5742,,Revenue,Income,0,,,,,,,,TRUE
10/01/2026,Sales,1060,UPI,petpooja,01-2026,,,,Sales,5743,,Revenue,Income,0,,,,,,,,TRUE
10/01/2026,Sales,248,Online Sale,petpooja,01-2026,,,,Sales,5744,,Revenue,Income,0,,,,,,,,TRUE
10/01/2026,Sales,2190,Card,petpooja,01-2026,,,,Sales,5745,,Revenue,Income,0,,,,,,,,TRUE
11/01/2026,Dairy,1512,Bank,Adarsh Dairy,01-2026,Unpaid,,,Inventory,5746,,COGS - Dairy,Expense,0,,,,,,,,TRUE
11/01/2026,Chicken,4392,Bank,Golden Chicken,01-2026,Unpaid,,,Inventory,5747,,COGS - NonVeg,Expense,0,,,,,,,,TRUE
11/01/2026,Maintenance,170,Cash,porter,01-2026,Paid,Naseem,11/01/2026,Maintance,5748,,OpEx - Maintenance,Expense,0,,,,,,,,TRUE
11/01/2026,Mutton,2100,Cash,A1Mutton,01-2026,Paid,Naseem,11/01/2026,Inventory,5749,,COGS - NonVeg,Expense,0,,,,,,,,TRUE
11/01/2026,Chicken,3108,Bank,Golden Chicken,01-2026,Unpaid,,,Inventory,5750,,COGS - NonVeg,Expense,0,,,,,,,,TRUE
11/01/2026,Kinners,10,Cash,kinnar,01-2026,Paid,Naseem,,Maintance,5751,,OpEx - Misc,Expense,0,,,,,,,,TRUE
11/01/2026,Vegetables,1295,Bank,bhaironath,01-2026,Unpaid,,,Inventory,5752,,COGS - Veg,Expense,0,,,,,,,,TRUE
11/01/2026,Sales,7704,Cash,petpooja,01-2026,,,,Sales,5753,,Revenue,Income,0,,,,,,,,TRUE
11/01/2026,Sales,33946,Wallet,petpooja,01-2026,,,,Sales,5754,,Revenue,Income,0,,,,,,,,TRUE
11/01/2026,Sales,2089,Online Sale,petpooja,01-2026,,,,Sales,5755,,Revenue,Income,0,,,,,,,,TRUE
11/01/2026,Sales,395,Card,petpooja,01-2026,,,,Sales,5756,,Revenue,Income,0,,,,,,,,TRUE
11/01/2026,Sales,210,UPI,petpooja,01-2026,,,,Sales,5757,,Revenue,Income,0,,,,,,,,TRUE
12/01/2026,Charcoal,900,Bank,gyanewari,01-2026,Unpaid,,,Inventory,5758,,COGS - Fuel,Expense,0,,,,,,,,TRUE
12/01/2026,Dairy,1222,Bank,Adarsh Dairy,01-2026,Unpaid,,,Inventory,5759,,COGS - Dairy,Expense,0,,,,,,,,TRUE
12/01/2026,Chicken,6185,Bank,Golden Chicken,01-2026,Unpaid,,,Inventory,5760,,COGS - NonVeg,Expense,0,,,,,,,,TRUE
12/01/2026,Vegetables,40,Cash,papaya,01-2026,Paid,,,Inventory,5761,,COGS - Veg,Expense,0,,,,,,,,TRUE
12/01/2026,Egg,540,Cash,mulani,01-2026,Paid,Naseem,12/01/2026,Grocery,5762,,COGS - Grocery,Expense,0,,,,,,,,TRUE
12/01/2026,Momos,210,Cash,momos,01-2026,Paid,Naseem,12/01/2026,Inventory,5763,,COGS - Inventory,Expense,0,,,,,,,,TRUE
12/01/2026,Vegetables,916,Bank,bhaironath,01-2026,Unpaid,,,Inventory,5764,,COGS - Veg,Expense,0,,,,,,,,TRUE
12/01/2026,Sales,4145,Cash,petpooja ,01-2026,,,,Sales,5765,,Revenue,Income,0,,,,,,,,TRUE
12/01/2026,Sales,21365,Wallet,petpooja ,01-2026,,,,Sales,5766,,Revenue,Income,0,,,,,,,,TRUE
12/01/2026,Sales,1034,Online Sale,petpooja ,01-2026,,,,Sales,5767,,Revenue,Income,0,,,,,,,,TRUE
12/01/2026,Sales,2179,UPI,petpooja,01-2026,,,,Sales,5768,,Revenue,Income,0,,,,,,,,TRUE
12/01/2026,Sales,0,Card,petpooja,01-2026,,,,Sales,5769,,Revenue,Income,0,,,,,,,,TRUE
12/01/2026,Kinners,20,Cash,kinnar,01-2026,Paid,Naseem,12/01/2026,Maintance,5770,,OpEx - Misc,Expense,0,,,,,,,,TRUE
13/01/2026,Dairy,806,Bank,Adarsh Dairy,01-2026,Unpaid,,,Inventory,5771,,COGS - Dairy,Expense,0,,,,,,,,TRUE
13/01/2026,Chicken,5206,Bank,Golden Chicken,01-2026,Unpaid,,,Inventory,5772,,COGS - NonVeg,Expense,0,,,,,,,,TRUE
13/01/2026,Advance,1000,Cash,Vijay,01-2026,Paid,Naseem,13/01/2026,Salary,5773,,OpEx - Labor,Expense,0,,,,,,,,TRUE
13/01/2026,Kinners,20,Cash,kinnar,01-2026,Paid,Naseem,13/01/2026,Maintance,5774,,OpEx - Misc,Expense,0,,,,,,,,TRUE
13/01/2026,Dairy,550,Bank_Cash,chap and paratha,01-2026,Paid,Naseem,13/01/2026,Inventory,5775,,COGS - Dairy,Expense,0,,,,,,,,TRUE
13/01/2026,Vegetables,720,Bank,bhaironath,01-2026,Unpaid,,,Inventory,5776,,COGS - Veg,Expense,0,,,,,,,,TRUE
13/01/2026,Grocery,700,Bank_Cash,Brista,01-2026,Paid,Naseem,13/01/2026,Inventory,5777,,COGS - Grocery,Expense,0,,,,,,,,TRUE
13/01/2026,Maintenance,100,Bank_Cash,Hardwere,01-2026,Paid,Naseem,13/01/2026,Maintance,5778,,OpEx - Maintenance,Expense,0,,,,,,,,TRUE
13/01/2026,Sales,3000,Cash,petpooja,01-2026,,,,Sales,5779,,Revenue,Income,0,,,,,,,,TRUE
13/01/2026,Sales,27609,Wallet,petpooja,01-2026,,,,Sales,5780,,Revenue,Income,0,,,,,,,,TRUE
13/01/2026,Sales,2825,UPI,petpooja,01-2026,,,,Sales,5781,,Revenue,Income,0,,,,,,,,TRUE
13/01/2026,Sales,4882,Online Sale,petpooja,01-2026,,,,Sales,5782,,Revenue,Income,0,,,,,,,,TRUE
13/01/2026,Sales,1165,Card,petpooja,01-2026,,,,Sales,5783,,Revenue,Income,0,,,,,,,,TRUE
13/01/2026,Vegetables,300,Bank_Cash,tomatto,01-2026,Paid,Naseem,13/01/2026,Inventory,5784,,COGS - Veg,Expense,0,,,,,,,,TRUE
13/01/2026,Maintenance,200,Bank_Cash,cabble,01-2026,Paid,Naseem,13/01/2026,Maintance,5785,,OpEx - Maintenance,Expense,0,,,,,,,,TRUE
13/01/2026,Tea,60,Bank_Cash,tea,01-2026,Paid,Naseem,13/01/2026,Staff Expenses,5786,,OpEx - Labor,Expense,0,,,,,,,,TRUE
14/01/2026,Dairy,1393,Bank,Adarsh Dairy,01-2026,Unpaid,,,Inventory,5787,,COGS - Dairy,Expense,0,,,,,,,,TRUE
14/01/2026,Charcoal,1800,Bank,gyanewari,01-2026,Unpaid,,,Inventory,5788,,COGS - Fuel,Expense,0,,,,,,,,TRUE
14/01/2026,Vegetables,520,Bank_Cash,onion,01-2026,Paid,Naseem,14/01/2026,Inventory,5789,,COGS - Veg,Expense,0,,,,,,,,TRUE
14/01/2026,Maintenance,800,Bank,Bike repair,01-2026,Paid,Naseem,14/01/2026,Maintance,5790,,OpEx - Maintenance,Expense,0,,,,,,,,TRUE
14/01/2026,Petrol,310,Bank_Cash,petrol,01-2026,Paid,Naseem,14/01/2026,Bike Maintance,5791,,OpEx - Maintenance,Expense,0,,,,,,,,TRUE
14/01/2026,Chicken,8040,Bank,Golden Chicken,01-2026,Unpaid,,,Inventory,5792,,COGS - NonVeg,Expense,0,,,,,,,,TRUE
14/01/2026,Mutton,1600,Bank_Cash,A1Mutton,01-2026,Paid,Naseem,14/01/2026,Inventory,5793,,COGS - NonVeg,Expense,0,,,,,,,,TRUE
14/01/2026,Dairy,600,Bank_Cash,chap and paratha,01-2026,Paid,Naseem,14/01/2026,Inventory,5794,,COGS - Dairy,Expense,0,,,,,,,,TRUE
14/01/2026,Grocery,86,Bank,Balaji,01-2026,Paid,Naseem,14/01/2026,Inventory,5795,,COGS - Grocery,Expense,0,,,,,,,,TRUE
14/01/2026,Advance,1000,Cash,Danish,01-2026,Paid,Naseem,14/01/2026,Salary,5796,,OpEx - Labor,Expense,0,,,,,,,,TRUE
14/01/2026,Vegetables,40,Cash,mint,01-2026,Paid,Naseem,14/01/2026,Inventory,5797,,COGS - Veg,Expense,0,,,,,,,,TRUE
14/01/2026,Kinners,10,Cash,kinnar,01-2026,Paid,Naseem,14/01/2026,Maintance,5798,,OpEx - Misc,Expense,0,,,,,,,,TRUE
14/01/2026,Sales,7815,Cash,petpooja,01-2026,,,,Sales,5799,,Revenue,Income,0,,,,,,,,TRUE
14/01/2026,Sales,19904,Wallet,petpooja,01-2026,,,,Sales,5800,,Revenue,Income,0,,,,,,,,TRUE
14/01/2026,Sales,630,Card,petpooja,01-2026,,,,Sales,5801,,Revenue,Income,0,,,,,,,,TRUE
14/01/2026,Sales,325,UPI,petpooja,01-2026,,,,Sales,5802,,Revenue,Income,0,,,,,,,,TRUE
14/01/2026,Sales,849,Online Sale,petpooja,01-2026,,,,Sales,5803,,Revenue,Income,0,,,,,,,,TRUE
14/01/2026,Tea,50,Bank_Cash,tea,01-2026,,,,Staff Expenses,5804,,OpEx - Labor,Expense,0,,,,,,,,TRUE
14/01/2026,Tea,40,Bank_Cash,juice,01-2026,Paid,Shakil,14/01/2026,Staff Expenses,5805,,OpEx - Labor,Expense,0,,,,,,,,TRUE
14/01/2026,Grocery,150,Cash,Nirma powder,01-2026,Paid,Naseem,14/01/2026,Inventory,5806,,COGS - Grocery,Expense,0,,,,,,,,TRUE
15/01/2026,Vegetables,611,Bank,bhaironath,01-2026,Unpaid,,,Inventory,5807,,COGS - Veg,Expense,0,,,,,,,,TRUE
15/01/2026,Dairy,728,Bank,Adarsh Dairy,01-2026,Unpaid,,,Inventory,5808,,COGS - Dairy,Expense,0,,,,,,,,TRUE
15/01/2026,Chicken,4868,Bank,Golden Chicken,01-2026,Unpaid,,,Inventory,5809,,COGS - NonVeg,Expense,0,,,,,,,,TRUE
15/01/2026,Beverages,3879,Bank_Cash,softdrink,01-2026,Paid,Naseem,15/01/2026,Grocery,5810,,COGS - Grocery,Expense,0,,,,,,,,TRUE
15/01/2026,Grocery,320,Bank_Cash,Nirma powder,01-2026,Paid,Naseem,15/01/2026,Inventory,5811,,COGS - Grocery,Expense,0,,,,,,,,TRUE
15/01/2026,Egg,600,Bank_Cash,mulani,01-2026,Paid,Naseem,15/01/2026,Grocery,5812,,COGS - Grocery,Expense,0,,,,,,,,TRUE
14/01/2026,Vegetables,726,Bank,bhaironath,01-2026,Unpaid,,,Inventory,5813,,COGS - Veg,Expense,0,,,,,,,,TRUE
15/01/2026,Cash Return to Cx,320,Cash,Return customer,01-2026,Paid,Naseem,15/01/2026,Excess Amount Return,5814,,Excess Amount Return,Expense,0,,,,,,,,TRUE
15/01/2026,Sales,8405,Cash,petpooja,01-2026,,,,Sales,5815,,Revenue,Income,0,,,,,,,,TRUE
15/01/2026,Sales,25027,Wallet,petpooja,01-2026,,,,Sales,5816,,Revenue,Income,0,,,,,,,,TRUE
15/01/2026,Sales,1810,Card,petpooja,01-2026,,,,Sales,5817,,Revenue,Income,0,,,,,,,,TRUE
15/01/2026,Sales,440,UPI,petpooja,01-2026,,,,Sales,5818,,Revenue,Income,0,,,,,,,,TRUE
15/01/2026,Sales,3789,Online Sale,petpooja,01-2026,,,,Sales,5819,,Revenue,Income,0,,,,,,,,TRUE
15/01/2026,Tea,240,Bank_Cash,tea,01-2026,Paid,Shakil,15/01/2026,Staff Expenses,5820,,OpEx - Labor,Expense,0,,,,,,,,TRUE
15/01/2026,Maintenance,280,Bank_Cash,Hardwere,01-2026,Paid,Naseem,15/01/2026,Maintance,5821,,OpEx - Maintenance,Expense,0,,,,,,,,TRUE
16/01/2026,Chicken,9563,Bank,Golden Chicken,01-2026,Unpaid,,,Inventory,5822,,COGS - NonVeg,Expense,0,,,,,,,,TRUE
16/01/2026,Dairy,1458,Bank,Adarsh Dairy,01-2026,Unpaid,,,Inventory,5823,,COGS - Dairy,Expense,0,,,,,,,,TRUE
16/01/2026,Charcoal,900,Bank,gyanewari,01-2026,Unpaid,,,Inventory,5824,,COGS - Fuel,Expense,0,,,,,,,,TRUE
16/01/2026,Grocery,1265,Bank_Cash,noodle and chopsi,01-2026,Paid,Naseem,16/01/2026,Inventory,5825,,COGS - Grocery,Expense,0,,,,,,,,TRUE
16/01/2026,Dairy,550,Bank_Cash,chap and paratha,01-2026,Paid,Naseem,16/01/2026,Inventory,5826,,COGS - Dairy,Expense,0,,,,,,,,TRUE
16/01/2026,Advance,3000,Bank_Cash,Manohar,01-2026,Paid,Naseem,16/01/2026,Salary,5827,,OpEx - Labor,Expense,0,,,,,,,,TRUE
16/01/2026,Maintenance,200,Bank_Cash,Basket,01-2026,Paid,Naseem,16/01/2026,Maintance,5828,,OpEx - Maintenance,Expense,0,,,,,,,,TRUE
16/01/2026,Sales,6537,Cash,petpooja,01-2026,,,,Sales,5829,,Revenue,Income,0,,,,,,,,TRUE
16/01/2026,Sales,12884,Wallet,petpooja,01-2026,,,,Sales,5830,,Revenue,Income,0,,,,,,,,TRUE
16/01/2026,Sales,1762,Online Sale,petpooja,01-2026,,,,Sales,5831,,Revenue,Income,0,,,,,,,,TRUE
16/01/2026,Sales,6614,UPI,petpooja,01-2026,,,,Sales,5832,,Revenue,Income,0,,,,,,,,TRUE
16/01/2026,Tea,60,Bank_Cash,tea,01-2026,Paid,Naseem,16/01/2026,Staff Expenses,5833,,OpEx - Labor,Expense,0,,,,,,,,TRUE
16/01/2026,Advance,500,Cash,Raju advance,01-2026,Paid,Naseem,16/01/2026,Salary,5834,,OpEx - Labor,Expense,0,,,,,,,,TRUE
16/01/2026,Kinners,20,Cash,kinnar,01-2026,Paid,Naseem,16/01/2026,Maintance,5835,,OpEx - Misc,Expense,0,,,,,,,,TRUE
17/01/2026,Dairy,1257,Bank,Adarsh Dairy,01-2026,Unpaid,,,Inventory,5836,,COGS - Dairy,Expense,0,,,,,,,,TRUE
17/01/2026,Chicken,4937,Bank,Golden Chicken,01-2026,Unpaid,,,Inventory,5837,,COGS - NonVeg,Expense,0,,,,,,,,TRUE
17/01/2026,Petrol,310,Bank_Cash,petrol,01-2026,Paid,Naseem,17/01/2026,Bike Maintance,5838,,OpEx - Maintenance,Expense,0,,,,,,,,TRUE
17/01/2026,Maintenance,310,Bank_Cash,knife dhar,01-2026,Paid,Naseem,17/01/2026,Maintance,5839,,OpEx - Maintenance,Expense,0,,,,,,,,TRUE
17/01/2026,Vegetables,300,Bank_Cash,tomatto,01-2026,Paid,Naseem,17/01/2026,Inventory,5840,,COGS - Veg,Expense,0,,,,,,,,TRUE
17/01/2026,Tea,100,Bank_Cash,Nasta and tea,01-2026,Paid,Naseem,17/01/2026,Staff Expenses,5841,,OpEx - Labor,Expense,0,,,,,,,,TRUE
17/01/2026,Fish,780,Bank_Cash,fish,01-2026,Paid,Naseem,17/01/2026,Staff Expenses,5842,,COGS - NonVeg,Expense,0,,,,,,,,TRUE
17/01/2026,Grocery,28500,Bank,Balaji,01-2026,Unpaid,,,Inventory,5843,,COGS - Grocery,Expense,0,,,,,,,,TRUE
17/01/2026,Egg,390,Bank_Cash,mulani,01-2026,Paid,Naseem,17/01/2026,Grocery,5844,,COGS - Grocery,Expense,0,,,,,,,,TRUE
17/01/2026,Kinners,2,Cash,Kinner,01-2026,Paid,Naseem,17/01/2026,Maintance,5845,,OpEx - Misc,Expense,0,,,,,,,,TRUE
17/01/2026,Vegetables,652,Bank,bhaironath,01-2026,Unpaid,,,Inventory,5846,,COGS - Veg,Expense,0,,,,,,,,TRUE
16/01/2026,Vegetables,646,Bank,bhaironath,01-2026,Unpaid,,,Inventory,5847,,COGS - Veg,Expense,0,,,,,,,,TRUE
17/01/2026,Momos,210,Cash,momos,01-2026,Paid,Naseem,17/01/2026,Inventory,5848,,COGS - Inventory,Expense,0,,,,,,,,TRUE
17/01/2026,Sales,2095,Online Sale,petpooja,01-2026,,,,Sales,5849,,Revenue,Income,0,,,,,,,,TRUE
17/01/2026,Sales,720,Card,petpooja,01-2026,,,,Sales,5850,,Revenue,Income,0,,,,,,,,TRUE
17/01/2026,Sales,1515,Due,petpooja,01-2026,,,,Sales,5851,,Revenue,Income,0,,,,,,,,TRUE
17/01/2026,Sales,540,UPI,petpooja,01-2026,,,,Sales,5852,,Revenue,Income,0,,,,,,,,TRUE
17/01/2026,Sales,26889,Wallet,petpooja,01-2026,,,,Sales,5853,,Revenue,Income,0,,,,,,,,TRUE
17/01/2026,Sales,3484,Cash,petpooja,01-2026,,,,Sales,5854,,Revenue,Income,0,,,,,,,,TRUE
18/01/2026,Chicken,7138,Bank,Golden Chicken,01-2026,Unpaid,,,Inventory,5855,,COGS - NonVeg,Expense,0,,,,,,,,TRUE
18/01/2026,Beverages,1800,Bank_Cash,waterbottle,01-2026,Paid,Naseem,18/01/2026,Grocery,5856,,COGS - Grocery,Expense,0,,,,,,,,TRUE
18/01/2026,Maintenance,100,Bank_Cash,Chair repairing,01-2026,Paid,Naseem,18/01/2026,Maintance,5857,,OpEx - Maintenance,Expense,0,,,,,,,,TRUE
18/01/2026,Disposable,100,Bank_Cash,Basket,01-2026,Paid,Naseem,18/01/2026,Inventory,5858,,COGS - Packaging,Expense,0,,,,,,,,TRUE
18/01/2026,Garbage Vehicle,1500,Bank_Cash,Kachragadi,01-2026,Paid,Naseem,18/01/2026,Fixed Maintance,5859,,OpEx - Maintenance,Expense,0,,,,,,,,TRUE
18/01/2026,Vegetables,570,Bank_Cash,onion,01-2026,Paid,Naseem,18/01/2026,Inventory,5860,,COGS - Veg,Expense,0,,,,,,,,TRUE
18/01/2026,Kinners,2,Cash,kinnar,01-2026,Paid,Naseem,18/01/2026,Maintance,5861,,OpEx - Misc,Expense,0,,,,,,,,TRUE
18/01/2026,Grocery,700,Bank_Cash,Brista,01-2026,Paid,Naseem,18/01/2026,Inventory,5862,,COGS - Grocery,Expense,0,,,,,,,,TRUE
18/01/2026,Mutton,1600,Bank_Cash,A1Mutton,01-2026,Paid,Naseem,18/01/2026,Inventory,5863,,COGS - NonVeg,Expense,0,,,,,,,,TRUE
18/01/2026,Dairy,885,Bank_Cash,chap and paratha,01-2026,Paid,Naseem,18/01/2026,Inventory,5864,,COGS - Dairy,Expense,0,,,,,,,,TRUE
18/01/2026,Garbage Vehicle,700,Bank_Cash,chicken kachra,01-2026,Paid,Naseem,18/01/2026,Fixed Maintance,5865,,OpEx - Maintenance,Expense,0,,,,,,,,TRUE
18/01/2026,Vegetables,1180,Bank,bhaironath,01-2026,Unpaid,,,Inventory,5866,,COGS - Veg,Expense,0,,,,,,,,TRUE
18/01/2026,Sales,6489,Cash,petpooja,01-2026,,,,Sales,5867,,Revenue,Income,0,,,,,,,,TRUE
18/01/2026,Sales,29289,Wallet,petpooja,01-2026,,,,Sales,5868,,Revenue,Income,0,,,,,,,,TRUE
18/01/2026,Sales,1500,Online Sale,petpooja,01-2026,,,,Sales,5869,,Revenue,Income,0,,,,,,,,TRUE
18/01/2026,Sales,40,UPI,petpooja,01-2026,,,,Sales,5870,,Revenue,Income,0,,,,,,,,TRUE
18/01/2026,Sales,920,Card,petpooja,01-2026,,,,Sales,5871,,Revenue,Income,0,,,,,,,,TRUE
18/01/2026,Kinners,20,Cash,kinnar,01-2026,Paid,Naseem,,Maintance,5872,,OpEx - Misc,Expense,0,,,,,,,,TRUE
19/01/2026,Charcoal,1800,Bank,gyanewari,01-2026,Unpaid,,,Inventory,5873,,COGS - Fuel,Expense,0,,,,,,,,TRUE
19/01/2026,Dairy,1061,Bank,Adarsh Dairy,01-2026,Unpaid,,,Inventory,5874,,COGS - Dairy,Expense,0,,,,,,,,TRUE
19/01/2026,Chicken,1950,Bank,Golden Chicken,01-2026,Unpaid,,,Inventory,5875,,COGS - NonVeg,Expense,0,,,,,,,,TRUE
19/01/2026,Mutton,500,Bank_Cash,A1Mutton,01-2026,Paid,Naseem,19/01/2026,Inventory,5876,,COGS - NonVeg,Expense,0,,,,,,,,TRUE
19/01/2026,Cash Return to Cx,200,Cash,Return customer,01-2026,Paid,Naseem,19/01/2026,Excess Amount Return,5877,,Excess Amount Return,Expense,0,,,,,,,,TRUE
19/01/2026,Momos,210,Cash,momos,01-2026,Paid,Naseem,,Inventory,5878,,COGS - Inventory,Expense,0,,,,,,,,TRUE
19/01/2026,Sales,7140,Cash,petpooja,01-2026,,,,Sales,5879,,Revenue,Income,0,,,,,,,,TRUE
19/01/2026,Sales,16643,Wallet,petpooja,01-2026,,,,Sales,5880,,Revenue,Income,0,,,,,,,,TRUE
19/01/2026,Sales,1506,Online Sale,petpooja,01-2026,,,,Sales,5881,,Revenue,Income,0,,,,,,,,TRUE
19/01/2026,Sales,1070,UPI,petpooja,01-2026,,,,Sales,5882,,Revenue,Income,0,,,,,,,,TRUE
19/01/2026,Sales,840,Card,petpooja,01-2026,,,,Sales,5883,,Revenue,Income,0,,,,,,,,TRUE
19/01/2026,Kinners,20,Cash,kinnar,01-2026,,,,Maintance,5884,,OpEx - Misc,Expense,0,,,,,,,,TRUE
19/01/2026,Vegetables,605,Bank,bhaironath,01-2026,Unpaid,,,Inventory,5885,,COGS - Veg,Expense,0,,,,,,,,TRUE
19/01/2026,Disposable,3500,Bank_Cash,disposble,01-2026,Paid,Naseem,19/01/2026,Inventory,5886,,COGS - Packaging,Expense,0,,,,,,,,TRUE
19/01/2026,Tea,30,Bank_Cash,tea,01-2026,Paid,Naseem,19/01/2026,Staff Expenses,5887,,OpEx - Labor,Expense,0,,,,,,,,TRUE
20/01/2026,Chicken,6584,Bank,Golden Chicken,01-2026,Unpaid,,,Inventory,5888,,COGS - NonVeg,Expense,0,,,,,,,,TRUE
20/01/2026,Beverages,1800,Cash,waterbottle,01-2026,Paid,Naseem,20/01/2026,Grocery,5889,,COGS - Grocery,Expense,0,,,,,,,,TRUE
20/01/2026,Dairy,1065,Bank,Adarsh Dairy,01-2026,Unpaid,,,Inventory,5890,,COGS - Dairy,Expense,0,,,,,,,,TRUE
20/01/2026,Kinners,10,Bank_Cash,kinnar,01-2026,Paid,Naseem,20/01/2026,Maintance,5891,,OpEx - Misc,Expense,0,,,,,,,,TRUE
20/01/2026,Vegetables,587,Bank,bhaironath,01-2026,Unpaid,Naseem,20/01/2026,Inventory,5892,,COGS - Veg,Expense,0,,,,,,,,TRUE
20/01/2026,Vegetables,300,Cash,tomatto,01-2026,Paid,,,Inventory,5893,,COGS - Veg,Expense,0,,,,,,,,TRUE
20/01/2026,Sales,6469,Cash,petpooja,01-2026,,,,Sales,5894,,Revenue,Income,0,,,,,,,,TRUE
20/01/2026,Sales,15793,Wallet,petpooja,01-2026,,,,Sales,5895,,Revenue,Income,0,,,,,,,,TRUE
20/01/2026,Sales,20,UPI,petpooja,01-2026,,,,Sales,5896,,Revenue,Income,0,,,,,,,,TRUE
20/01/2026,Sales,3531,Online Sale,petpooja,01-2026,,,,Sales,5897,,Revenue,Income,0,,,,,,,,TRUE
20/01/2026,Tea,50,Bank_Cash,tea,01-2026,Paid,Naseem,20/01/2026,Staff Expenses,5898,,OpEx - Labor,Expense,0,,,,,,,,TRUE
20/01/2026,Advance,2000,Bank_Cash,Vijay,01-2026,Paid,Naseem,20/01/2026,Salary,5899,,OpEx - Labor,Expense,0,,,,,,,,
20/01/2026,Mutton,800,Bank_Cash,A1Mutton,01-2026,Paid,Naseem,20/01/2026,Inventory,5900,,COGS - NonVeg,Expense,0,,,,,,,,
20/01/2026,Petrol,310,Bank_Cash,petrol,01-2026,Paid,Naseem,20/01/2026,Bike Maintance,5901,,OpEx - Maintenance,Expense,0,,,,,,,,
21/01/2026,Dairy,938,Bank,Adarsh Dairy,01-2026,Unpaid,,,Inventory,5902,,COGS - Dairy,Expense,0,,,,,,,,
21/01/2026,Chicken,2004,Bank,Golden Chicken,01-2026,Unpaid,,,Inventory,5903,,COGS - NonVeg,Expense,0,,,,,,,,
21/01/2026,Charcoal,1800,Bank,gyanewari,01-2026,Unpaid,,,Inventory,5904,,COGS - Fuel,Expense,0,,,,,,,,
21/01/2026,Vegetables,30,Cash,pudina,01-2026,Paid,Naseem,21/01/2026,Inventory,5905,,COGS - Veg,Expense,0,,,,,,,,
21/01/2026,Vegetables,580,Bank,bhaironath,01-2026,Unpaid,,,Inventory,5906,,COGS - Veg,Expense,0,,,,,,,,
21/01/2026,Sales,27705,Wallet,petpooja,01-2026,,,,Sales,5907,,Revenue,Income,0,,,,,,,,
21/01/2026,Sales,5258,Cash,petpooja,01-2026,,,,Sales,5908,,Revenue,Income,0,,,,,,,,
21/01/2026,Sales,605,Card,petpooja,01-2026,,,,Sales,5909,,Revenue,Income,0,,,,,,,,
21/01/2026,Sales,150,UPI,petpooja,01-2026,,,,Sales,5910,,Revenue,Income,0,,,,,,,,
21/01/2026,Sales,1750,Online Sale,petpooja,01-2026,,,,Sales,5911,,Revenue,Income,0,,,,,,,,
21/01/2026,Maintenance,3500,Bank_Cash,Biryani handi and porter,01-2026,Paid,Naseem,21/01/2026,Maintance,5912,,OpEx - Maintenance,Expense,0,,,,,,,,
21/01/2026,Disposable,60,Bank_Cash,paper plate,01-2026,Paid,Naseem,21/01/2026,Inventory,5913,,COGS - Packaging,Expense,0,,,,,,,,
21/01/2026,Tea,80,Bank_Cash,tea,01-2026,Paid,Naseem,21/01/2026,Staff Expenses,5914,,OpEx - Labor,Expense,0,,,,,,,,
22/01/2026,Egg,570,Bank_Cash,mulani,01-2026,Paid,Naseem,22/01/2026,Grocery,5915,,COGS - Grocery,Expense,0,,,,,,,,
22/01/2026,Chicken,8499,Bank,Golden Chicken,01-2026,Unpaid,,,Inventory,5916,,COGS - NonVeg,Expense,0,,,,,,,,
22/01/2026,Mutton,1600,Bank_Cash,A1Mutton,01-2026,Paid,Naseem,22/01/2026,Inventory,5917,,COGS - NonVeg,Expense,0,,,,,,,,
22/01/2026,Dairy,760,Bank_Cash,chap and paratha,01-2026,Paid,Naseem,22/01/2026,Inventory,5918,,COGS - Dairy,Expense,0,,,,,,,,
22/01/2026,Bakery,2375,Bank_Cash,pita bread,01-2026,Paid,Naseem,22/01/2026,Grocery,5919,,COGS - Grocery,Expense,0,,,,,,,,
22/01/2026,Advance,11000,Bank_Cash,Raju advance,01-2026,Paid,Naseem,22/01/2026,Salary,5920,,OpEx - Labor,Expense,0,,,,,,,,
22/01/2026,Vegetables,1008,Bank,bhaironath,01-2026,Unpaid,,,Inventory,5921,,COGS - Veg,Expense,0,,,,,,,,
22/01/2026,Sales,2199,Cash,petpooja,01-2026,,,,Sales,5922,,Revenue,Income,0,,,,,,,,
22/01/2026,Sales,19364,Wallet,petpooja,01-2026,,,,Sales,5923,,Revenue,Income,0,,,,,,,,
22/01/2026,Sales,1052,Online Sale,petpooja,01-2026,,,,Sales,5924,,Revenue,Income,0,,,,,,,,
22/01/2026,Sales,900,UPI,petpooja,01-2026,,,,Sales,5925,,Revenue,Income,0,,,,,,,,
22/01/2026,Sales,2353,Zomato Pay,petpooja,01-2026,,,,Sales,5926,,Revenue,Income,0,,,,,,,,
22/01/2026,Kinners,50,Cash,kinnar,01-2026,Paid,Naseem,22/01/2026,Maintance,5927,,OpEx - Misc,Expense,0,,,,,,,,
22/01/2026,Tea,50,Bank_Cash,tea,01-2026,Paid,Naseem,22/01/2026,Staff Expenses,5928,,OpEx - Labor,Expense,0,,,,,,,,
23/01/2026,Chicken,4646,Bank,Golden Chicken,01-2026,Unpaid,,,Inventory,5929,,COGS - NonVeg,Expense,0,,,,,,,,
23/01/2026,Dairy,1275,Bank,Adarsh Dairy,01-2026,Unpaid,,,Inventory,5930,,COGS - Dairy,Expense,0,,,,,,,,
23/01/2026,Charcoal,1800,Bank,gyanewari,01-2026,Unpaid,,,Inventory,5931,,COGS - Fuel,Expense,0,,,,,,,,
23/01/2026,Maintenance,350,Bank_Cash,mixer repair,01-2026,Paid,Naseem,23/01/2026,Maintance,5932,,OpEx - Maintenance,Expense,0,,,,,,,,
23/01/2026,Grocery,420,Bank,Balaji,01-2026,Unpaid,,,Inventory,5933,,COGS - Grocery,Expense,0,,,,,,,,
23/01/2026,Vegetables,558,Bank,bhaironath,01-2026,Unpaid,,,Inventory,5934,,COGS - Veg,Expense,0,,,,,,,,
23/01/2026,Sales,2885,Cash,petpooja,01-2026,,,,Sales,5935,,Revenue,Income,0,,,,,,,,
23/01/2026,Sales,26952,Wallet,petpooja,01-2026,,,,Sales,5936,,Revenue,Income,0,,,,,,,,
23/01/2026,Kinners,20,Cash,kinnar,01-2026,Paid,Naseem,23/01/2026,Maintance,5937,,OpEx - Misc,Expense,0,,,,,,,,
23/01/2026,Sales,1467,Online Sale,petpooja,01-2026,,,,Sales,5938,,Revenue,Income,0,,,,,,,,
23/01/2026,Grocery,700,Bank_Cash,Brista,01-2026,Paid,Naseem,23/01/20216,Inventory,5939,,COGS - Grocery,Expense,0,,,,,,,,
24/01/2026,Chicken,6079,Bank,Golden Chicken,01-2026,Unpaid,,,Inventory,5940,,COGS - NonVeg,Expense,0,,,,,,,,
24/01/2026,Egg,400,Bank_Cash,mulani,01-2026,Paid,Naseem,24/01/2026,Grocery,5941,,COGS - Grocery,Expense,0,,,,,,,,
24/01/2026,Petrol,310,Bank_Cash,petrol,01-2026,Paid,Naseem,24/01/2026,Bike Maintance,5942,,OpEx - Maintenance,Expense,0,,,,,,,,
24/01/2026,Vegetables,520,Bank_Cash,onion,01-2026,Paid,Naseem,24/01/2026,Inventory,5943,,COGS - Veg,Expense,0,,,,,,,,
24/01/2026,Kinners,30,Cash,kinnar,01-2026,Paid,,,Maintance,5944,,OpEx - Misc,Expense,0,,,,,,,,
24/01/2026,Tea,50,Cash,tea,01-2026,Paid,,,Staff Expenses,5945,,OpEx - Labor,Expense,0,,,,,,,,
24/01/2026,Cash Return to Cx,330,Cash,Return customer,01-2026,Paid,Naseem,24/01/2026,Excess Amount Return,5946,,Excess Amount Return,Expense,0,,,,,,,,
24/01/2026,Grocery,19977,Bank,Balaji,01-2026,Unpaid,,,Inventory,5947,,COGS - Grocery,Expense,0,,,,,,,,
24/01/2026,Vegetables,379,Bank,bhaironath,01-2026,Unpaid,,,Inventory,5948,,COGS - Veg,Expense,0,,,,,,,,
24/01/2026,Sales,5374,Cash,petpooja,01-2026,,,,Sales,5949,,Revenue,Income,0,,,,,,,,
24/01/2026,Sales,3190,Card,petpooja,01-2026,,,,Sales,5950,,Revenue,Income,0,,,,,,,,
24/01/2026,Sales,35519,Wallet,petpooja,01-2026,,,,Sales,5951,,Revenue,Income,0,,,,,,,,
24/01/2026,Sales,4507,Online Sale,petpooja,01-2026,,,,Sales,5952,,Revenue,Income,0,,,,,,,,
24/01/2026,Sales,835,UPI,petpooja,01-2026,,,,Sales,5953,,Revenue,Income,0,,,,,,,,
24/01/2026,Tea,230,Bank_Cash,Nasta and tea,01-2026,Paid,Naseem,24/01/2026,Staff Expenses,5954,,OpEx - Labor,Expense,0,,,,,,,,
24/01/2026,Vegetables,30,Cash,mint,01-2026,Paid,Naseem,24/01/2026,Inventory,5955,,COGS - Veg,Expense,0,,,,,,,,
25/01/2026,Chicken,8465,Bank,Golden Chicken,01-2026,Unpaid,,,Inventory,5956,,COGS - NonVeg,Expense,0,,,,,,,,
25/01/2026,Dairy,2273,Bank,Adarsh Dairy,01-2026,Unpaid,,,Inventory,5957,,COGS - Dairy,Expense,0,,,,,,,,
25/01/2026,Dairy,900,Bank_Cash,chap and paratha,01-2026,Paid,Naseem,25/01/2026,Inventory,5958,,COGS - Dairy,Expense,0,,,,,,,,
25/01/2026,Maintenance,550,Bank_Cash,Baloon 26 january,01-2026,Paid,Naseem,25/01/2026,Maintance,5959,,OpEx - Maintenance,Expense,0,,,,,,,,
25/01/2026,Beverages,1939,Bank_Cash,softdrink,01-2026,Paid,Naseem,25/01/2026,Grocery,5960,,COGS - Grocery,Expense,0,,,,,,,,
25/01/2026,Mutton,2100,Bank_Cash,A1Mutton,01-2026,Paid,Naseem,25/01/2026,Inventory,5961,,COGS - NonVeg,Expense,0,,,,,,,,
25/01/2026,Dairy,200,Bank_Cash,Mayonice,01-2026,Paid,Naseem,25/01/2026,Inventory,5962,,COGS - Dairy,Expense,0,,,,,,,,
24/01/2026,Dairy,890,Bank,Adarsh Dairy,01-2026,Unpaid,,,Inventory,5963,,COGS - Dairy,Expense,0,,,,,,,,
25/01/2026,Vegetables,651,Bank,bhaironath,01-2026,Unpaid,,,Inventory,5964,,COGS - Veg,Expense,0,,,,,,,,
25/01/2026,Sales,4240,Cash,petpooja,01-2026,,,,Sales,5965,,Revenue,Income,0,,,,,,,,
25/01/2026,Sales,24714,Wallet,petpooja,01-2026,,,,Sales,5966,,Revenue,Income,0,,,,,,,,
25/01/2026,Sales,440,UPI,petpooja,01-2026,,,,Sales,5967,,Revenue,Income,0,,,,,,,,
25/01/2026,Sales,3196,Online Sale,petpooja,01-2026,,,,Sales,5968,,Revenue,Income,0,,,,,,,,
25/01/2026,Sales,531,Zomato Pay,petpooja,01-2026,,,,Sales,5969,,Revenue,Income,0,,,,,,,,
25/01/2026,Vegetables,300,Bank_Cash,tomatto,01-2026,Paid,Naseem,25/01/2026,Inventory,5970,,COGS - Veg,Expense,0,,,,,,,,
25/01/2026,Tea,180,Bank_Cash,tea,01-2026,Paid,Naseem,25/01/2026,Staff Expenses,5971,,OpEx - Labor,Expense,0,,,,,,,,
25/01/2026,Kinners,20,Cash,kinnar,01-2026,Paid,Naseem,25/01/2026,Maintance,5972,,OpEx - Misc,Expense,0,,,,,,,,
26/01/2026,Chicken,9676,Bank,Golden Chicken,01-2026,Unpaid,,,Inventory,5973,,COGS - NonVeg,Expense,0,,,,,,,,
26/01/2026,Charcoal,1800,Bank,gyanewari,01-2026,Unpaid,,,Inventory,5974,,COGS - Fuel,Expense,0,,,,,,,,
26/01/2026,Dairy,1544,Bank,Adarsh Dairy,01-2026,Unpaid,,,Inventory,5975,,COGS - Dairy,Expense,0,,,,,,,,
26/01/2026,Beverages,1800,Bank_Cash,waterbottle,01-2026,Paid,Naseem,26/01/2026,Grocery,5976,,COGS - Grocery,Expense,0,,,,,,,,
26/01/2026,Advance,1000,Bank_Cash,Manohar,01-2026,Paid,Naseem,26/01/2026,Salary,5977,,OpEx - Labor,Expense,0,,,,,,,,
26/01/2026,Tea,150,Bank_Cash,tea,01-2026,Paid,Naseem,26/01/2026,Staff Expenses,5978,,OpEx - Labor,Expense,0,,,,,,,,
26/01/2026,Tea,50,Cash,ice cream,01-2026,Paid,Naseem,26/01/2026,Staff Expenses,5979,,OpEx - Labor,Expense,0,,,,,,,,
26/01/2026,Egg,350,Bank_Cash,mulani,01-2026,Paid,Naseem,26/01/2026,Grocery,5980,,COGS - Grocery,Expense,0,,,,,,,,
26/01/2026,Sales,4989,Cash,petpooja,01-2026,,,,Sales,5981,,Revenue,Income,0,,,,,,,,
26/01/2026,Sales,26722,Wallet,petpooja,01-2026,,,,Sales,5982,,Revenue,Income,0,,,,,,,,
26/01/2026,Sales,2557,UPI,petpooja,01-2026,,,,Sales,5983,,Revenue,Income,0,,,,,,,,
26/01/2026,Sales,1625,Card,petpooja,01-2026,,,,Sales,5984,,Revenue,Income,0,,,,,,,,
26/01/2026,Sales,712,Online Sale,petpooja,01-2026,,,,Sales,5985,,Revenue,Income,0,,,,,,,,
26/01/2026,Vegetables,50,Bank_Cash,papaya,01-2026,Paid,Naseem,26/01/2026,Inventory,5986,,COGS - Veg,Expense,0,,,,,,,,
26/01/2026,Tea,250,Bank_Cash,Nasra,01-2026,Paid,Naseem,26/01/2026,Staff Expenses,5987,,OpEx - Labor,Expense,0,,,,,,,,
27/01/2026,Chicken,9734,Bank,Golden Chicken,01-2026,Unpaid,,,Inventory,5988,,COGS - NonVeg,Expense,0,,,,,,,,
27/01/2026,Dairy,1572,Bank,Adarsh Dairy,01-2026,Unpaid,,,Inventory,5989,,COGS - Dairy,Expense,0,,,,,,,,
27/01/2026,Mutton,1600,Bank_Cash,A1Mutton,01-2026,Paid,Naseem,26/01/2026,Inventory,5990,,COGS - NonVeg,Expense,0,,,,,,,,
27/01/2026,Grocery,700,Bank_Cash,brista,01-2026,Paid,Naseem,26/01/2026,Inventory,5991,,COGS - Grocery,Expense,0,,,,,,,,
27/01/2026,Maintenance,100,Bank_Cash,Besin pipe,01-2026,Paid,Naseem,26/01/2026,Maintance,5992,,OpEx - Maintenance,Expense,0,,,,,,,,
27/01/2026,Vegetables,30,Cash,mint,01-2026,Paid,Naseem,,Inventory,5993,,COGS - Veg,Expense,0,,,,,,,,
27/01/2026,Kinners,30,Cash,kinnar,01-2026,Paid,Naseem,,Maintance,5994,,OpEx - Misc,Expense,0,,,,,,,,
27/01/2026,Vegetables,660,Bank,bhaironath,01-2026,Unpaid,Naseem,,Inventory,5995,,COGS - Veg,Expense,0,,,,,,,,
27/01/2026,Sales,4390,Cash,petpooja,01-2026,,,,Sales,5996,,Revenue,Income,0,,,,,,,,
27/01/2026,Sales,21313,Wallet,petpooja,01-2026,,,,Sales,5997,,Revenue,Income,0,,,,,,,,
27/01/2026,Sales,1260,Due,petpooja,01-2026,,,,Sales,5998,,Revenue,Income,0,,,,,,,,
27/01/2026,Sales,690,Online Sale,petpooja,01-2026,,,,Sales,5999,,Revenue,Income,0,,,,,,,,
27/01/2026,Tea,60,Bank_Cash,tea,01-2026,Paid,Naseem,,Staff Expenses,6000,,OpEx - Labor,Expense,0,,,,,,,,
27/01/2026,Petrol,310,Bank_Cash,petrol,01-2026,Paid,Naseem,27/01/2026,Bike Maintance,6001,,OpEx - Maintenance,Expense,0,,,,,,,,
28/01/2026,Chicken,2484,Bank,Golden Chicken,01-2026,Unpaid,,,Inventory,6002,,COGS - NonVeg,Expense,0,,,,,,,,
28/01/2026,Charcoal,900,Bank,gyanewari,01-2026,Unpaid,,,Inventory,6003,,COGS - Fuel,Expense,0,,,,,,,,
28/01/2026,Egg,350,Bank_Cash,mulani,01-2026,Paid,Naseem,,Grocery,6004,,COGS - Grocery,Expense,0,,,,,,,,
28/01/2026,Advance,200,Bank_Cash,Manohar,01-2026,Paid,Naseem,,Salary,6005,,OpEx - Labor,Expense,0,,,,,,,,
28/01/2026,Kinners,20,Cash,kinnar,01-2026,Paid,Naseem,,Maintance,6006,,OpEx - Misc,Expense,0,,,,,,,,
28/01/2026,Vegetables,327,Bank,bhaironath,01-2026,Unpaid,,,Inventory,6007,,COGS - Veg,Expense,0,,,,,,,,
28/01/2026,Sales,4383,Cash,petpooja,01-2026,,,,Sales,6008,,Revenue,Income,0,,,,,,,,
28/01/2026,Sales,25117,Wallet,petpooja,01-2026,,,,Sales,6009,,Revenue,Income,0,,,,,,,,
28/01/2026,Sales,535,Card,petpooja,01-2026,,,,Sales,6010,,Revenue,Income,0,,,,,,,,
28/01/2026,Sales,1300,UPI,petpooja,01-2026,,,,Sales,6011,,Revenue,Income,0,,,,,,,,
28/01/2026,Sales,598,Online Sale,petpooja,01-2026,,,,Sales,6012,,Revenue,Income,0,,,,,,,,
29/01/2026,Chicken,6640,Bank,Golden Chicken,01-2026,Unpaid,,,Inventory,6013,,COGS - NonVeg,Expense,0,,,,,,,,
29/01/2026,Petrol,310,Bank_Cash,petrol,01-2026,Paid,Naseem,29/01/2026,Bike Maintance,6014,,OpEx - Maintenance,Expense,0,,,,,,,,
29/01/2026,Dairy,350,Bank_Cash,paratha,01-2026,Paid,Naseem,29/01/2026,Inventory,6015,,COGS - Dairy,Expense,0,,,,,,,,
29/01/2026,Vegetables,1020,Bank,bhaironath,01-2026,Unpaid,,,Inventory,6016,,COGS - Veg,Expense,0,,,,,,,,
29/01/2026,Sales,1290,Cash,petpooja,01-2026,,,,Sales,6017,,Revenue,Income,0,,,,,,,,
29/01/2026,Sales,18287,Wallet,petpooja,01-2026,,,,Sales,6018,,Revenue,Income,0,,,,,,,,
29/01/2026,Sales,240,UPI,petpooja,01-2026,,,,Sales,6019,,Revenue,Income,0,,,,,,,,
29/01/2026,Sales,0,Online Sale,petpooja,01-2026,,,,Sales,6020,,Revenue,Income,0,,,,,,,,
29/01/2026,Sales,467,Zomato Pay,petpooja,01-2026,,,,Sales,6021,,Revenue,Income,0,,,,,,,,
29/01/2026,Egg,380,Bank_Cash,mulani,01-2026,Paid,Naseem,29/01/2026,Grocery,6022,,COGS - Grocery,Expense,0,,,,,,,,
29/01/2026,Sales,860,Card,petpooja,01-2026,,,,Sales,6023,,Revenue,Income,0,,,,,,,,
29/01/2026,Tea,80,Bank_Cash,tea,01-2026,Paid,Naseem,                                                                                                                                                                                                                                          ,Staff Expenses,6024,,OpEx - Labor,Expense,0,,,,,,,,
30/01/2026,Dairy,1445,Bank,Adarsh Dairy,01-2026,Unpaid,,                                                                                ,Inventory,6025,,COGS - Dairy,Expense,0,,,,,,,,
30/01/2026,Charcoal,900,Bank,gyanewari,01-2026,Unpaid,,,Inventory,6026,,COGS - Fuel,Expense,0,,,,,,,,
30/01/2026,Chicken,3654,Bank,Golden Chicken,01-2026,Unpaid,,,Inventory,6027,,COGS - NonVeg,Expense,0,,,,,,,,
30/01/2026,Dairy,30,UPI,MILK,01-2026,Paid,Naseem,30/01/2026,Inventory,6028,,COGS - Dairy,Expense,0,,,,,,,,
30/01/2026,Tea,170,Bank_Cash,Nasta and tea,01-2026,Paid,Naseem,30/01/2026,Staff Expenses,6029,,OpEx - Labor,Expense,0,,,,,,,,
30/01/2026,Tea,210,Cash,Nasta and tea,01-2026,Paid,Naseem,30/01/2026,Staff Expenses,6030,,OpEx - Labor,Expense,0,,,,,,,,
30/01/2026,Sales,6709,Cash,petpooja,01-2026,,,,Sales,6031,,Revenue,Income,0,,,,,,,,
30/01/2026,Sales,30333,Wallet,petpooja,01-2026,,,,Sales,6032,,Revenue,Income,0,,,,,,,,
30/01/2026,Sales,630,UPI,petpooja,01-2026,,,,Sales,6033,,Revenue,Income,0,,,,,,,,
30/01/2026,Sales,2001,Online Sale,petpooja,01-2026,,,,Sales,6034,,Revenue,Income,0,,,,,,,,
30/01/2026,Momos,210,Cash,momos,01-2026,Paid,Naseem,30/01/2026,Inventory,6035,,COGS - Inventory,Expense,0,,,,,,,,
30/01/2026,Vegetables,415,Bank,bhaironath,01-2026,Unpaid,Naseem,30/01/2026,Inventory,6036,,COGS - Veg,Expense,0,,,,,,,,
30/01/2026,Beverages,1800,Bank_Cash,waterbottle,01-2026,Paid,Naseem,30/01/2026,Grocery,6037,,COGS - Grocery,Expense,0,,,,,,,,
30/01/2026,Dairy,40,Cash,milk,01-2026,Paid,,30/01/2026,Inventory,6038,,COGS - Dairy,Expense,0,,,,,,,,
30/01/2026,Sales,845,Zomato Pay,petpooja,01-2026,,,,Sales,6039,,Revenue,Income,0,,,,,,,,
30/01/2026,Kinners,30,Cash,kinnar,01-2026,Paid,,,Maintance,6040,,OpEx - Misc,Expense,0,,,,,,,,
31/01/2026,Grocery,700,Bank_Cash,brista,01-2026,Paid,Naseem,31/01/2026,Inventory,6041,,COGS - Grocery,Expense,0,,,,,,,,
31/01/2026,Mutton,2100,Bank_Cash,A1Mutton,01-2026,Paid,Naseem,31/01/2026,Inventory,6042,,COGS - NonVeg,Expense,0,,,,,,,,
31/01/2026,Vegetables,570,Bank_Cash,onion,01-2026,Paid,Naseem,31/01/2026,Inventory,6043,,COGS - Veg,Expense,0,,,,,,,,
31/01/2026,Dairy,760,Bank_Cash,chap and paratha,01-2026,Paid,Naseem,31/01/2026,Inventory,6044,,COGS - Dairy,Expense,0,,,,,,,,
31/01/2026,Chicken,7155,Bank,Golden Chicken,01-2026,Unpaid,,,Inventory,6045,,COGS - NonVeg,Expense,0,,,,,,,,
31/01/2026,Dairy,30,Bank_Cash,milk,01-2026,Paid,Naseem,31/01/2026,Inventory,6046,,COGS - Dairy,Expense,0,,,,,,,,
31/01/2026,Maintenance,100,Cash,Hardwere,01-2026,Paid,Naseem,31/01/2026,Maintance,6047,,OpEx - Maintenance,Expense,0,,,,,,,,
31/01/2026,Beverages,1070,Cash,softdrink,01-2026,Paid,Naseem,31/01/2026,Grocery,6048,,COGS - Grocery,Expense,0,,,,,,,,
31/01/2026,Kinners,30,Cash,kinnar,01-2026,Paid,,,Maintance,6049,,OpEx - Misc,Expense,0,,,,,,,,
31/01/2026,Vegetables,814,Bank,bhaironath,01-2026,Unpaid,,,Inventory,6050,,COGS - Veg,Expense,0,,,,,,,,
31/01/2026,Sales,6190,Cash,petpooja,01-2026,,,,Sales,6051,,Revenue,Income,0,,,,,,,,
31/01/2026,Sales,673,Online Sale,petpooja,01-2026,,,,Sales,6052,,Revenue,Income,0,,,,,,,,
31/01/2026,Sales,39624,Wallet,petpooja,01-2026,,,,Sales,6053,,Revenue,Income,0,,,,,,,,
31/01/2026,Sales,45,UPI,petpooja,01-2026,,,,Sales,6054,,Revenue,Income,0,,,,,,,,
31/01/2026,Sales,1469,Card,petpooja,01-2026,,,,Sales,6055,,Revenue,Income,0,,,,,,,,
31/01/2026,Tea,50,Cash,tea,01-2026,Paid,Naseem,31/01/2026,Staff Expenses,6056,,OpEx - Labor,Expense,0,,,,,,,,
31/01/2026,Advance,200,Cash,Vijay,01-2026,Paid,Naseem,31/01/2026,Salary,6057,,OpEx - Labor,Expense,0,,,,,,,,
01/02/2026,Dairy,1334,Bank,Adarsh Dairy,02-2026,Unpaid,,,Inventory,6058,,COGS - Dairy,Expense,0,,,,,,,,
01/02/2026,Chicken,10031,Bank,Golden Chicken,02-2026,Unpaid,,,Inventory,6059,,COGS - NonVeg,Expense,0,,,,,,,,
01/02/2026,Egg,540,Cash,mulani,02-2026,Paid,Naseem,01/02/2026,Grocery,6060,,COGS - Grocery,Expense,0,,,,,,,,
01/02/2026,Petrol,310,Cash,petrol,02-2026,Paid,Naseem,01/02/2026,Bike Maintance,6061,,OpEx - Maintenance,Expense,0,,,,,,,,
01/02/2026,Dairy,580,Cash,peri peri masala,02-2026,Paid,Naseem,01/02/2026,Inventory,6062,,COGS - Dairy,Expense,0,,,,,,,,
01/02/2026,Vegetables,50,Cash,mint,02-2026,Paid,Naseem,01/02/2026,Inventory,6063,,COGS - Veg,Expense,0,,,,,,,,
01/02/2026,Disposable,15,Cash,laitter,02-2026,Paid,Naseem,01/02/2026,Inventory,6064,,COGS - Packaging,Expense,0,,,,,,,,
01/02/2026,Vegetables,775,Bank,bhaironath,02-2026,Unpaid,,,Inventory,6065,,COGS - Veg,Expense,0,,,,,,,,
01/02/2026,Sales,6580,Cash,petpooja,02-2026,,,,Sales,6066,,Revenue,Income,0,,,,,,,,
01/02/2026,Sales,30394,Wallet,petpooja,02-2026,,,,Sales,6067,,Revenue,Income,0,,,,,,,,
01/02/2026,Sales,380,UPI,petpooja,02-2026,,,,Sales,6068,,Revenue,Income,0,,,,,,,,
01/02/2026,Sales,1850,Online Sale,petpooja,02-2026,,,,Sales,6069,,Revenue,Income,0,,,,,,,,
01/02/2026,Sales,1850,Card,petpooja,02-2026,,,,Sales,6070,,Revenue,Income,0,,,,,,,,
02/02/2026,Dairy,933,Bank,Adarsh Dairy,02-2026,Unpaid,,,Inventory,6071,,COGS - Dairy,Expense,0,,,,,,,,
02/02/2026,Chicken,6276,Bank,Golden Chicken,02-2026,Unpaid,,,Inventory,6072,,COGS - NonVeg,Expense,0,,,,,,,,
02/02/2026,Charcoal,1800,Bank,gyanewari,02-2026,Unpaid,,,Inventory,6073,,COGS - Fuel,Expense,0,,,,,,,,
02/02/2026,Vegetables,300,Cash,tomatto,02-2026,Paid,Naseem,02/02/2026,Inventory,6074,,COGS - Veg,Expense,0,,,,,,,,
02/02/2026,Vegetables,899,Bank,bhaironath,02-2026,Unpaid,,,Inventory,6075,,COGS - Veg,Expense,0,,,,,,,,
02/02/2026,Sales,2490,Cash,petpooja,02-2026,,,,Sales,6076,,Revenue,Income,0,,,,,,,,
02/02/2026,Sales,14059,Wallet,petpooja,02-2026,,,,Sales,6077,,Revenue,Income,0,,,,,,,,
02/02/2026,Sales,120,UPI,petpooja,02-2026,,,,Sales,6078,,Revenue,Income,0,,,,,,,,
02/02/2026,Sales,1063,Online Sale,petpooja,02-2026,,,,Sales,6079,,Revenue,Income,0,,,,,,,,
02/02/2026,Tea,50,Cash,tea,02-2026,Paid,Naseem,,Staff Expenses,6080,,OpEx - Labor,Expense,0,,,,,,,,
03/02/2026,Chicken,4972,Bank,Golden Chicken,02-2026,Unpaid,,,Inventory,6081,,COGS - NonVeg,Expense,0,,,,,,,,
03/02/2026,Egg,380,Cash,egg,02-2026,Paid,Naseem,03/02/2026,Grocery,6082,,COGS - Grocery,Expense,0,,,,,,,,
03/02/2026,Mutton,1600,Cash,A1Mutton,02-2026,Paid,Naseem,03/02/2026,Inventory,6083,,COGS - NonVeg,Expense,0,,,,,,,,
03/02/2026,Dairy,210,Cash,paratha,02-2026,Paid,Naseem,03/02/2026,Inventory,6084,,COGS - Dairy,Expense,0,,,,,,,,
03/02/2026,Dairy,30,Cash,milk,02-2026,Paid,Naseem,03/02/2026,Inventory,6085,,COGS - Dairy,Expense,0,,,,,,,,
03/02/2026,Maintenance,70,Cash,Hardwere,02-2026,Paid,Naseem,03/02/2026,Maintance,6086,,OpEx - Maintenance,Expense,0,,,,,,,,
03/02/2026,Hotel Commision,3050,Bank,Elite kamisson,02-2026,Paid,Naseem,03/02/2026,Fixed Maintance,6087,,OpEx - Admin,Expense,0,,,,,,,,
03/02/2026,Tea,20,Cash,chips,02-2026,Paid,Naseem,03/02/2026,Staff Expenses,6088,,OpEx - Labor,Expense,0,,,,,,,,
03/02/2026,Vegetables,531,Bank,bhaironath,02-2026,Unpaid,,,Inventory,6089,,COGS - Veg,Expense,0,,,,,,,,
03/02/2026,Kinners,30,Cash,kinnar,02-2026,Paid,Naseem,03/02/2026,Maintance,6090,,OpEx - Misc,Expense,0,,,,,,,,
03/02/2026,Momos,210,Cash,momos,02-2026,Paid,Naseem,04/02/2026,Inventory,6091,,COGS - Inventory,Expense,0,,,,,,,,
03/02/2026,Sales,4245,Cash,petpooja,02-2026,,,,Sales,6092,,Revenue,Income,0,,,,,,,,
03/02/2026,Sales,17498,Wallet,petpooja,02-2026,,,,Sales,6093,,Revenue,Income,0,,,,,,,,
03/02/2026,Sales,299,Card,petpooja,02-2026,,,,Sales,6094,,Revenue,Income,0,,,,,,,,
03/02/2026,Sales,1084,Online Sale,petpooja,02-2026,,,,Sales,6095,,Revenue,Income,0,,,,,,,,
03/02/2026,Sales,678,UPI,petpooja,02-2026,,,,Sales,6096,,Revenue,Income,0,,,,,,,,
03/02/2026,Grocery,40,Cash,Balaji,02-2026,Paid,Naseem,03/02/2026,Inventory,6097,,COGS - Grocery,Expense,0,,,,,,,,
04/02/2026,Chicken,4855,Bank,Golden Chicken,02-2026,Unpaid,,,Inventory,6098,,COGS - NonVeg,Expense,0,,,,,,,,
04/02/2026,Dairy,1409,Bank,Ashok,02-2026,Unpaid,,,Inventory,6099,,COGS - Dairy,Expense,0,,,,,,,,
04/02/2026,Charcoal,1800,Bank,gyanewari,02-2026,Unpaid,,,Inventory,6100,,COGS - Fuel,Expense,0,,,,,,,,
04/02/2026,Hotel Commision,1230,Bank,Shivsai hotel,02-2026,Paid,Naseem,04/02/2026,Fixed Maintance,6101,,OpEx - Admin,Expense,0,,,,,,,,
04/02/2026,Hotel Commision,2122,Bank,Cornet hotel,02-2026,Paid,Naseem,04/02/2026,Fixed Maintance,6102,,OpEx - Admin,Expense,0,,,,,,,,
03/02/2026,Dairy,686,Bank,Ashok,02-2026,Unpaid,,,Inventory,6103,,COGS - Dairy,Expense,0,,,,,,,,
04/02/2026,Hotel Commision,750,Bank,Distenation41,02-2026,Paid,Naseem,04/02/2026,Fixed Maintance,6104,,OpEx - Admin,Expense,0,,,,,,,,
04/02/2026,Hotel Commision,700,Bank,AadyaExecutive,02-2026,Paid,Naseem,04/02/2026,Fixed Maintance,6105,,OpEx - Admin,Expense,0,,,,,,,,
04/02/2026,Hotel Commision,3025,Bank,Onetree hotel,02-2026,Paid,Naseem,04/02/2026,Fixed Maintance,6106,,OpEx - Admin,Expense,0,,,,,,,,
04/02/2026,Petrol,310,Cash,petrol,02-2026,Paid,Naseem,04/02/2026,Bike Maintance,6107,,OpEx - Maintenance,Expense,0,,,,,,,,
04/02/2026,Maintenance,130,Cash,Hardwere,02-2026,Paid,Naseem,04/02/2026,Maintance,6108,,OpEx - Maintenance,Expense,0,,,,,,,,
04/02/2026,Kinners,20,Cash,kinnar,02-2026,Paid,Naseem,04/02/2026,Maintance,6109,,OpEx - Misc,Expense,0,,,,,,,,
04/02/2026,Sales,7565,Cash,petpooja,02-2026,,,,Sales,6110,,Revenue,Income,0,,,,,,,,
04/02/2026,Sales,22798,Wallet,petpooja,02-2026,,,,Sales,6111,,Revenue,Income,0,,,,,,,,
04/02/2026,Sales,920,UPI,petpooja,02-2026,,,,Sales,6112,,Revenue,Income,0,,,,,,,,
04/02/2026,Sales,3586,Online Sale,petpooja,02-2026,,,,Sales,6113,,Revenue,Income,0,,,,,,,,
04/02/2026,Tea,30,Cash,tea,02-2026,Paid,Naseem,04/02/2026,Staff Expenses,6114,,OpEx - Labor,Expense,0,,,,,,,,
05/02/2026,Chicken,5994,Bank,Golden Chicken,02-2026,Unpaid,,,Inventory,6115,,COGS - NonVeg,Expense,0,,,,,,,,
05/02/2026,Grocery,600,Cash,Noodle,02-2026,Paid,Naseem,05/02/2026,Inventory,6116,,COGS - Grocery,Expense,0,,,,,,,,
05/02/2026,Chamber Clean,2000,Bank,chemberclein,02-2026,Unpaid,Naseem,,Maintenance,6117,,OpEx - Maintenance,Expense,0,,,,,,,,
05/02/2026,Dairy,30,Cash,milk,02-2026,Paid,Naseem,05/02/2026,Inventory,6118,,COGS - Dairy,Expense,0,,,,,,,,
05/02/2026,Kinners,30,Cash,kinnar,02-2026,Paid,Naseem,05/02/2026,Maintance,6119,,OpEx - Misc,Expense,0,,,,,,,,
05/02/2026,Egg,360,Cash,egg,02-2026,Paid,Naseem,05/02/2026,Grocery,6120,,COGS - Grocery,Expense,0,,,,,,,,
05/02/2026,Vegetables,1193,Bank,vegetable,02-2026,Unpaid,,,Inventory,6121,,COGS - Veg,Expense,0,,,,,,,,
05/02/2026,Sales,2135,Cash,petpooja,02-2026,,,,Sales,6122,,Revenue,Income,0,,,,,,,,
05/02/2026,Sales,11355,Wallet,petpooja,02-2026,,,,Sales,6123,,Revenue,Income,0,,,,,,,,
05/02/2026,Sales,460,UPI,petpooja,02-2026,,,,Sales,6124,,Revenue,Income,0,,,,,,,,
05/02/2026,Sales,1372,Online Sale,petpooja,02-2026,,,,Sales,6125,,Revenue,Income,0,,,,,,,,
05/02/2026,Tea,50,Cash,tea,02-2026,Paid,Naseem,05/02/2026,Staff Expenses,6126,,OpEx - Labor,Expense,0,,,,,,,,
06/02/2026,Chicken,5865,Bank,Golden Chicken,02-2026,Unpaid,,,Inventory,6127,,COGS - NonVeg,Expense,0,,,,,,,,
06/02/2026,Dairy,1058,Bank,Ashok,02-2026,Unpaid,,,Inventory,6128,,COGS - Dairy,Expense,0,,,,,,,,
06/02/2026,Charcoal,900,Bank,gyanewari,02-2026,Unpaid,,,Inventory,6129,,COGS - Fuel,Expense,0,,,,,,,,
06/02/2026,Maintenance,2000,Bank,chemberclein,02-2026,Paid,Bank,06/02/2026,Maintance,6130,,OpEx - Maintenance,Expense,0,,,,,,,,
06/02/2026,Dairy,30,Cash,MILK,02-2026,Paid,Naseem,06/02/2026,Inventory,6131,,COGS - Dairy,Expense,0,,,,,,,,
06/02/2026,Mutton,1600,Cash,A1Mutton,02-2026,Paid,Naseem,06/02/2026,Inventory,6132,,COGS - NonVeg,Expense,0,,,,,,,,
06/02/2026,Maintenance,140,Cash,knifedhar,02-2026,Paid,Naseem,06/02/2026,Maintance,6133,,OpEx - Maintenance,Expense,0,,,,,,,,
06/02/2026,Maintenance,1250,Cash,Abid cleaner,02-2026,Paid,Naseem,06/02/2026,Maintance,6134,,OpEx - Maintenance,Expense,0,,,,,,,,
06/02/2026,Vegetables,50,Cash,mint,02-2026,Paid,Naseem,06/02/2026,Inventory,6135,,COGS - Veg,Expense,0,,,,,,,,
06/02/2026,Grocery,700,Cash,brista,02-2026,Paid,Naseem,06/02/2026,Inventory,6136,,COGS - Grocery,Expense,0,,,,,,,,
06/02/2026,Egg,360,Cash,mulani,02-2026,Paid,Naseem,06/02/2026,Grocery,6137,,COGS - Grocery,Expense,0,,,,,,,,
06/02/2026,Vegetables,362,Bank,bhaironath,02-2026,Paid,Naseem,06/02/2026,Inventory,6138,,COGS - Veg,Expense,0,,,,,,,,
06/02/2026,Vegetables,300,Cash,tomatto,02-2026,Paid,Naseem,06/02/2026,Inventory,6139,,COGS - Veg,Expense,0,,,,,,,,
06/02/2026,Dairy,36,Cash,milk,02-2026,Paid,Naseem,06/02/2026,Inventory,6140,,COGS - Dairy,Expense,0,,,,,,,,
06/02/2026,Dairy,1264,Bank,Ashok,02-2026,Unpaid,,,Inventory,6141,,COGS - Dairy,Expense,0,,,,,,,,
06/02/2026,Sales,4795,Cash,petpooja,02-2026,,,,Sales,6142,,Revenue,Income,0,,,,,,,,
06/02/2026,Sales,20943,Wallet,petpooja,02-2026,,,,Sales,6143,,Revenue,Income,0,,,,,,,,
06/02/2026,Sales,3580,Online Sale,petpooja,02-2026,,,,Sales,6144,,Revenue,Income,0,,,,,,,,
06/02/2026,Sales,438,UPI,petpooja,02-2026,,,,Sales,6145,,Revenue,Income,0,,,,,,,,
06/02/2026,Maintenance,30,Cash,Hardwere,02-2026,Paid,Naseem,06/02/2026,Maintance,6146,,OpEx - Maintenance,Expense,0,,,,,,,,
06/02/2026,tea,50,Cash,tea,02-2026,Paid,Naseem,06/02/2026,Staff Expenses,6147,,OpEx - Labor,Expense,0,,,,,,,,
07/02/2026,Grocery,20171,Bank,Balaji,02-2026,Unpaid,,,Inventory,6148,,COGS - Grocery,Expense,0,,,,,,,,
07/02/2026,Dairy,770,Bank,Ashok,02-2026,Unpaid,,,Inventory,6149,,COGS - Dairy,Expense,0,,,,,,,,
07/02/2026,Egg,570,Cash,mulani,02-2026,Unpaid,Naseem,07/02/2026,Grocery,6150,,COGS - Grocery,Expense,0,,,,,,,,
07/02/2026,Kinners,30,Cash,kinnar,02-2026,Paid,Naseem,07/02/2026,Maintance,6151,,OpEx - Misc,Expense,0,,,,,,,,
07/02/2026,Dairy,36,Cash,milk,02-2026,Paid,Naseem,07/02/2026,Inventory,6152,,COGS - Dairy,Expense,0,,,,,,,,
07/02/2026,Sales,7205,Cash,petpooja,02-2026,Paid,,07/02/2026,Sales,6153,,Revenue,Income,0,,,,,,,,
07/02/2026,Sales,31311,Wallet,petpooja,02-2026,Paid,,,Sales,6154,,Revenue,Income,0,,,,,,,,
07/02/2026,Sales,1735,Online Sale,petpooja,02-2026,,,,Sales,6155,,Revenue,Income,0,,,,,,,,
07/02/2026,Sales,2470,UPI,petpooja,02-2026,,,,Sales,6156,,Revenue,Income,0,,,,,,,,
07/02/2026,Tea,30,Cash,tea,02-2026,Paid,Naseem,07/02/2026,Staff Expenses,6157,,OpEx - Labor,Expense,0,,,,,,,,
08/02/2026,Chicken,6720,Bank,Golden Chicken,02-2026,Unpaid,,,Inventory,6158,,COGS - NonVeg,Expense,0,,,,,,,,
08/02/2026,Dairy,1448,Bank,Ashok,02-2026,Unpaid,,,Inventory,6159,,COGS - Dairy,Expense,0,,,,,,,,
08/02/2026,Vegetables,530,Cash,onion,02-2026,Paid,Naseem,08/02/2026,Inventory,6160,,COGS - Veg,Expense,0,,,,,,,,
08/02/2026,Petrol,310,Cash,petrol,02-2026,Paid,Naseem,08/02/2026,Bike Maintance,6161,,OpEx - Maintenance,Expense,0,,,,,,,,
08/02/2026,Dairy,30,Cash,milk,02-2026,Paid,Naseem,08/02/2026,Inventory,6162,,COGS - Dairy,Expense,0,,,,,,,,
08/02/2026,Beverages,3100,Cash,softdrink,02-2026,Paid,Naseem,08/02/2026,Grocery,6163,,COGS - Grocery,Expense,0,,,,,,,,
08/02/2026,Vegetables,633,Bank,bhaironath,02-2026,Paid,Naseem,08/02/2026,Inventory,6164,,COGS - Veg,Expense,0,,,,,,,,
08/02/2026,Sales,8570,Cash,petpooja,02-2026,,,,Sales,6165,,Revenue,Income,0,,,,,,,,
08/02/2026,Sales,23650,Wallet,petpooja,02-2026,,,,Sales,6166,,Revenue,Income,0,,,,,,,,
08/02/2026,Sales,3855,UPI,petpooja,02-2026,,,,Sales,6167,,Revenue,Income,0,,,,,,,,
08/02/2026,Sales,1683,Online Sale,petpooja,02-2026,,,,Sales,6168,,Revenue,Income,0,,,,,,,,
08/02/2026,Sales,972,Zomato Pay,petpooja,02-2026,,,,Sales,6169,,Revenue,Income,0,,,,,,,,
08/02/2026,tea,50,Cash,tea,02-2026,Paid,Naseem,08/02/2026,Staff Expenses,6170,,OpEx - Labor,Expense,0,,,,,,,,
09/02/2026,Chicken,5165,Bank,Golden Chicken,02-2026,Unpaid,,,Inventory,6171,,COGS - NonVeg,Expense,0,,,,,,,,
09/02/2026,Charcoal,900,Bank,gyanewari,02-2026,Unpaid,,,Inventory,6172,,COGS - Fuel,Expense,0,,,,,,,,
09/02/2026,Dairy,36,Cash,milk,02-2026,Paid,Naseem,09/02/2026,Inventory,6173,,COGS - Dairy,Expense,0,,,,,,,,
09/02/2026,Dairy,982,Bank,Ashok,02-2026,Unpaid,,,Inventory,6174,,COGS - Dairy,Expense,0,,,,,,,,
09/02/2026,Mutton,1600,Bank,A1Mutton,02-2026,Paid,Naseem,09/02/2026,Inventory,6175,,COGS - NonVeg,Expense,0,,,,,,,,
09/02/2026,Grocery,700,Bank,brista,02-2026,Paid,Naseem,09/02/2026,Inventory,6176,,COGS - Grocery,Expense,0,,,,,,,,
09/02/2026,Dairy,350,Bank,paratha,02-2026,Paid,Naseem,09/02/2026,Inventory,6177,,COGS - Dairy,Expense,0,,,,,,,,
09/02/2026,Maintenance,20,Bank,palak,02-2026,Paid,Naseem,09/02/2026,Maintance,6178,,OpEx - Maintenance,Expense,0,,,,,,,,
09/02/2026,Grocery,30,Cash,suji,02-2026,Paid,Naseem,09/02/2026,Inventory,6179,,COGS - Grocery,Expense,0,,,,,,,,
09/02/2026,Momos,210,Cash,momos,02-2026,Paid,Naseem,09/02/2026,Inventory,6180,,COGS - Inventory,Expense,0,,,,,,,,
09/02/2026,Vegetables,482,Bank,bhaironath,02-2026,Unpaid,,,Inventory,6181,,COGS - Veg,Expense,0,,,,,,,,
09/02/2026,Disposable,10160,Bank,anand dispsable,02-2026,Unpaid,,,Inventory,6182,,COGS - Packaging,Expense,0,,,,,,,,
09/02/2026,Sales,2215,Cash,petpooja,02-2026,,,,Sales,6183,,Revenue,Income,0,,,,,,,,
09/02/2026,Sales,17946,Wallet,petpooja,02-2026,,,,Sales,6184,,Revenue,Income,0,,,,,,,,
09/02/2026,Sales,0,UPI,petpooja,02-2026,,,,Sales,6185,,Revenue,Income,0,,,,,,,,
09/02/2026,Sales,1383,Online Sale,petpooja,02-2026,,,,Sales,6186,,Revenue,Income,0,,,,,,,,
09/02/2026,Kinners,30,Cash,kinnar,02-2026,,,,Maintance,6187,,OpEx - Misc,Expense,0,,,,,,,,
10/02/2026,Chicken,2313,Bank,Golden Chicken,02-2026,Unpaid,,,Inventory,6188,,COGS - NonVeg,Expense,0,,,,,,,,
10/02/2026,Maintenance,345,Bank,porter,02-2026,Paid,Naseem,10/02/2026,Maintance,6189,,OpEx - Maintenance,Expense,0,,,,,,,,
10/02/2026,Egg,558,Cash,mulani,02-2026,Paid,Naseem,10/02/2026,Grocery,6190,,COGS - Grocery,Expense,0,,,,,,,,
10/02/2026,Maintenance,300,Bank,handi,02-2026,Paid,Naseem,10/02/2026,Maintance,6191,,OpEx - Maintenance,Expense,0,,,,,,,,
10/02/2026,Sales,7470,Cash,petpooja,02-2026,,,,Sales,6192,,Revenue,Income,0,,,,,,,,
10/02/2026,Sales,203636,Wallet,petpooja,02-2026,,,,Sales,6193,,Revenue,Income,0,,,,,,,,
10/02/2026,Sales,1018,Online Sale,petpooja,02-2026,,,,Sales,6194,,Revenue,Income,0,,,,,,,,
10/02/2026,Sales,1720,UPI,petpooja,02-2026,,,,Sales,6195,,Revenue,Income,0,,,,,,,,
10/02/2026,Kinners,30,Cash,kinnar,02-2026,Paid,Naseem,01/10/2026,Maintance,6196,,OpEx - Misc,Expense,0,,,,,,,,
10/02/2026,Vegetables,455,Bank,bhaironath,02-2026,Unpaid,,,Inventory,6197,,COGS - Veg,Expense,0,,,,,,,,
11/02/2026,Chicken,8078,Bank,Golden Chicken,02-2026,Unpaid,,,Inventory,6198,,COGS - NonVeg,Expense,0,,,,,,,,
11/02/2026,Dairy,1099,Bank,Ashok,02-2026,Unpaid,,,Inventory,6199,,COGS - Dairy,Expense,0,,,,,,,,
11/02/2026,Charcoal,900,Bank,gyanewari,02-2026,Unpaid,,,Inventory,6200,,COGS - Fuel,Expense,0,,,,,,,,
10/02/2026,Dairy,1518,Bank,Ashok,02-2026,Unpaid,,,Inventory,6201,,COGS - Dairy,Expense,0,,,,,,,,
11/02/2026,Beverages,3600,Cash,waterbottle,02-2026,Paid,Naseem,11/02/2026,Grocery,6202,,COGS - Grocery,Expense,0,,,,,,,,
11/02/2026,Grocery,390,Cash,noodle,02-2026,Paid,Naseem,11/02/2026,Inventory,6203,,COGS - Grocery,Expense,0,,,,,,,,
11/02/2026,Kinners,30,Cash,kinnar,02-2026,Paid,Naseem,11/02/2026,Maintance,6204,,OpEx - Misc,Expense,0,,,,,,,,
11/02/2026,Vegetables,50,Cash,mint,02-2026,Paid,Naseem,11/02/2026,Inventory,6205,,COGS - Veg,Expense,0,,,,,,,,
11/02/2026,Vegetables,934,Bank,bhaironath,02-2026,Unpaid,,,Inventory,6206,,COGS - Veg,Expense,0,,,,,,,,
11/02/2026,Sales,7930,Cash,petpooja,02-2026,,,,Sales,6207,,Revenue,Income,0,,,,,,,,
11/02/2026,Sales,30082,Wallet,petpooja,02-2026,,,,Sales,6208,,Revenue,Income,0,,,,,,,,
11/02/2026,Sales,1870,UPI,petpooja,02-2026,,,,Sales,6209,,Revenue,Income,0,,,,,,,,
11/02/2026,Sales,1700,Online Sale,petpooja,02-2026,,,,Sales,6210,,Revenue,Income,0,,,,,,,,
11/02/2026,Vegetables,30,Cash,lemon,02-2026,Paid,Naseem,11/02/2026,Inventory,6211,,COGS - Veg,Expense,0,,,,,,,,
11/02/2026,Maintenance,500,Cash,tree,02-2026,Paid,Naseem,11/02/2026,Maintance,6212,,OpEx - Maintenance,Expense,0,,,,,,,,
11/02/2026,Vegetables,300,Cash,tomatto,02-2026,Paid,Naseem,11/02/2026,Inventory,6213,,COGS - Veg,Expense,0,,,,,,,,
11/02/2026,Tea,30,Cash,tea,02-2026,Paid,Naseem,11/02/2026,Staff Expenses,6214,,OpEx - Labor,Expense,0,,,,,,,,
12/02/2026,Chicken,8225,Bank,Golden Chicken,02-2026,Unpaid,,,Inventory,6215,,COGS - NonVeg,Expense,0,,,,,,,,
12/02/2026,Dairy,1668,Bank,Ashok,02-2026,Unpaid,,,Inventory,6216,,COGS - Dairy,Expense,0,,,,,,,,
12/02/2026,Maintenance,100,Cash,Hardwere,02-2026,Paid,Naseem,12/02/2026,Maintance,6217,,OpEx - Maintenance,Expense,0,,,,,,,,
12/02/2026,Advance,1000,Cash,Rakesh,02-2026,Paid,Naseem,12/02/2026,Salary,6218,,OpEx - Labor,Expense,0,,,,,,,,
12/02/2026,Advance,2000,Cash,Vijay,02-2026,Paid,Naseem,12/02/2026,Salary,6219,,OpEx - Labor,Expense,0,,,,,,,,
12/02/2026,Egg,540,Cash,mulani,02-2026,Paid,Naseem,12/02/2026,Grocery,6220,,COGS - Grocery,Expense,0,,,,,,,,
12/02/2026,Sales,4400,Cash,petpooja,02-2026,,,,Sales,6221,,Revenue,Income,0,,,,,,,,
12/02/2026,Sales,20799,Wallet,petpooja,02-2026,,,,Sales,6222,,Revenue,Income,0,,,,,,,,
12/02/2026,Sales,70,UPI,petpooja,02-2026,,,,Sales,6223,,Revenue,Income,0,,,,,,,,
12/02/2026,Sales,1655,Online Sale,petpooja,02-2026,,,,Sales,6224,,Revenue,Income,0,,,,,,,,
13/02/2026,Chicken,5764,Bank,Golden Chicken,02-2026,Unpaid,,,Inventory,6225,,COGS - NonVeg,Expense,0,,,,,,,,
13/02/2026,Charcoal,1800,Bank,gyanewari,02-2026,Unpaid,,,Inventory,6226,,COGS - Fuel,Expense,0,,,,,,,,
13/02/2026,Dairy,802,Bank,Ashok,02-2026,Unpaid,,,Inventory,6227,,COGS - Dairy,Expense,0,,,,,,,,
13/02/2026,Mutton,1600,Cash,A1Mutton,02-2026,Paid,Naseem,13/02/2026,Inventory,6228,,COGS - NonVeg,Expense,0,,,,,,,,
13/02/2026,Maintenance,350,Cash,gas pipe,02-2026,Paid,Naseem,13/02/2026,Maintance,6229,,OpEx - Maintenance,Expense,0,,,,,,,,
13/02/2026,Dairy,350,Cash,paratha,02-2026,Paid,Naseem,13/02/2026,Inventory,6230,,COGS - Dairy,Expense,0,,,,,,,,
13/02/2026,Petrol,310,Cash,petrol,02-2026,Paid,Naseem,13/02/2026,Bike Maintance,6231,,OpEx - Maintenance,Expense,0,,,,,,,,
13/02/2026,Mutton,500,Cash,paya,02-2026,Paid,Naseem,13/02/2026,Inventory,6232,,COGS - NonVeg,Expense,0,,,,,,,,
13/02/2026,Advance,30000,Bank,Vijay,02-2026,Paid,Shakil,13/02/2026,Salary,6233,,OpEx - Labor,Expense,0,,,,,,,,
13/02/2026,Bakery,3120,Cash,Pitabread,02-2026,Paid,Naseem,13/02/2026,Grocery,6234,,COGS - Grocery,Expense,0,,,,,,,,
13/02/2026,Vegetables,442,Bank,bhaironath,02-2026,Unpaid,,,Inventory,6235,,COGS - Veg,Expense,0,,,,,,,,
13/02/2026,Kinners,30,Cash,kinnar,02-2026,Paid,Naseem,13/02/2026,Maintance,6236,,OpEx - Misc,Expense,0,,,,,,,,
13/02/2026,Sales,8400,Cash,petpooja,02-2026,,,,Sales,6237,,Revenue,Income,0,,,,,,,,
13/02/2026,Sales,24792,Wallet,petpooja,02-2026,,,,Sales,6238,,Revenue,Income,0,,,,,,,,
13/02/2026,Sales,1810,Online Sale,petpooja,02-2026,,,,Sales,6239,,Revenue,Income,0,,,,,,,,
13/02/2026,Sales,374,Zomato Pay,petpooja,02-2026,,,,Sales,6240,,Revenue,Income,0,,,,,,,,
13/02/2026,Sales,320,Card,petpooja,02-2026,,,,Sales,6241,,Revenue,Income,0,,,,,,,,
13/02/2026,Sales,1030,UPI,petpooja,02-2026,,,,Sales,6242,,Revenue,Income,0,,,,,,,,
13/02/2026,Tea,30,Cash,tea,02-2026,Paid,Naseem,13/02/2026,Staff Expenses,6243,,OpEx - Labor,Expense,0,,,,,,,,
13/02/2026,Cash Return to Cx,50,Cash,Customer return,02-2026,Paid,Naseem,13/02/2026,Excess Amount Return,6244,,Excess Amount Return,Expense,0,,,,,,,,
14/02/2026,Chicken,8175,Bank,Golden Chicken,02-2026,Unpaid,,,Inventory,6245,,COGS - NonVeg,Expense,0,,,,,,,,
14/02/2026,Dairy,929,Bank,Ashok,02-2026,Unpaid,,,Inventory,6246,,COGS - Dairy,Expense,0,,,,,,,,
14/02/2026,Disposable,110,Cash,paper plate,02-2026,Paid,Naseem,14/02/20226,Inventory,6247,,COGS - Packaging,Expense,0,,,,,,,,
14/02/2026,Egg,560,Cash,mulani,02-2026,Paid,Naseem,14/02/20226,Grocery,6248,,COGS - Grocery,Expense,0,,,,,,,,
14/02/2026,Vegetables,30,Cash,mint,02-2026,Paid,Naseem,14/02/20226,Inventory,6249,,COGS - Veg,Expense,0,,,,,,,,
14/02/2026,Vegetables,916,Bank,bhaironath,02-2026,Unpaid,,,Inventory,6250,,COGS - Veg,Expense,0,,,,,,,,
14/02/2026,Sales,7914,Cash,petpooja,02-2026,,,,Sales,6251,,Revenue,Income,0,,,,,,,,
14/02/2026,Sales,31912,Wallet,petpooja,02-2026,,,,Sales,6252,,Revenue,Income,0,,,,,,,,
14/02/2026,Sales,2317,Online Sale,petpooja,02-2026,,,,Sales,6253,,Revenue,Income,0,,,,,,,,
14/02/2026,Sales,4550,UPI,petpooja,02-2026,,,,Sales,6254,,Revenue,Income,0,,,,,,,,
14/02/2026,Sales,790,Card,petpooja,02-2026,,,,Sales,6255,,Revenue,Income,0,,,,,,,,
14/02/2026,Tea,30,Cash,tea,02-2026,Paid,Naseem,14/02/2026,Staff Expenses,6256,,OpEx - Labor,Expense,0,,,,,,,,
14/02/2026,Kinners,30,Cash,kinnar,02-2026,Paid,Naseem,14/02/2026,Maintance,6257,,OpEx - Misc,Expense,0,,,,,,,,
14/02/2026,Advance,1500,Cash,Umesh Ji,02-2026,Paid,Naseem,14/02/2026,Salary,6258,,OpEx - Labor,Expense,0,,,,,,,,
16/02/2026,Dairy,1464,Bank,Ashok,02-2026,Unpaid,,,Inventory,6259,,COGS - Dairy,Expense,0,,,,,,,,
16/02/2026,Charcoal,900,Bank,gyanewari,02-2026,Unpaid,,,Inventory,6260,,COGS - Fuel,Expense,0,,,,,,,,
16/02/2026,Grocery,700,Cash,brista,02-2026,Paid,Naseem,16/02/2026,Inventory,6261,,COGS - Grocery,Expense,0,,,,,,,,
16/02/2026,Advance,1500,Cash,Manohar,02-2026,Paid,Naseem,16/02/2026,Salary,6262,,OpEx - Labor,Expense,0,,,,,,,,
16/02/2026,Dairy,600,Cash,chap and paratha,02-2026,Paid,Sameer,16/02/2026,Inventory,6263,,COGS - Dairy,Expense,0,,,,,,,,
16/02/2026,Vegetables,828,Bank,bhaironath,02-2026,Unpaid,Naseem,,Inventory,6264,,COGS - Veg,Expense,0,,,,,,,,
16/02/2026,Grocery,320,Bank,balaji,02-2026,Unpaid,,,Inventory,6265,,COGS - Grocery,Expense,0,,,,,,,,
16/02/2026,Vegetables,300,Cash,tomatto,02-2026,Paid,Naseem,16/02/2026,Inventory,6266,,COGS - Veg,Expense,0,,,,,,,,
16/02/2026,Sales,3840,Cash,petpooja,02-2026,,,,Sales,6267,,Revenue,Income,0,,,,,,,,
16/02/2026,Sales,21489,Wallet,petpooja,02-2026,,,,Sales,6268,,Revenue,Income,0,,,,,,,,
16/02/2026,Sales,3187,Online Sale,petpooja,02-2026,,,,Sales,6269,,Revenue,Income,0,,,,,,,,
16/02/2026,Sales,510,UPI,petpooja,02-2026,,,,Sales,6270,,Revenue,Income,0,,,,,,,,
16/02/2026,Sales,990,Card,petpooja,02-2026,,,,Sales,6271,,Revenue,Income,0,,,,,,,,
16/02/2026,Maintenance,300,Cash,Kitchen boadr repair,02-2026,Paid,Naseem,16/02/2026,Maintance,6272,,OpEx - Maintenance,Expense,0,,,,,,,,
16/02/2026,Tea,50,Cash,tea,02-2026,Paid,Naseem,16/02/2026,Staff Expenses,6273,,OpEx - Labor,Expense,0,,,,,,,,
17/02/2026,Chicken,4436,Bank,Golden Chicken,02-2026,Unpaid,,,Inventory,6274,,COGS - NonVeg,Expense,0,,,,,,,,
17/02/2026,Grocery,220,Cash,Noodle,02-2026,Paid,Naseem,17/02/2026,Inventory,6275,,COGS - Grocery,Expense,0,,,,,,,,
17/02/2026,Grocery,44400,Bank,balaji,02-2026,Unpaid,,,Inventory,6276,,COGS - Grocery,Expense,0,,,,,,,,
17/02/2026,Vegetables,520,Cash,onion,02-2026,Paid,Naseem,17/02/2026,Inventory,6277,,COGS - Veg,Expense,0,,,,,,,,
17/02/2026,Beverages,1800,Cash,waterbottle,02-2026,Paid,Naseem,17/02/2026,Grocery,6278,,COGS - Grocery,Expense,0,,,,,,,,
17/02/2026,Vegetables,720,Bank,bhaironath,02-2026,Unpaid,,,Inventory,6279,,COGS - Veg,Expense,0,,,,,,,,
17/02/2026,Sales,3835,Cash,petpooja,02-2026,,,,Sales,6280,,Revenue,Income,0,,,,,,,,
17/02/2026,Sales,24603,Wallet,petpooja,02-2026,,,,Sales,6281,,Revenue,Income,0,,,,,,,,
17/02/2026,Sales,170,UPI,petpooja,02-2026,,,,Sales,6282,,Revenue,Income,0,,,,,,,,
17/02/2026,Sales,888,Online Sale,petpooja,02-2026,,,,Sales,6283,,Revenue,Income,0,,,,,,,,
17/02/2026,Tea,50,Cash,tea,02-2026,Paid,Naseem,17/02/2026,Staff Expenses,6284,,OpEx - Labor,Expense,0,,,,,,,,
17/02/2026,Sales,310,Card,petpooja,02-2026,,,,Sales,6285,,Revenue,Income,0,,,,,,,,
18/02/2026,Advance,3000,Bank,Manohar,02-2026,Paid,Shakil,18/02/2026,Salary,6286,,OpEx - Labor,Expense,0,,,,,,,,
18/02/2026,Charcoal,900,Bank,gyanewari,02-2026,Unpaid,,,Inventory,6287,,COGS - Fuel,Expense,0,,,,,,,,
18/02/2026,Chicken,5147,Bank,Golden Chicken,02-2026,Unpaid,,,Inventory,6288,,COGS - NonVeg,Expense,0,,,,,,,,
18/02/2026,Dairy,1668,Bank,Ashok,02-2026,Unpaid,,,Inventory,6289,,COGS - Dairy,Expense,0,,,,,,,,
17/02/2026,Dairy,1233,Bank,Ashok,02-2026,Unpaid,,,Inventory,6290,,COGS - Dairy,Expense,0,,,,,,,,
18/02/2026,Maintenance,300,Cash,porter,02-2026,Paid,Naseem,18/02/2026,Maintance,6291,,OpEx - Maintenance,Expense,0,,,,,,,,
18/02/2026,Egg,570,Cash,mulani,02-2026,Paid,Naseem,18/02/2026,Grocery,6292,,COGS - Grocery,Expense,0,,,,,,,,
18/02/2026,Maintenance,675,Cash,Bulb,02-2026,Paid,Naseem,,Maintance,6293,,OpEx - Maintenance,Expense,0,,,,,,,,
18/02/2026,Garbage Vehicle,700,Cash,kachragadi ,02-2026,Paid,Naseem,18/02/2026,Fixed Maintance,6294,,OpEx - Maintenance,Expense,0,,,,,,,,
18/02/2026,Vegetables,40,Cash,mint,02-2026,Paid,Naseem,18/02/2026,Inventory,6295,,COGS - Veg,Expense,0,,,,,,,,
18/02/2026,Bakery,180,Cash,Pitabread,02-2026,Paid,Naseem,18/02/2026,Grocery,6296,,COGS - Grocery,Expense,0,,,,,,,,
18/02/2026,Vegetables,1150,Bank,bhaironath,02-2026,Unpaid,,,Inventory,6297,,COGS - Veg,Expense,0,,,,,,,,
18/02/2026,Sales,4799,Cash,petpooja,02-2026,,,,Sales,6298,,Revenue,Income,0,,,,,,,,
18/02/2026,Sales,24848,Wallet,petpooja,02-2026,,,,Sales,6299,,Revenue,Income,0,,,,,,,,
18/02/2026,Sales,1286,Zomato Pay,petpooja,02-2026,,,,Sales,6300,,Revenue,Income,0,,,,,,,,
18/02/2026,Sales,420,UPI,petpooja,02-2026,,,,Sales,6301,,Revenue,Income,0,,,,,,,,
18/02/2026,Sales,700,Online Sale,prtpooja,02-2026,,,,Sales,6302,,Revenue,Income,0,,,,,,,,
18/02/2026,Tea,90,Cash,tea,02-2026,Paid,Naseem,18/02/2026,Staff Expenses,6303,,OpEx - Labor,Expense,0,,,,,,,,
18/02/2026,Disposable,50,Cash,Brush,02-2026,Paid,Naseem,18/02/2026,Inventory,6304,,COGS - Packaging,Expense,0,,,,,,,,
19/02/2026,Chicken,7070,Bank,Golden Chicken,02-2026,Unpaid,,,Inventory,6305,,COGS - NonVeg,Expense,0,,,,,,,,
19/02/2026,Beverages,2720,Bank,softdrink,02-2026,Unpaid,Naseem,19/02/2026,Grocery,6306,,COGS - Grocery,Expense,0,,,,,,,,
19/02/2026,Petrol,310,Cash,petrol,02-2026,Paid,Naseem,,Bike Maintance,6307,,OpEx - Maintenance,Expense,0,,,,,,,,
19/02/2026,Kinners,100,Cash,kinnar,02-2026,Paid,Naseem,19/02/2026,Maintance,6308,,OpEx - Misc,Expense,0,,,,,,,,
19/02/2026,Sales,2500,Cash,petpooja,02-2026,,,,Sales,6309,,Revenue,Income,0,,,,,,,,
19/02/2026,Sales,15709,Wallet,petpooja,02-2026,,,,Sales,6310,,Revenue,Income,0,,,,,,,,
19/02/2026,Sales,1030,UPI,petpooja,02-2026,,,,Sales,6311,,Revenue,Income,0,,,,,,,,
19/02/2026,Sales,225,Card,petpooja,02-2026,,,,Sales,6312,,Revenue,Income,0,,,,,,,,
19/02/2026,Tea,70,Cash,tea,02-2026,Paid,Naseem,19/02/2026,Staff Expenses,6313,,OpEx - Labor,Expense,0,,,,,,,,
20/02/2026,Dairy,795,Bank,Ashok,02-2026,Unpaid,,,Inventory,6314,,COGS - Dairy,Expense,0,,,,,,,,
20/02/2026,Charcoal,1800,Bank,gyanewari,02-2026,Unpaid,,,Inventory,6315,,COGS - Fuel,Expense,0,,,,,,,,
20/02/2026,Maintenance,150,Cash,cutting blead,02-2026,Paid,Naseem,20/02/2026,Maintance,6316,,OpEx - Maintenance,Expense,0,,,,,,,,
20/02/2026,Chicken,2155,Bank,Golden Chicken,02-2026,Unpaid,,,Inventory,6317,,COGS - NonVeg,Expense,0,,,,,,,,
20/02/2026,Beverages,2720,Cash,softdrink,02-2026,Paid,Naseem,20/02/2026,Grocery,6318,,COGS - Grocery,Expense,0,,,,,,,,
20/02/2026,Kinners,20,Cash,kinnar,02-2026,Paid,Naseem,20/02/2026,Maintance,6319,,OpEx - Misc,Expense,0,,,,,,,,
20/02/2026,Momos,210,Cash,momos,02-2026,Paid,Naseem,20/02/2026,Inventory,6320,,COGS - Inventory,Expense,0,,,,,,,,
20/02/2026,Sales,6889,Cash,petpooja,02-2026,,,,Sales,6321,,Revenue,Income,0,,,,,,,,
20/02/2026,Sales,10,UPI,petpooja,02-2026,,,,Sales,6322,,Revenue,Income,0,,,,,,,,
20/02/2026,Sales,20944,Wallet,petpooja,02-2026,,,,Sales,6323,,Revenue,Income,0,,,,,,,,
20/02/2026,Sales,625,Online Sale,petpooja,02-2026,,,,Sales,6324,,Revenue,Income,0,,,,,,,,
20/02/2026,Sales,340,Due,petpooja,02-2026,,,,Sales,6325,,Revenue,Income,0,,,,,,,,
20/02/2026,Tea,50,Cash,tea,02-2026,Paid,Naseem,20/02/2026,Staff Expenses,6326,,OpEx - Labor,Expense,0,,,,,,,,
21/02/2026,Chicken,5053,Bank,Golden Chicken,02-2026,Unpaid,,,Inventory,6327,,COGS - NonVeg,Expense,0,,,,,,,,
21/02/2026,Mutton,1600,Cash,A1Mutton,02-2026,Paid,Naseem,21/02/2026,Inventory,6328,,COGS - NonVeg,Expense,0,,,,,,,,
21/02/2026,Grocery,700,Cash,brista,02-2026,Paid,Naseem,21/02/2026,Inventory,6329,,COGS - Grocery,Expense,0,,,,,,,,
21/02/2026,Dairy,485,Cash,souce,02-2026,Paid,Naseem,21/02/2026,Inventory,6330,,COGS - Dairy,Expense,0,,,,,,,,
21/02/2026,Disposable,100,Cash,News papar,02-2026,Paid,Naseem,21/02/2026,Inventory,6331,,COGS - Packaging,Expense,0,,,,,,,,
21/02/2026,Egg,570,Cash,mulani,02-2026,Paid,Naseem,21/02/2026,Grocery,6332,,COGS - Grocery,Expense,0,,,,,,,,
20/02/2026,Vegetables,547,Bank,bhaironath,02-2026,Unpaid,,,Inventory,6333,,COGS - Veg,Expense,0,,,,,,,,
21/02/2026,Vegetables,390,Bank,bhaironath,02-2026,Unpaid,,,Inventory,6334,,COGS - Veg,Expense,0,,,,,,,,
21/02/2026,Sales,4829,Cash,petpooja,02-2026,,,,Sales,6335,,Revenue,Income,0,,,,,,,,
21/02/2026,Sales,230,UPI,petpooja,02-2026,,,,Sales,6336,,Revenue,Income,0,,,,,,,,
21/02/2026,Sales,29943,Wallet,petpooja,02-2026,,,,Sales,6337,,Revenue,Income,0,,,,,,,,
21/02/2026,Sales,1735,Online Sale,petpooja,02-2026,,,,Sales,6338,,Revenue,Income,0,,,,,,,,
21/02/2026,Disposable,11340,Bank,anand dispsable,02-2026,Unpaid,,,Inventory,6339,,COGS - Packaging,Expense,0,,,,,,,,
21/02/2026,Electricity,190,Cash,Heat cockroch,02-2026,Paid,Naseem,21/02/2026,Fixed Maintance,6340,,OpEx - Utilities,Expense,0,,,,,,,,
21/02/2026,Tea,25,Cash,tea,02-2026,Paid,Naseem,21/02/2026,Staff Expenses,6341,,OpEx - Labor,Expense,0,,,,,,,,
22/02/2026,Dairy,1070,Bank,Ashok,02-2026,Unpaid,,,Inventory,6342,,COGS - Dairy,Expense,0,,,,,,,,
21/02/2026,Dairy,335,Bank,Ashok,02-2026,Unpaid,,,Inventory,6343,,COGS - Dairy,Expense,0,,,,,,,,
22/02/2026,Chicken,5340,Bank,Golden Chicken,02-2026,Unpaid,,,Inventory,6344,,COGS - NonVeg,Expense,0,,,,,,,,
22/02/2026,Beverages,1800,Cash,waterbottle,02-2026,Paid,Naseem,22/02/2026,Grocery,6345,,COGS - Grocery,Expense,0,,,,,,,,
22/02/2026,Petrol,310,Cash,petrol,02-2026,Paid,Naseem,22/02/2026,Bike Maintance,6346,,OpEx - Maintenance,Expense,0,,,,,,,,
22/02/2026,Dairy,350,Cash,chap ,02-2026,Paid,Naseem,22/02/2026,Inventory,6347,,COGS - Dairy,Expense,0,,,,,,,,
22/02/2026,Vegetables,1590,Bank,bhaironath,02-2026,Unpaid,,,Inventory,6348,,COGS - Veg,Expense,0,,,,,,,,
22/02/2026,Vegetables,300,Cash,tomatto,02-2026,Paid,Naseem,22/02/2026,Inventory,6349,,COGS - Veg,Expense,0,,,,,,,,
22/02/2026,Sales,5904,Cash,petpooja,02-2026,,,,Sales,6350,,Revenue,Income,0,,,,,,,,
22/02/2026,Sales,22792,Wallet,petpooja,02-2026,,,,Sales,6351,,Revenue,Income,0,,,,,,,,
22/02/2026,Sales,920,UPI,petpooja,02-2026,,,,Sales,6352,,Revenue,Income,0,,,,,,,,
22/02/2026,Sales,4731,Online Sale,petpooja,02-2026,,,,Sales,6353,,Revenue,Income,0,,,,,,,,
22/02/2026,Maintenance,500,Cash,fan repair,02-2026,Paid,Naseem,22/02/2026,Maintance,6354,,OpEx - Maintenance,Expense,0,,,,,,,,
22/02/2026,Kinners,30,Cash,kinnar,02-2026,Paid,Naseem,22/02/2026,Maintance,6355,,OpEx - Misc,Expense,0,,,,,,,,
22/02/2026,Electricity,15,Cash,palak,02-2026,Paid,Naseem,,Fixed Maintance,6356,,OpEx - Utilities,Expense,0,,,,,,,,
22/02/2026,Tea,50,Cash,tea,02-2026,Paid,Naseem,,Staff Expenses,6357,,OpEx - Labor,Expense,0,,,,,,,,
23/02/2026,Chicken,4882,Bank,Golden Chicken,02-2026,Unpaid,,,Inventory,6358,,COGS - NonVeg,Expense,0,,,,,,,,
23/02/2026,Dairy,1370,Bank,Ashok,02-2026,Unpaid,,,Inventory,6359,,COGS - Dairy,Expense,0,,,,,,,,
23/02/2026,Charcoal,1800,Bank,gyanewari,02-2026,Unpaid,Naseem,23/02/2026,Inventory,6360,,COGS - Fuel,Expense,0,,,,,,,,
23/02/2026,Vegetables,520,Cash,onion,02-2026,Paid,Naseem,23/02/2026,Inventory,6361,,COGS - Veg,Expense,0,,,,,,,,
23/02/2026,Egg,360,Cash,mulani,02-2026,Paid,Naseem,23/02/2026,Grocery,6362,,COGS - Grocery,Expense,0,,,,,,,,
23/02/2026,Advance,600,Cash,nasim advance,02-2026,Paid,Naseem,23/02/2026,Salary,6363,,OpEx - Labor,Expense,0,,,,,,,,
23/02/2026,Vegetables,50,Cash,mint,02-2026,Paid,Naseem,23/02/2026,Inventory,6364,,COGS - Veg,Expense,0,,,,,,,,
23/02/2026,Vegetables,874,Bank,bhaironath,02-2026,Unpaid,,,Inventory,6365,,COGS - Veg,Expense,0,,,,,,,,
23/02/2026,Kinners,100,Cash,kinnar,02-2026,Paid,,,Maintance,6366,,OpEx - Misc,Expense,0,,,,,,,,
23/02/2026,Sales,4020,Cash,petpooja,02-2026,,,,Sales,6367,,Revenue,Income,0,,,,,,,,
23/02/2026,Sales,16217,Wallet,petpooja,02-2026,,,,Sales,6368,,Revenue,Income,0,,,,,,,,
23/02/2026,Sales,485,Online Sale,petpooja,02-2026,,,,Sales,6369,,Revenue,Income,0,,,,,,,,
23/02/2026,Sales,835,UPI,petpooja,02-2026,,,,Sales,6370,,Revenue,Income,0,,,,,,,,
23/02/2026,Tea,50,Cash,tea,02-2026,Paid,Naseem,23/02/2026,Staff Expenses,6371,,OpEx - Labor,Expense,0,,,,,,,,
24/02/2026,Grocery,440,Cash,oil and vegetable,02-2026,Paid,Naseem,24/02/2026,Inventory,6372,,COGS - Grocery,Expense,0,,,,,,,,
24/02/2026,Chicken,5452,Bank,Golden Chicken,02-2026,Unpaid,,24/02/2026,Inventory,6373,,COGS - NonVeg,Expense,0,,,,,,,,
24/02/2026,Kinners,50,Cash,kinnar,02-2026,Paid,Naseem,,Maintance,6374,,OpEx - Misc,Expense,0,,,,,,,,
24/02/2026,Dairy,893,Bank,Ashok,02-2026,Unpaid,,,Inventory,6375,,COGS - Dairy,Expense,0,,,,,,,,
24/02/2026,Dairy,30,Cash,milk ,02-2026,Paid,,,Inventory,6376,,COGS - Dairy,Expense,0,,,,,,,,
24/02/2026,Sales,4365,Cash,petpooja,02-2026,,,,Sales,6377,,Revenue,Income,0,,,,,,,,
24/02/2026,Sales,19155,Wallet,petpooja,02-2026,,,,Sales,6378,,Revenue,Income,0,,,,,,,,
24/02/2026,Sales,540,UPI,petpooja,02-2026,,,,Sales,6379,,Revenue,Income,0,,,,,,,,
24/02/2026,Sales,1659,Online Sale,petpooja,02-2026,,,,Sales,6380,,Revenue,Income,0,,,,,,,,
25/02/2026,Dairy,1068,Bank,Ashok,02-2026,Unpaid,,,Inventory,6381,,COGS - Dairy,Expense,0,,,,,,,,
25/02/2026,Chicken,5563,Bank,Golden Chicken,02-2026,Unpaid,,,Inventory,6382,,COGS - NonVeg,Expense,0,,,,,,,,
25/02/2026,Charcoal,900,Bank,gyanewari,02-2026,Unpaid,,,Inventory,6383,,COGS - Fuel,Expense,0,,,,,,,,
25/02/2026,Petrol,310,Cash,petrol,02-2026,Paid,Naseem,25/02/2026,Bike Maintance,6384,,OpEx - Maintenance,Expense,0,,,,,,,,
25/02/2026,Dairy,60,Cash,milk ,02-2026,Paid,Naseem,25/02/2026,Inventory,6385,,COGS - Dairy,Expense,0,,,,,,,,
25/02/2026,Kinners,20,Cash,kinnar,02-2026,Paid,Naseem,25/02/2026,Maintance,6386,,OpEx - Misc,Expense,0,,,,,,,,
25/02/2026,Vegetables,653,Bank,bhaironath,02-2026,Unpaid,,,Inventory,6387,,COGS - Veg,Expense,0,,,,,,,,
24/02/0226,Vegetables,666,Bank,bhaironath,02-0226,Unpaid,,,Inventory,6388,,COGS - Veg,Expense,0,,,,,,,,
25/02/2026,Sales,2200,Cash,petpooja,02-2026,,,,Sales,6389,,Revenue,Income,0,,,,,,,,
25/02/2026,Sales,20724,Wallet,petpooja,02-2026,,,,Sales,6390,,Revenue,Income,0,,,,,,,,
25/02/2026,Sales,905,Zomato Pay,petpooja,02-2026,,,,Sales,6391,,Revenue,Income,0,,,,,,,,
25/02/2026,Sales,250,UPI,petpooja,02-2026,,,,Sales,6392,,Revenue,Income,0,,,,,,,,
25/02/2026,Egg,360,Cash,mulani,02-2026,Paid,Naseem,25/02/2026,Grocery,6393,,COGS - Grocery,Expense,0,,,,,,,,
25/02/2026,Sales,3326,Online Sale,mulani,02-2026,,,,Sales,6394,,Revenue,Income,0,,,,,,,,
25/02/2026,Tea,100,Cash,tea,02-2026,Paid,Naseem,25/02/2026,Staff Expenses,6395,,OpEx - Labor,Expense,0,,,,,,,,
26/02/2026,Dairy,605,Bank,Ashok,02-2026,Unpaid,,,Inventory,6396,,COGS - Dairy,Expense,0,,,,,,,,
26/02/2026,Disposable,300,Cash,continor,02-2026,Paid,Naseem,26/02/2026,Inventory,6397,,COGS - Packaging,Expense,0,,,,,,,,
26/02/2026,Advance,1000,Cash,Rakesh,02-2026,Paid,Naseem,26/02/2026,Salary,6398,,OpEx - Labor,Expense,0,,,,,,,,
26/02/2026,Dairy,36,Cash,milk ,02-2026,Paid,Naseem,26/02/2026,Inventory,6399,,COGS - Dairy,Expense,0,,,,,,,,
26/02/2026,Chicken,5420,Bank,Golden Chicken,02-2026,Unpaid,,,Inventory,6400,,COGS - NonVeg,Expense,0,,,,,,,,
26/02/2026,Grocery,540,Bank,Balaji,02-2026,Unpaid,,,Inventory,6401,,COGS - Grocery,Expense,0,,,,,,,,
26/02/2026,Sales,4070,Cash,petpooja,02-2026,,,,Sales,6402,,Revenue,Income,0,,,,,,,,
26/02/2026,Sales,12625,Wallet,petpooja,02-2026,,,,Sales,6403,,Revenue,Income,0,,,,,,,,
26/02/2026,Sales,1796,Online Sale,petpooja,02-2026,,,,Sales,6404,,Revenue,Income,0,,,,,,,,
26/02/2026,Sales,1060,UPI,petpooja,02-2026,,,,Sales,6405,,Revenue,Income,0,,,,,,,,
26/02/2026,Maintenance,300,Cash,electric,02-2026,Paid,Naseem,26/02/2026,Maintance,6406,,OpEx - Maintenance,Expense,0,,,,,,,,
26/02/2026,Tea,50,Cash,tea,02-2026,Paid,Naseem,26/02/2026,Staff Expenses,6407,,OpEx - Labor,Expense,0,,,,,,,,
27/02/2026,Chicken,3971,Bank,Golden Chicken,02-2026,Unpaid,,,Inventory,6408,,COGS - NonVeg,Expense,0,,,,,,,,
27/02/2026,Charcoal,900,Bank,gyanewari,02-2026,Unpaid,,,Inventory,6409,,COGS - Fuel,Expense,0,,,,,,,,
27/02/2026,Grocery,700,Cash,brista,02-2026,Paid,Naseem,26/02/2026,Inventory,6410,,COGS - Grocery,Expense,0,,,,,,,,
27/02/2026,Dairy,210,Cash,paratha,02-2026,Paid,Naseem,27/02/2026,Inventory,6411,,COGS - Dairy,Expense,0,,,,,,,,
27/02/2026,Dairy,330,Cash,chap,02-2026,Paid,Naseem,27/02/2026,Inventory,6412,,COGS - Dairy,Expense,0,,,,,,,,
27/02/2026,Egg,540,Cash,egg,02-2026,Paid,Naseem,27/02/2026,Grocery,6413,,COGS - Grocery,Expense,0,,,,,,,,
26/02/2026,Vegetables,450,Bank,bhaironath,02-2026,Unpaid,,,Inventory,6414,,COGS - Veg,Expense,0,,,,,,,,
27/02/2026,Vegetables,745,Bank,bhaironath,02-2026,Unpaid,,,Inventory,6415,,COGS - Veg,Expense,0,,,,,,,,
27/02/2026,Vegetables,250,Cash,tomatto,02-2026,Paid,Naseem,27/02/25026,Inventory,6416,,COGS - Veg,Expense,0,,,,,,,,
27/02/2026,Momos,210,Cash,momos,02-2026,Paid,Naseem,27/02/25026,Inventory,6417,,COGS - Inventory,Expense,0,,,,,,,,
27/02/2026,Sales,5896,Cash,petpooja,02-2026,,,,Sales,6418,,Revenue,Income,0,,,,,,,,
27/02/2026,Sales,36246,Wallet,petpooja,02-2026,,,,Sales,6419,,Revenue,Income,0,,,,,,,,
27/02/2026,Sales,5910,Online Sale,petpooja,02-2026,,,,Sales,6420,,Revenue,Income,0,,,,,,,,
27/02/2026,Sales,926,UPI,petpooja,02-2026,,,,Sales,6421,,Revenue,Income,0,,,,,,,,
27/02/2026,Dairy,36,Cash,milk ,02-2026,Paid,Naseem,,Inventory,6422,,COGS - Dairy,Expense,0,,,,,,,,
27/02/2026,Tea,50,Cash,tea,02-2026,Paid,Naseem,27/02/2026,Staff Expenses,6423,,OpEx - Labor,Expense,0,,,,,,,,
28/02/2026,Chicken,8387,Bank,Golden Chicken,02-2026,Unpaid,,,Inventory,6424,,COGS - NonVeg,Expense,0,,,,,,,,
28/02/2026,Dairy,1200,Bank,Ashok,02-2026,Unpaid,,,Inventory,6425,,COGS - Dairy,Expense,0,,,,,,,,
28/02/2026,Beverages,450,Cash,waterbottle,02-2026,Paid,Naseem,28/02/2026,Grocery,6426,,COGS - Grocery,Expense,0,,,,,,,,
28/02/2026,Petrol,310,Cash,petrol,02-2026,Paid,Naseem,28/02/2026,Bike Maintance,6427,,OpEx - Maintenance,Expense,0,,,,,,,,
28/02/2026,Vegetables,50,Cash,mint,02-2026,Paid,Naseem,28/02/2026,Inventory,6428,,COGS - Veg,Expense,0,,,,,,,,
28/02/2026,Kinners,30,Cash,kinnar,02-2026,Paid,Naseem,28/02/2026,Maintance,6429,,OpEx - Misc,Expense,0,,,,,,,,
28/02/2026,Vegetables,1014,Wallet,bhaironath,02-2026,Unpaid,,,Inventory,6430,,COGS - Veg,Expense,0,,,,,,,,
28/02/2026,Advance,1000,Cash,Vijay,02-2026,Paid,Naseem,28/02/2026,Salary,6431,,OpEx - Labor,Expense,0,,,,,,,,
28/02/2026,Tea,50,Cash,tea,02-2026,Paid,Naseem,28/02/2026,Staff Expenses,6432,,OpEx - Labor,Expense,0,,,,,,,,
28/02/2026,Sales,2700,Cash,petpooja,02-2026,,,,Sales,6433,,Revenue,Income,0,,,,,,,,
28/02/2026,Sales,37244,Wallet,petpooja,02-2026,,,,Sales,6434,,Revenue,Income,0,,,,,,,,
28/02/2026,Sales,930,Online Sale,petpooja,02-2026,,,,Sales,6435,,Revenue,Income,0,,,,,,,,
28/02/2026,Sales,2445,Card,petpooja,02-2026,,,,Sales,6436,,Revenue,Income,0,,,,,,,,
28/02/2026,Sales,520,UPI,petpooja,02-2026,,,,Sales,6437,,Revenue,Income,0,,,,,,,,
28/02/2026,Sales,440,Due,petpooja,02-2026,,,,Sales,6438,,Revenue,Income,0,,,,,,,,
01/03/2026,Dairy,2453,Bank,Ashok,03-2026,Unpaid,,,Inventory,6439,,COGS - Dairy,Expense,0,,,,,,,,
01/03/2026,Vegetables,520,Cash,onion,03-2026,Paid,Naseem,,Inventory,6440,,COGS - Veg,Expense,0,,,,,,,,
01/03/2026,Egg,510,Cash,egg,03-2026,Paid,Naseem,01/03/2026,Grocery,6441,,COGS - Grocery,Expense,0,,,,,,,,
01/03/2026,Dairy,210,Cash,paratha,03-2026,Paid,Naseem,01/03/2026,Inventory,6442,,COGS - Dairy,Expense,0,,,,,,,,
01/03/2026,Beverages,900,Cash,waterbottle,03-2026,Paid,Naseem,01/03/2026,Grocery,6443,,COGS - Grocery,Expense,0,,,,,,,,
01/03/2026,Chicken,8054,Bank,Golden Chicken,03-2026,Unpaid,,,Inventory,6444,,COGS - NonVeg,Expense,0,,,,,,,,
01/03/2026,Grocery,45,Cash,Blacktill,03-2026,Paid,Naseem,01/03/2026,Inventory,6445,,COGS - Grocery,Expense,0,,,,,,,,
01/03/2026,Sales,9914,Cash,petpooja,03-2026,,,,Sales,6446,,Revenue,Income,0,,,,,,,,
01/03/2026,Sales,22104,Wallet,petpooja,03-2026,,,,Sales,6447,,Revenue,Income,0,,,,,,,,
01/03/2026,Sales,2048,Online Sale,petpooja,03-2026,,,,Sales,6448,,Revenue,Income,0,,,,,,,,
01/03/2026,Sales,355,UPI,petpooja,03-2026,,,,Sales,6449,,Revenue,Income,0,,,,,,,,
01/03/2026,Vegetables,878,Bank,bhaironath,03-2026,Unpaid,,,Inventory,6450,,COGS - Veg,Expense,0,,,,,,,,
01/03/2026,Sales,200,Due,petpooja,03-2026,Paid,Naseem,01/03/2026,Sales,6451,,Revenue,Income,0,,,,,,,,
01/03/2026,Dairy,30,Cash,milk ,03-2026,Paid,,,Inventory,6452,,COGS - Dairy,Expense,0,,,,,,,,
02/03/2026,Dairy,923,Bank,Ashok,03-2026,Unpaid,Naseem,02/03/2026,Inventory,6453,,COGS - Dairy,Expense,0,,,,,,,,
02/03/2026,Charcoal,1800,Bank,gyanewari,03-2026,Unpaid,,,Inventory,6454,,COGS - Fuel,Expense,0,,,,,,,,
02/03/2026,Chicken,5506,Bank,Golden Chicken,03-2026,Unpaid,,,Inventory,6455,,COGS - NonVeg,Expense,0,,,,,,,,
02/03/2026,Grocery,15061,Bank,Balaji,03-2026,Unpaid,,,Inventory,6456,,COGS - Grocery,Expense,0,,,,,,,,
02/03/2026,Vegetables,728,Bank,bhaironath,03-2026,Unpaid,,,Inventory,6457,,COGS - Veg,Expense,0,,,,,,,,
02/03/2026,Sales,6415,Cash,petpooja,03-2026,,,,Sales,6458,,Revenue,Income,0,,,,,,,,
02/03/2026,Sales,14615,Wallet,petpooja,03-2026,,,,Sales,6459,,Revenue,Income,0,,,,,,,,
02/03/2026,Sales,2302,UPI,petpooja,03-2026,,,,Sales,6460,,Revenue,Income,0,,,,,,,,
02/03/2026,Sales,230,Online Sale,petpooja,03-2026,,,,Sales,6461,,Revenue,Income,0,,,,,,,,
02/03/2026,Sales,0,Card,,03-2026,,,,Sales,6462,,Revenue,Income,0,,,,,,,,
02/03/2026,Disposable,850,Bank,anand disposble,03-2026,Unpaid,,,Inventory,6463,,COGS - Packaging,Expense,0,,,,,,,,
03/03/2026,Chicken,6601,Bank,Golden food,03-2026,Unpaid,,,Inventory,6464,,COGS - NonVeg,Expense,0,,,,,,,,
03/03/2026,Grocery,700,Cash,brista,03-2026,Paid,Naseem,03/03/2026,Inventory,6465,,COGS - Grocery,Expense,0,,,,,,,,
03/03/2026,Dairy,330,Cash,chap,03-2026,Paid,Naseem,03/03/2026,Inventory,6466,,COGS - Dairy,Expense,0,,,,,,,,
03/03/2026,Dairy,205,Cash,souce,03-2026,Paid,Naseem,03/03/2026,Inventory,6467,,COGS - Dairy,Expense,0,,,,,,,,
03/03/2026,Petrol,310,Cash,petrol,03-2026,Paid,Naseem,03/03/2026,Bike Maintance,6468,,OpEx - Maintenance,Expense,0,,,,,,,,
03/03/2026,Dairy,210,Cash,kerla paratha ,03-2026,Paid,Naseem,03/03/2026,Inventory,6469,,COGS - Dairy,Expense,0,,,,,,,,
03/03/2026,Dairy,773,Bank,Ashok,03-2026,Unpaid,,,Inventory,6470,,COGS - Dairy,Expense,0,,,,,,,,
03/03/2026,Momos,210,Cash,momos,03-2026,Paid,Naseem,03/03/2026,Inventory,6471,,COGS - Inventory,Expense,0,,,,,,,,
03/03/2026,Egg,510,Cash,mulani,03-2026,Paid,Naseem,03/03/2026,Grocery,6472,,COGS - Grocery,Expense,0,,,,,,,,
03/03/2026,Kinners,40,Cash,kinnar,03-2026,Paid,Naseem,03/03/2026,Maintance,6473,,OpEx - Misc,Expense,0,,,,,,,,
03/03/2026,Vegetables,830,Bank,Bhaironath,03-2026,Unpaid,,,Inventory,6474,,COGS - Veg,Expense,0,,,,,,,,
03/03/2026,Dairy,36,Cash,milk,03-2026,Paid,Naseem,03/03/2026,Inventory,6475,,COGS - Dairy,Expense,0,,,,,,,,
03/03/2026,Sales,6920,Cash,petpooja,03-2026,,,,Sales,6476,,Revenue,Income,0,,,,,,,,
03/03/2026,Sales,31878,Wallet,petpooja,03-2026,,,,Sales,6477,,Revenue,Income,0,,,,,,,,
03/03/2026,Sales,1155,UPI,petpooja,03-2026,,,,Sales,6478,,Revenue,Income,0,,,,,,,,
03/03/2026,Sales,250,Due,petpooja,03-2026,,,,Sales,6479,,Revenue,Income,0,,,,,,,,
03/03/2026,Sales,2237,Online Sale,petpooja,03-2026,,,,Sales,6480,,Revenue,Income,0,,,,,,,,
03/03/2026,Tea,50,Cash,tea,03-2026,Paid,Naseem,03/03/2026,Staff Expenses,6481,,OpEx - Labor,Expense,0,,,,,,,,
03/03/2026,Sales,318,Zomato Pay,petpooja,03-2026,,,,Sales,6482,,Revenue,Income,0,,,,,,,,
04/03/2026,Chicken,7442,Bank,Golden food,03-2026,Unpaid,,,Inventory,6483,,COGS - NonVeg,Expense,0,,,,,,,,
04/03/2026,Charcoal,1800,Bank,Gyaneawari,03-2026,Unpaid,,,Inventory,6484,,COGS - Fuel,Expense,0,,,,,,,,
04/03/2026,Beverages,900,Cash,water bottle,03-2026,Paid,Naseem,04/03/2026,Grocery,6485,,COGS - Grocery,Expense,0,,,,,,,,
04/03/2026,Beverages,2715,Bank,softfrink,03-2026,Paid,Naseem,04/03/2026,Grocery,6486,,COGS - Grocery,Expense,0,,,,,,,,
04/03/2026,Grocery,420,Bank,souf,03-2026,Unpaid,,,Inventory,6487,,COGS - Grocery,Expense,0,,,,,,,,
04/03/2026,Vegetables,250,Cash,tomatto,03-2026,Paid,Naseem,04/02/2026,Inventory,6488,,COGS - Veg,Expense,0,,,,,,,,
04/03/2026,Bakery,2700,Bank,pita bread,03-2026,Paid,Naseem,04/03/2026,Grocery,6489,,COGS - Grocery,Expense,0,,,,,,,,
04/03/2026,Vegetables,1020,Bank,Bhaironath,03-2026,Unpaid,,,Inventory,6490,,COGS - Veg,Expense,0,,,,,,,,
04/03/2026,Dairy,36,Cash,milk,03-2026,Paid,Naseem,04/02/2026,Inventory,6491,,COGS - Dairy,Expense,0,,,,,,,,
04/03/2026,Sales,4935,Cash,petpooja,03-2026,,,,Sales,6492,,Revenue,Income,0,,,,,,,,
04/03/2026,Sales,2235,Online Sale,petpooja,03-2026,,,,Sales,6493,,Revenue,Income,0,,,,,,,,
04/03/2026,Sales,315,UPI,petpooja,03-2026,,,,Sales,6494,,Revenue,Income,0,,,,,,,,
04/03/2026,Sales,21158,Wallet,petpooja,03-2026,,,,Sales,6495,,Revenue,Income,0,,,,,,,,
05/04/2026,Dairy,1490,Bank,Ashok,04-2026,Unpaid,,,Inventory,6496,,COGS - Dairy,Expense,0,,,,,,,,
05/04/2026,Chicken,5633,Bank,Golden food,04-2026,Unpaid,,,Inventory,6497,,COGS - NonVeg,Expense,0,,,,,,,,
05/04/2026,Vegetables,920,Bank,Bhaironath,04-2026,Unpaid,,,Inventory,6498,,COGS - Veg,Expense,0,,,,,,,,
05/04/2026,Sales,3269,Cash,petpooja,04-2026,,,,Sales,6499,,Revenue,Income,0,,,,,,,,
05/04/2026,Sales,13914,Wallet,petpooja,04-2026,,,,Sales,6500,,Revenue,Income,0,,,,,,,,
05/04/2026,Sales,1690,Online Sale,petpooja,04-2026,,,,Sales,6501,,Revenue,Income,0,,,,,,,,
05/04/2026,Sales,40,UPI,petpooja,04-2026,,,,Sales,6502,,Revenue,Income,0,,,,,,,,
05/04/2026,Sales,220,Due,petpooja,04-2026,,,,Sales,6503,,Revenue,Income,0,,,,,,,,
05/04/2026,Dairy,36,Cash,milk,04-2026,Paid,Naseem,05/03/2026,Inventory,6504,,COGS - Dairy,Expense,0,,,,,,,,
05/03/2026,Maintenance,1250,Cash,Abid cleaner,03-2026,Paid,Naseem,05/03/2026,Maintance,6505,,OpEx - Maintenance,Expense,0,,,,,,,,
05/03/2026,Kinners,30,Cash,kinnar,03-2026,Paid,Naseem,05/03/2026,Maintance,6506,,OpEx - Misc,Expense,0,,,,,,,,
05/03/2026,Advance,2000,Cash,Rakesh,03-2026,Paid,Naseem,05/03/2026,Salary,6507,,OpEx - Labor,Expense,0,,,,,,,,
05/03/2026,tea,10,Cash,tea,03-2026,Paid,,,Staff Expenses,6508,,OpEx - Labor,Expense,0,,,,,,,,
06/03/2026,Chicken,6355,Bank,Golden food,03-2026,Unpaid,,,Inventory,6509,,COGS - NonVeg,Expense,0,,,,,,,,
06/03/2026,Dairy,803,Bank,Ashok,03-2026,Unpaid,,,Inventory,6510,,COGS - Dairy,Expense,0,,,,,,,,
06/03/2026,Grocery,700,Cash,Brista,03-2026,Paid,Naseem,06/03/2026,Inventory,6511,,COGS - Grocery,Expense,0,,,,,,,,
06/03/2026,Petrol,310,Cash,petrol,03-2026,Paid,Shakil,06/03/2026,Bike Maintance,6512,,OpEx - Maintenance,Expense,0,,,,,,,,
06/03/2026,Dairy,36,Cash,milk,03-2026,Paid,Naseem,06/03/2026,Inventory,6513,,COGS - Dairy,Expense,0,,,,,,,,
06/03/2026,Tea,24,Cash,tea,03-2026,Paid,Naseem,06/03/2026,Staff Expenses,6514,,OpEx - Labor,Expense,0,,,,,,,,
06/03/2026,Vegetables,587,Bank,Bhaironath,03-2026,Unpaid,,,Inventory,6515,,COGS - Veg,Expense,0,,,,,,,,
06/03/2026,Tea,150,Cash,Juice and chat,03-2026,Paid,Naseem,06/03/2026,Staff Expenses,6516,,OpEx - Labor,Expense,0,,,,,,,,
06/03/2026,Dairy,36,Cash,milk,03-2026,Paid,Naseem,06/03/2026,Inventory,6517,,COGS - Dairy,Expense,0,,,,,,,,
06/03/2026,Sales,3659,Cash,petpooja,03-2026,,,,Sales,6518,,Revenue,Income,0,,,,,,,,
06/03/2026,Sales,23353,Wallet,petpooja,03-2026,,,,Sales,6519,,Revenue,Income,0,,,,,,,,
06/03/2026,Sales,920,UPI,petpooja,03-2026,,,,Sales,6520,,Revenue,Income,0,,,,,,,,
06/03/2026,Sales,2155,Online Sale,petpooja,03-2026,,,,Sales,6521,,Revenue,Income,0,,,,,,,,
06/03/2026,Tea,100,Cash,tea,03-2026,,,,Staff Expenses,6522,,OpEx - Labor,Expense,0,,,,,,,,
06/03/2026,Egg,290,Cash,mulani,03-2026,Paid,Naseem,06/03/2026,Grocery,6523,,COGS - Grocery,Expense,0,,,,,,,,
07/03/2026,Chicken,4746,Bank,chicken,03-2026,Unpaid,,,Inventory,6524,,COGS - NonVeg,Expense,0,,,,,,,,
07/03/2026,Disposable,1650,Bank,anand disposble,03-2026,Unpaid,,,Inventory,6525,,COGS - Packaging,Expense,0,,,,,,,,
07/03/2026,Vegetables,463,Bank,Bhaironath,03-2026,Unpaid,,,Inventory,6526,,COGS - Veg,Expense,0,,,,,,,,
07/03/2026,Vegetables,70,Cash,mint,03-2026,Paid,Naseem,07/03/20256,Inventory,6527,,COGS - Veg,Expense,0,,,,,,,,
07/03/2026,Maintenance,2176,Bank,Biryani Bowl,03-2026,Paid,Bank,07/03/2026,Maintance,6528,,OpEx - Maintenance,Expense,0,,,,,,,,
07/03/2026,Dairy,72,Cash,milk,03-2026,Paid,Naseem,07/03/2026,Inventory,6529,,COGS - Dairy,Expense,0,,,,,,,,
07/03/2026,Tea,50,Cash,tea,03-2026,Paid,Naseem,07/03/2026,Staff Expenses,6530,,OpEx - Labor,Expense,0,,,,,,,,
07/03/2026,Stationary,35,Cash,pen,03-2026,Paid,Naseem,07/03/2026,Inventory,6531,,COGS - Inventory,Expense,0,,,,,,,,
07/03/2026,Sales,4600,Cash,petpooja,03-2026,,,,Sales,6532,,Revenue,Income,0,,,,,,,,
07/03/2026,Sales,25192,Wallet,petpooja,03-2026,,,,Sales,6533,,Revenue,Income,0,,,,,,,,
07/03/2026,Sales,1454,Online Sale,petpooja,03-2026,,,,Sales,6534,,Revenue,Income,0,,,,,,,,
07/03/2026,Sales,720,UPI,petpooja,03-2026,,,,Sales,6535,,Revenue,Income,0,,,,,,,,
07/03/2026,Maintenance,300,Cash,porter,03-2026,Paid,Naseem,07/03/2026,Maintance,6536,,OpEx - Maintenance,Expense,0,,,,,,,,
07/03/2026,tea,100,Cash,tea,03-2026,Paid,Naseem,07/03/2026,Staff Expenses,6537,,OpEx - Labor,Expense,0,,,,,,,,
07/03/2026,Kinners,30,Cash,kinnar,03-2026,Paid,Naseem,07/03/2026,Maintance,6538,,OpEx - Misc,Expense,0,,,,,,,,
08/03/2026,Dairy,1248,Bank,Ashok,03-2026,Unpaid,,,Inventory,6539,,COGS - Dairy,Expense,0,,,,,,,,
08/03/2026,Vegetables,520,Cash,onion,03-2026,Paid,Naseem,08/03/2026,Inventory,6540,,COGS - Veg,Expense,0,,,,,,,,
08/03/2026,Chicken,5331,Bank,Golden food,03-2026,Unpaid,,08/03/2026,Inventory,6541,,COGS - NonVeg,Expense,0,,,,,,,,
08/03/2026,Hotel Commision,1652,Bank,elite hotel ,03-2026,Paid,,08/03/2026,Fixed Maintance,6542,,OpEx - Admin,Expense,0,,,,,,,,
08/03/2026,Hotel Commision,933,Bank,shiv sai hotel,03-2026,Paid,,08/03/2026,Fixed Maintance,6543,,OpEx - Admin,Expense,0,,,,,,,,
08/03/2026,Hotel Commision,1463,Bank,cornet hotel,03-2026,Paid,,08/03/2026,Fixed Maintance,6544,,OpEx - Admin,Expense,0,,,,,,,,
08/03/2026,Hotel Commision,753,Bank,one tree,03-2026,Paid,,08/03/2026,Fixed Maintance,6545,,OpEx - Admin,Expense,0,,,,,,,,
08/03/2026,Hotel Commision,128,Bank,Aadya hotel,03-2026,Paid,,08/03/2026,Fixed Maintance,6546,,OpEx - Admin,Expense,0,,,,,,,,
08/03/2026,Hotel Commision,528,Bank,distenation,03-2026,Paid,,08/03/2026,Fixed Maintance,6547,,OpEx - Admin,Expense,0,,,,,,,,
08/03/2026,Sales,4409,Cash,petpooja,03-2026,,,,Sales,6548,,Revenue,Income,0,,,,,,,,
08/03/2026,Sales,22469,Wallet,petpooja,03-2026,,,,Sales,6549,,Revenue,Income,0,,,,,,,,
08/03/2026,Sales,620,Zomato Pay,petpooja,03-2026,,,,Sales,6550,,Revenue,Income,0,,,,,,,,
08/03/2026,Sales,2069,Online Sale,petpooja,03-2026,,,,Sales,6551,,Revenue,Income,0,,,,,,,,
08/03/2026,Sales,700,UPI,petpooja,03-2026,,,,Sales,6552,,Revenue,Income,0,,,,,,,,
08/03/2026,Grocery,12022,Bank,balaji,03-2026,Unpaid,,,Inventory,6553,,COGS - Grocery,Expense,0,,,,,,,,
08/03/2026,Tea,50,Cash,tea,03-2026,,,,Staff Expenses,6554,,OpEx - Labor,Expense,0,,,,,,,,
08/03/2026,Dairy,36,Cash,milk,03-2026,Paid,Naseem,08/02/2026,Inventory,6555,,COGS - Dairy,Expense,0,,,,,,,,
09/03/2026,Egg,409,Cash,mulani,03-2026,Paid,Naseem,08/02/2026,Grocery,6556,,COGS - Grocery,Expense,0,,,,,,,,
09/03/2026,Charcoal,1800,Bank,Gyaneawari,03-2026,Unpaid,,,Inventory,6557,,COGS - Fuel,Expense,0,,,,,,,,
09/03/2026,Vegetables,50,Cash,raw papaya,03-2026,Paid,Naseem,09/03/2026,Inventory,6558,,COGS - Veg,Expense,0,,,,,,,,
09/03/2026,Grocery,30,Cash,Maggy,03-2026,Paid,Naseem,09/03/2026,Inventory,6559,,COGS - Grocery,Expense,0,,,,,,,,
09/03/2026,Dairy,733,Bank,Ashok,03-2026,Unpaid,,,Inventory,6560,,COGS - Dairy,Expense,0,,,,,,,,
09/03/2026,Chicken,5331,Bank,Golden food,03-2026,Unpaid,,,Inventory,6561,,COGS - NonVeg,Expense,0,,,,,,,,
09/03/2026,Petrol,310,Cash,petrol,03-2026,Paid,Naseem,09/03/2026,Bike Maintance,6562,,OpEx - Maintenance,Expense,0,,,,,,,,
09/03/2026,Momos,210,Cash,momos,03-2026,Paid,Naseem,09/03/2026,Inventory,6563,,COGS - Inventory,Expense,0,,,,,,,,
09/03/2026,Sales,2895,Cash,petpooja,03-2026,,,,Sales,6564,,Revenue,Income,0,,,,,,,,
09/03/2026,Sales,14709,Wallet,petpooja,03-2026,,,,Sales,6565,,Revenue,Income,0,,,,,,,,
09/03/2026,Sales,700,UPI,petpooja,03-2026,,,,Sales,6566,,Revenue,Income,0,,,,,,,,
09/03/2026,Sales,925,Online Sale,petpooja,03-2026,,,,Sales,6567,,Revenue,Income,0,,,,,,,,
09/03/2026,Vegetables,875,Bank,Bhaironath,03-2026,Unpaid,,,Inventory,6568,,COGS - Veg,Expense,0,,,,,,,,
09/03/2026,Dairy,36,Cash,milk,03-2026,Paid,Naseem,09/03/2026,Inventory,6569,,COGS - Dairy,Expense,0,,,,,,,,
09/03/2026,Tea,50,Cash,tea,03-2026,Paid,Naseem,09/03/2026,Staff Expenses,6570,,OpEx - Labor,Expense,0,,,,,,,,
09/03/2026,Kinners,20,Cash,kinnar,03-2026,Paid,Naseem,09/03/2026,Maintance,6571,,OpEx - Misc,Expense,0,,,,,,,,
10/03/2026,Chicken,4719,Bank,Golden food,03-2026,Unpaid,,,Inventory,6572,,COGS - NonVeg,Expense,0,,,,,,,,
10/03/2026,Stationary,100,Cash,neas paper,03-2026,Paid,Naseem,10/03/2026,Inventory,6573,,COGS - Inventory,Expense,0,,,,,,,,
10/03/2026,Disposable,60,Cash,papaer plate,03-2026,Paid,Naseem,10/03/2026,Inventory,6574,,COGS - Packaging,Expense,0,,,,,,,,
10/03/2026,Vegetables,250,Cash,tomatto,03-2026,Paid,Naseem,10/03/2026,Inventory,6575,,COGS - Veg,Expense,0,,,,,,,,
10/03/2026,Dairy,210,Cash,oaratha,03-2026,Paid,Naseem,10/03/2026,Inventory,6576,,COGS - Dairy,Expense,0,,,,,,,,
10/03/2026,Dairy,330,Cash,chap,03-2026,Paid,Naseem,10/03/2026,Inventory,6577,,COGS - Dairy,Expense,0,,,,,,,,
10/03/2026,Vegetables,865,Bank,vegetable,03-2026,Unpaid,,,Inventory,6578,,COGS - Veg,Expense,0,,,,,,,,
10/03/2026,Sales,5581,Cash,petpooja,03-2026,,,,Sales,6579,,Revenue,Income,0,,,,,,,,
10/03/2026,Sales,20509,Wallet,petpooja,03-2026,,,,Sales,6580,,Revenue,Income,0,,,,,,,,
10/03/2026,Sales,200,UPI,petpooja,03-2026,,,,Sales,6581,,Revenue,Income,0,,,,,,,,
10/03/2026,Sales,762,Online Sale,petpooja,03-2026,,,,Sales,6582,,Revenue,Income,0,,,,,,,,
10/03/2026,Sales,1088,Bank,Ashok,03-2026,Unpaid,,,Sales,6583,,Revenue,Income,0,,,,,,,,
10/03/2026,Dairy,20,Cash,kinnar,03-2026,Paid,Naseem,10/03/2026,Inventory,6584,,COGS - Dairy,Expense,0,,,,,,,,
10/03/2026,Advance,500,Cash,Manohar,03-2026,Paid,Naseem,10/03/2026,Salary,6585,,OpEx - Labor,Expense,0,,,,,,,,
10/03/2026,Maintenance,200,Cash,wolding,03-2026,Paid,Naseem,10/03/2026,Maintance,6586,,OpEx - Maintenance,Expense,0,,,,,,,,
10/03/2026,Kinners,20,Cash,kinnar,03-2026,Paid,Naseem,10/03/2026,Maintance,6587,,OpEx - Misc,Expense,0,,,,,,,,
11/03/2026,Charcoal,1800,Bank,Gyaneawari,03-2026,Unpaid,,,Inventory,6588,,COGS - Fuel,Expense,0,,,,,,,,
11/03/2026,Grocery,700,Cash,brista,03-2026,Paid,Naseem,10/03/2026,Inventory,6589,,COGS - Grocery,Expense,0,,,,,,,,
11/03/2026,Beverages,900,Cash,water bottle,03-2026,Paid,Naseem,10/03/2026,Grocery,6590,,COGS - Grocery,Expense,0,,,,,,,,
11/03/2026,Chicken,7480,Bank,Golden food,03-2026,Unpaid,,,Inventory,6591,,COGS - NonVeg,Expense,0,,,,,,,,
11/03/2026,Advance,5000,Bank,akhil,03-2026,Paid,Naseem,11/03/2026,Salary,6592,,OpEx - Labor,Expense,0,,,,,,,,
11/03/2026,Advance,2500,Bank,Vijay,03-2026,Paid,Naseem,11/03/2026,Salary,6593,,OpEx - Labor,Expense,0,,,,,,,,
11/03/2026,Maintenance,1000,Bank,Vijay mama chember cliene,03-2026,Paid,Naseem,11/03/2026,Maintance,6594,,OpEx - Maintenance,Expense,0,,,,,,,,
11/03/2026,Vegetables,50,Cash,mint,03-2026,Paid,Naseem,11/03/2026,Inventory,6595,,COGS - Veg,Expense,0,,,,,,,,
11/03/2026,Kinners,40,Cash,kinnar,03-2026,Paid,Naseem,,Maintance,6596,,OpEx - Misc,Expense,0,,,,,,,,
11/03/2026,Vegetables,519,Bank,Bhaironath,03-2026,Unpaid,,,Inventory,6597,,COGS - Veg,Expense,0,,,,,,,,
11/03/2026,Dairy,36,Cash,milk,03-2026,Paid,Naseem,11/03/20260,Inventory,6598,,COGS - Dairy,Expense,0,,,,,,,,
11/03/2026,Sales,10869,Cash,petpooja,03-2026,,,,Sales,6599,,Revenue,Income,0,,,,,,,,
11/03/2026,Sales,25105,Wallet,petpooja,03-2026,,,,Sales,6600,,Revenue,Income,0,,,,,,,,
11/03/2026,Sales,220,UPI,petpooja,03-2026,,,,Sales,6601,,Revenue,Income,0,,,,,,,,
11/03/2026,Sales,3085,Online Sale,petpooja,03-2026,,,,Sales,6602,,Revenue,Income,0,,,,,,,,
11/03/2026,Sales,265,Due,petpooja,03-2026,,,,Sales,6603,,Revenue,Income,0,,,,,,,,
11/03/2026,Sales,522,Zomato Pay,petpooja,03-2026,,,,Sales,6604,,Revenue,Income,0,,,,,,,,
12/03/2026,Chicken,8946,Bank,Golden food,03-2026,Unpaid,,,Inventory,6605,,COGS - NonVeg,Expense,0,,,,,,,,
12/03/2026,Petrol,310,Cash,petrol,03-2026,Paid,Naseem,12/03/2026,Bike Maintance,6606,,OpEx - Maintenance,Expense,0,,,,,,,,
12/03/2026,Grocery,533,Bank,balaji,03-2026,Unpaid,,,Inventory,6607,,COGS - Grocery,Expense,0,,,,,,,,
12/03/2026,Vegetables,1034,Bank,Bhaironath,03-2026,Unpaid,,,Inventory,6608,,COGS - Veg,Expense,0,,,,,,,,
12/03/2026,Momos,210,Cash,momos,03-2026,Paid,Naseem,12/03/2026,Inventory,6609,,COGS - Inventory,Expense,0,,,,,,,,
12/03/2026,Sales,16440,Cash,petpooja,03-2026,,,,Sales,6610,,Revenue,Income,0,,,,,,,,
12/03/2026,Sales,21730,Wallet,petpooja,03-2026,,,,Sales,6611,,Revenue,Income,0,,,,,,,,
12/03/2026,Sales,669,UPI,petpooja,03-2026,,,,Sales,6612,,Revenue,Income,0,,,,,,,,
12/03/2026,Sales,0,Online Sale,petpooja,03-2026,,,,Sales,6613,,Revenue,Income,0,,,,,,,,
12/03/2026,Maintenance,800,Cash,bike repair,03-2026,Paid,Naseem,12/02/2026,Maintance,6614,,OpEx - Maintenance,Expense,0,,,,,,,,
12/03/2026,Maintenance,500,Cash,sigdi repair,03-2026,Paid,Naseem,12/02/2026,Maintance,6615,,OpEx - Maintenance,Expense,0,,,,,,,,
12/03/2026,Tea,130,Cash,tea,03-2026,Paid,Naseem,12/02/2026,Staff Expenses,6616,,OpEx - Labor,Expense,0,,,,,,,,
12/03/2026,Sales,220,Due,petpooja,03-2026,,,,Sales,6617,,Revenue,Income,0,,,,,,,,
12/03/2026,Kinners,40,Cash,kinnar,03-2026,Paid,Naseem,12/03/2026,Maintance,6618,,OpEx - Misc,Expense,0,,,,,,,,
12/03/2026,Maintenance,300,Cash,porter,03-2026,Paid,Naseem,12/03/2026,Maintance,6619,,OpEx - Maintenance,Expense,0,,,,,,,,
13/03/2026,Chicken,12182,Bank,Golden food,03-2026,Unpaid,,,Inventory,6620,,COGS - NonVeg,Expense,0,,,,,,,,
13/03/2026,Charcoal,900,Bank,Gyaneawari,03-2026,Unpaid,,,Inventory,6621,,COGS - Fuel,Expense,0,,,,,,,,
13/03/2026,Dairy,1358,Bank,Ashok,03-2026,Unpaid,,,Inventory,6622,,COGS - Dairy,Expense,0,,,,,,,,
13/03/2026,Vegetables,620,Cash,onion,03-2026,Paid,Naseem,13/03/2026,Inventory,6623,,COGS - Veg,Expense,0,,,,,,,,
13/03/2026,Tea,180,Cash,ancle naasta,03-2026,Paid,Naseem,13/03/2026,Staff Expenses,6624,,OpEx - Labor,Expense,0,,,,,,,,
13/03/2026,Vegetables,743,Bank,Bhaironath,03-2026,Unpaid,,,Inventory,6625,,COGS - Veg,Expense,0,,,,,,,,
13/03/2026,Sales,6630,Cash,petpooja,03-2026,,,,Sales,6626,,Revenue,Income,0,,,,,,,,
13/03/2026,Sales,26594,Wallet,petpooja,03-2026,,,,Sales,6627,,Revenue,Income,0,,,,,,,,
13/03/2026,Sales,610,UPI,petpooja,03-2026,,,,Sales,6628,,Revenue,Income,0,,,,,,,,
13/03/2026,Sales,220,Due,petpooja,03-2026,,,,Sales,6629,,Revenue,Income,0,,,,,,,,
13/03/2026,Sales,3807,Online Sale,petpooja,03-2026,,,,Sales,6630,,Revenue,Income,0,,,,,,,,
13/03/2026,Kinners,40,Cash,kinnar,03-2026,Paid,Naseem,13/03/2026,Maintance,6631,,OpEx - Misc,Expense,0,,,,,,,,
13/03/2026,Dairy,36,Cash,milk,03-2026,Paid,Naseem,13/03/2026,Inventory,6632,,COGS - Dairy,Expense,0,,,,,,,,
13/03/2026,Vegetables,250,Cash,tomatto,03-2026,Paid,Naseem,13/03/2026,Inventory,6633,,COGS - Veg,Expense,0,,,,,,,,
13/03/2026,Maintenance,3300,Bank,wood ,03-2026,Paid,Naseem,13/03/2026,Maintance,6634,,OpEx - Maintenance,Expense,0,,,,,,,,
13/03/2026,Tea,50,Cash,tea,03-2026,Paid,Naseem,13/03/2026,Staff Expenses,6635,,OpEx - Labor,Expense,0,,,,,,,,
14/03/2026,Chicken,9331,Bank,Golden food,03-2026,Unpaid,,,Inventory,6636,,COGS - NonVeg,Expense,0,,,,,,,,
14/03/2026,Dairy,1273,Bank,Ashok,03-2026,Unpaid,,,Inventory,6637,,COGS - Dairy,Expense,0,,,,,,,,
14/03/2026,Maintenance,60,Cash,hardwere,03-2026,Paid,Naseem,14/03/2026,Maintance,6638,,OpEx - Maintenance,Expense,0,,,,,,,,
14/03/2026,Vegetables,1368,Bank,Bhaironath,03-2026,Unpaid,,,Inventory,6639,,COGS - Veg,Expense,0,,,,,,,,
14/03/2026,Momos,200,Cash,momos,03-2026,Paid,Naseem,14/03/2026,Inventory,6640,,COGS - Inventory,Expense,0,,,,,,,,
14/03/2026,Beverages,1000,Cash,water bottle,03-2026,Paid,Naseem,14/03/2026,Grocery,6641,,COGS - Grocery,Expense,0,,,,,,,,
14/03/2026,Grocery,36777,Bank,balaji,03-2026,Unpaid,,,Inventory,6642,,COGS - Grocery,Expense,0,,,,,,,,
14/03/2026,Sales,5070,Cash,petpooja,03-2026,,,,Sales,6643,,Revenue,Income,0,,,,,,,,
14/03/2026,Sales,23480,Wallet,petpooja,03-2026,,,,Sales,6644,,Revenue,Income,0,,,,,,,,
14/03/2026,Sales,90,UPI,petpooja,03-2026,,,,Sales,6645,,Revenue,Income,0,,,,,,,,
14/03/2026,Sales,1530,Online Sale,petpooja,03-2026,,,,Sales,6646,,Revenue,Income,0,,,,,,,,
14/03/2026,Disposable,4190,Bank,Anand disposble,03-2026,Unpaid,,,Inventory,6647,,COGS - Packaging,Expense,0,,,,,,,,
14/03/2026,tea,50,Cash,tea,03-2026,Paid,Naseem,14/03/2026,Staff Expenses,6648,,OpEx - Labor,Expense,0,,,,,,,,
14/03/2026,Kinners,40,Cash,kinnar,03-2026,Paid,Naseem,14/03/2026,Maintance,6649,,OpEx - Misc,Expense,0,,,,,,,,
14/03/2026,Grocery,1400,Cash,Brista,03-2026,Paid,Naseem,14/03/2026,Inventory,6650,,COGS - Grocery,Expense,0,,,,,,,,
14/03/2026,Maintenance,500,Cash,maintence,03-2026,Paid,Naseem,14/03/2026,Maintance,6651,,OpEx - Maintenance,Expense,0,,,,,,,,
15/03/2026,Chicken,7977,Bank,Golden food,03-2026,Unpaid,,,Inventory,6652,,COGS - NonVeg,Expense,0,,,,,,,,
15/03/2026,Dairy,960,Bank,Ashok,03-2026,Unpaid,,,Inventory,6653,,COGS - Dairy,Expense,0,,,,,,,,
15/03/2026,Petrol,310,Cash,petrol,03-2026,Paid,Naseem,14/03/2026,Bike Maintance,6654,,OpEx - Maintenance,Expense,0,,,,,,,,
15/03/2026,Stationary,200,Cash,news papaer,03-2026,Paid,Naseem,14/03/2026,Inventory,6655,,COGS - Inventory,Expense,0,,,,,,,,
15/03/2026,Sales,5420,Cash,petpooja,03-2026,,,,Sales,6656,,Revenue,Income,0,,,,,,,,
15/03/2026,Sales,,Wallet,petpooja,03-2026,,,,Sales,6657,,Revenue,Income,0,,,,,,,,
15/03/2026,Sales,336,Online Sale,petpooja,03-2026,,,,Sales,6658,,Revenue,Income,0,,,,,,,,
15/03/2026,Sales,25,UPI,petpooja,03-2026,,,,Sales,6659,,Revenue,Income,0,,,,,,,,
15/03/2026,Sales,18842,Due,petpooja,03-2026,,,,Sales,6660,,Revenue,Income,0,,,,,,,,
15/03/2026,Dairy,36,Cash,milk,03-2026,Paid,Naseem,15/03/2026,Inventory,6661,,COGS - Dairy,Expense,0,,,,,,,,
15/03/2026,Tea,50,Cash,tea,03-2026,Paid,Naseem,15/03/2026,Staff Expenses,6662,,OpEx - Labor,Expense,0,,,,,,,,
15/03/2026,Kinners,30,Cash,kinnar,03-2026,Paid,Naseem,15/03/2026,Maintance,6663,,OpEx - Misc,Expense,0,,,,,,,,
15/03/2026,Advance,5000,Bank,Umesh Ji,03-2026,Paid,Naseem,15/03/2026,Salary,6664,,OpEx - Labor,Expense,0,,,,,,,,
16/03/2026,Chicken,3104,Bank,Golden food,03-2026,Unpaid,,,Inventory,6665,,COGS - NonVeg,Expense,0,,,,,,,,
16/03/2026,Charcoal,2700,Bank,Gyaneawari,03-2026,Unpaid,,,Inventory,6666,,COGS - Fuel,Expense,0,,,,,,,,
16/03/2026,Dairy,770,Bank,Ashok,03-2026,Unpaid,,,Inventory,6667,,COGS - Dairy,Expense,0,,,,,,,,
16/03/2026,Tea,100,Cash,juice,03-2026,Paid,Naseem,16/03/2026,Staff Expenses,6668,,OpEx - Labor,Expense,0,,,,,,,,
16/03/2026,Beverages,450,Cash,water bottle,03-2026,Paid,Naseem,16/03/2023,Grocery,6669,,COGS - Grocery,Expense,0,,,,,,,,
16/03/2026,Vegetables,573,Bank,Bhaironath,03-2026,Unpaid,,,Inventory,6670,,COGS - Veg,Expense,0,,,,,,,,
16/03/2026,Dairy,36,Cash,milk,03-2026,,,,Inventory,6671,,COGS - Dairy,Expense,0,,,,,,,,
16/03/2026,Sales,1950,Cash,petpooja,03-2026,,,,Sales,6672,,Revenue,Income,0,,,,,,,,
16/03/2026,Sales,14019,Wallet,petpooja,03-2026,,,,Sales,6673,,Revenue,Income,0,,,,,,,,
16/03/2026,Sales,717,Online Sale,petpooja,03-2026,,,,Sales,6674,,Revenue,Income,0,,,,,,,,
16/03/2026,Sales,150,UPI,petpooja,03-2026,,,,Sales,6675,,Revenue,Income,0,,,,,,,,
16/03/2026,Garbage Vehicle,1500,Bank,Kachragadi,03-2026,Paid,Naseem,16/03/2026,Fixed Maintance,6676,,OpEx - Maintenance,Expense,0,,,,,,,,
16/03/2026,Tea,50,Cash,tea,03-2026,Paid,Naseem,16/03/2026,Staff Expenses,6677,,OpEx - Labor,Expense,0,,,,,,,,
16/03/2026,Maintenance,600,Cash,fan repaing,03-2026,Paid,Naseem,16/03/2026,Maintance,6678,,OpEx - Maintenance,Expense,0,,,,,,,,
17/03/2026,Chicken,4513,Bank,Golden food,03-2026,Unpaid,,,Inventory,6679,,COGS - NonVeg,Expense,0,,,,,,,,
17/03/2026,Dairy,430,Bank,Ashok,03-2026,Unpaid,,,Inventory,6680,,COGS - Dairy,Expense,0,,,,,,,,
17/03/2026,Egg,180,Cash,mulani,03-2026,Paid,Naseem,17/03/2026,Grocery,6681,,COGS - Grocery,Expense,0,,,,,,,,
17/03/2026,Kinners,20,Cash,kinnar,03-2026,Paid,Naseem,17/03/2026,Maintance,6682,,OpEx - Misc,Expense,0,,,,,,,,
17/03/2026,Sales,6315,Cash,petpooja,03-2026,,,,Sales,6683,,Revenue,Income,0,,,,,,,,
17/03/2026,Sales,19669,Wallet,petpooja,03-2026,,,,Sales,6684,,Revenue,Income,0,,,,,,,,
17/03/2026,Sales,760,UPI,petpooja,03-2026,,,,Sales,6685,,Revenue,Income,0,,,,,,,,
17/03/2026,Sales,1433,Online Sale,petpooja,03-2026,,,,Sales,6686,,Revenue,Income,0,,,,,,,,
17/03/2026,Advance,500,Cash,rakesh advance,03-2026,Paid,Naseem,17/03/2026,Salary,6687,,OpEx - Labor,Expense,0,,,,,,,,
17/03/2026,tea,50,Cash,tea,03-2026,Paid,Naseem,17/03/2026,Staff Expenses,6688,,OpEx - Labor,Expense,0,,,,,,,,
17/03/2026,Sales,410,Due,petpooja,03-2026,,,,Sales,6689,,Revenue,Income,0,,,,,,,,
18/03/2026,Chicken,6164,Bank,Golden food,03-2026,Unpaid,,,Inventory,6690,,COGS - NonVeg,Expense,0,,,,,,,,
18/03/2026,Charcoal,2700,Bank,Gyaneawari,03-2026,Unpaid,,,Inventory,6691,,COGS - Fuel,Expense,0,,,,,,,,
18/03/2026,Petrol,310,Cash,petrol,03-2026,Paid,Naseem,18/03/2026,Bike Maintance,6692,,OpEx - Maintenance,Expense,0,,,,,,,,
18/03/2026,Dairy,983,Bank,Ashok,03-2026,Unpaid,,,Inventory,6693,,COGS - Dairy,Expense,0,,,,,,,,
18/03/2026,Grocery,75,Cash,bread,03-2026,Paid,Naseem,18/03/2026,Inventory,6694,,COGS - Grocery,Expense,0,,,,,,,,
18/03/2026,Sales,4895,Cash,petpooja,03-2026,,,,Sales,6695,,Revenue,Income,0,,,,,,,,
18/03/2026,Sales,27265,Wallet,petpooja,03-2026,,,,Sales,6696,,Revenue,Income,0,,,,,,,,
18/03/2026,Sales,1803,Online Sale,petpooja,03-2026,,,,Sales,6697,,Revenue,Income,0,,,,,,,,
18/03/2026,Sales,255,UPI,petpooja,03-2026,,,,Sales,6698,,Revenue,Income,0,,,,,,,,
18/03/2026,Vegetables,55,Cash,mint,03-2026,Paid,Naseem,18/03/2026,Inventory,6699,,COGS - Veg,Expense,0,,,,,,,,
18/03/2026,Vegetables,606,Bank,Bhaironath,03-2026,Unpaid,,,Inventory,6700,,COGS - Veg,Expense,0,,,,,,,,
18/03/2026,Garbage Vehicle,700,Cash,chicken kachra,03-2026,Paid,Naseem,18/03/2026,Fixed Maintance,6701,,OpEx - Maintenance,Expense,0,,,,,,,,
18/03/2026,Tea,50,Cash,tea,03-2026,Paid,,,Staff Expenses,6702,,OpEx - Labor,Expense,0,,,,,,,,
18/03/2026,Internet,1200,Cash,wifi reacharge,03-2026,Paid,Naseem,18/03/2026,Fixed Maintance,6703,,OpEx - Utilities,Expense,0,,,,,,,,
18/03/2026,Beverages,2000,Bank,softdrink,03-2026,Paid,Naseem,18/03/2026,Grocery,6704,,COGS - Grocery,Expense,0,,,,,,,,
18/03/2026,Beverages,330,Cash,softdrink,03-2026,Paid,Naseem,18/03/2026,Grocery,6705,,COGS - Grocery,Expense,0,,,,,,,,
18/03/2026,Sales,220,Due,petpooja,03-2026,,,,Sales,6706,,Revenue,Income,0,,,,,,,,
18/03/2026,Tea,100,Cash,ancle naasta,03-2026,Paid,Naseem,18/03/2026,Staff Expenses,6707,,OpEx - Labor,Expense,0,,,,,,,,
19/03/2026,Beverages,1000,Cash,water bottle,03-2026,Paid,Naseem,18/03/2026,Grocery,6708,,COGS - Grocery,Expense,0,,,,,,,,
19/03/2026,Chicken,9138,Bank,Golden food,03-2026,Unpaid,,,Inventory,6709,,COGS - NonVeg,Expense,0,,,,,,,,
19/03/2026,Grocery,1400,Bank,Brista,03-2026,Paid,Naseem,18/03/2026,Inventory,6710,,COGS - Grocery,Expense,0,,,,,,,,
19/03/2026,Dairy,825,Bank,chap,03-2026,Paid,Naseem,18/03/2026,Inventory,6711,,COGS - Dairy,Expense,0,,,,,,,,
19/03/2026,Dairy,1498,Bank,Ashok,03-2026,Unpaid,,,Inventory,6712,,COGS - Dairy,Expense,0,,,,,,,,
19/03/2026,Vegetables,570,Cash,onion,03-2026,Paid,Naseem,18/03/2026,Inventory,6713,,COGS - Veg,Expense,0,,,,,,,,
19/03/2026,Grocery,170,Cash,oil,03-2026,Paid,Naseem,,Inventory,6714,,COGS - Grocery,Expense,0,,,,,,,,
19/03/2026,Grocery,282,Cash,coffee,03-2026,Paid,Naseem,18/03/2026,Inventory,6715,,COGS - Grocery,Expense,0,,,,,,,,
19/03/2026,Egg,285,Cash,mulani,03-2026,Paid,Naseem,18/03/2026,Grocery,6716,,COGS - Grocery,Expense,0,,,,,,,,
19/03/2026,Kinners,30,Cash,kinnar,03-2026,Paid,Naseem,18/03/2026,Maintance,6717,,OpEx - Misc,Expense,0,,,,,,,,
19/03/2026,Vegetables,497,Bank,Bhaironath,03-2026,Unpaid,,,Inventory,6718,,COGS - Veg,Expense,0,,,,,,,,
19/03/2026,Sales,3155,Cash,petpooja,03-2026,,,,Sales,6719,,Revenue,Income,0,,,,,,,,
19/03/2026,Sales,19875,Wallet,petpooja,03-2026,,,,Sales,6720,,Revenue,Income,0,,,,,,,,
19/03/2026,Sales,0,Online Sale,petpooja,03-2026,,,,Sales,6721,,Revenue,Income,0,,,,,,,,
19/03/2026,Sales,105,UPI,petpooja,03-2026,,,,Sales,6722,,Revenue,Income,0,,,,,,,,
19/03/2026,Tea,50,Cash,ancle naasta,03-2026,Paid,Naseem,19/03/2026,Staff Expenses,6723,,OpEx - Labor,Expense,0,,,,,,,,
19/03/2026,Grocery,225,Cash,souce,03-2026,Paid,Naseem,19/03/2026,Inventory,6724,,COGS - Grocery,Expense,0,,,,,,,,
19/03/2026,Maintenance,140,Cash,Kating blade,03-2026,Paid,Naseem,19/03/2026,Maintance,6725,,OpEx - Maintenance,Expense,0,,,,,,,,
19/03/2026,Vegetables,250,Cash,tomatto,03-2026,Paid,Naseem,19/03/2026,Inventory,6726,,COGS - Veg,Expense,0,,,,,,,,
20/03/2026,Chicken,5383,Bank,Golden food,03-2026,Unpaid,,,Inventory,6727,,COGS - NonVeg,Expense,0,,,,,,,,
20/03/2026,Charcoal,1800,Bank,Gyaneawari,03-2026,Unpaid,,,Inventory,6728,,COGS - Fuel,Expense,0,,,,,,,,
20/03/2026,Dairy,1456,Bank,Ashok,03-2026,Unpaid,,,Inventory,6729,,COGS - Dairy,Expense,0,,,,,,,,
20/03/2026,Stationary,20,Cash,notebook,03-2026,Paid,Naseem,20/03/2026,Inventory,6730,,COGS - Inventory,Expense,0,,,,,,,,
20/03/2026,Maintenance,80,Cash,Geplock,03-2026,Paid,Naseem,20/03/2026,Maintance,6731,,OpEx - Maintenance,Expense,0,,,,,,,,
20/03/2026,Sales,3720,Cash,petpooja,03-2026,Unpaid,,,Sales,6732,,Revenue,Income,0,,,,,,,,
20/03/2026,Sales,16255,Wallet,petpooja,03-2026,,,,Sales,6733,,Revenue,Income,0,,,,,,,,
20/03/2026,Sales,1002,UPI,petpooja,03-2026,,,,Sales,6734,,Revenue,Income,0,,,,,,,,
20/03/2026,Sales,1959,Online Sale,petpooja,03-2026,,,,Sales,6735,,Revenue,Income,0,,,,,,,,
20/03/2026,Kinners,30,Cash,kinnar,03-2026,Paid,,,Maintance,6736,,OpEx - Misc,Expense,0,,,,,,,,
20/03/2026,Vegetables,513,Bank,bhaironath,03-2026,Unpaid,,,Inventory,6737,,COGS - Veg,Expense,0,,,,,,,,
21/03/2026,Dairy,1180,Bank,Ashok,03-2026,Unpaid,,,Inventory,6738,,COGS - Dairy,Expense,0,,,,,,,,
21/03/2026,Sales,6225,Cash,petpooja,03-2026,,,,Sales,6739,,Revenue,Income,0,,,,,,,,
21/03/2026,Sales,26650,Wallet,petpooja,03-2026,,,,Sales,6740,,Revenue,Income,0,,,,,,,,
21/03/2026,Sales,2526,Online Sale,petpooja,03-2026,,,,Sales,6741,,Revenue,Income,0,,,,,,,,
21/03/2026,Sales,265,UPI,petpooja,03-2026,,,,Sales,6742,,Revenue,Income,0,,,,,,,,
21/03/2026,Chicken,11045,Bank,Golden food,03-2026,Unpaid,,,Inventory,6743,,COGS - NonVeg,Expense,0,,,,,,,,
22/03/2026,Dairy,1615,Bank,ashok,03-2026,Unpaid,,,Inventory,6744,,COGS - Dairy,Expense,0,,,,,,,,
22/03/2026,Petrol,310,Cash,petrol,03-2026,Paid,Shakil,22/03/2026,Bike Maintance,6745,,OpEx - Maintenance,Expense,0,,,,,,,,
22/03/2026,Dairy,72,Cash,milk,03-2026,Paid,Naseem,22/03/2026,Inventory,6746,,COGS - Dairy,Expense,0,,,,,,,,
22/03/2026,Grocery,330,Cash,chap,03-2026,Paid,Naseem,22/03/2026,Inventory,6747,,COGS - Grocery,Expense,0,,,,,,,,
22/03/2026,Grocery,440,Cash,staff rice,03-2026,Paid,Naseem,22/03/2026,Inventory,6748,,COGS - Grocery,Expense,0,,,,,,,,
22/03/2026,Mutton,1200,Cash,a1mutton,03-2026,Paid,Naseem,22/03/2026,Inventory,6749,,COGS - NonVeg,Expense,0,,,,,,,,
22/03/2026,Sales,6365,Cash,petpooja,03-2026,,,,Sales,6750,,Revenue,Income,0,,,,,,,,
22/03/2026,Sales,24480,Wallet,petpooja,03-2026,,,,Sales,6751,,Revenue,Income,0,,,,,,,,
22/03/2026,Sales,2115,Online Sale,petpooja,03-2026,,,,Sales,6752,,Revenue,Income,0,,,,,,,,
22/03/2026,Sales,250,UPI,petpooja,03-2026,,,,Sales,6753,,Revenue,Income,0,,,,,,,,
22/03/2026,Vegetables,465,Bank,bhaironath,03-2026,Unpaid,,,Inventory,6754,,COGS - Veg,Expense,0,,,,,,,,
22/03/2026,Sales,529,Zomato Pay,petpooja,03-2026,,,,Sales,6755,,Revenue,Income,0,,,,,,,,
22/03/2026,Sales,360,Due,petpooja,03-2026,,,,Sales,6756,,Revenue,Income,0,,,,,,,,
22/03/2026,Egg,400,Cash,mulani,03-2026,Paid,Naseem,22/02/2026,Grocery,6757,,COGS - Grocery,Expense,0,,,,,,,,
22/03/2026,Grocery,45,Cash,sugar,03-2026,Paid,Naseem,22/02/2026,Inventory,6758,,COGS - Grocery,Expense,0,,,,,,,,
22/03/2026,Tea,30,Cash,tea,03-2026,,,,Staff Expenses,6759,,OpEx - Labor,Expense,0,,,,,,,,
22/03/2026,Kinners,30,Cash,kinnar,03-2026,Paid,Naseem,,Maintance,6760,,OpEx - Misc,Expense,0,,,,,,,,
23/03/2026,Chicken,8063,Bank,Golden food,03-2026,Unpaid,,,Inventory,6761,,COGS - NonVeg,Expense,0,,,,,,,,
23/03/2026,Charcoal,2880,Bank,Gyaneawari,03-2026,Unpaid,,,Inventory,6762,,COGS - Fuel,Expense,0,,,,,,,,
23/03/2026,Dairy,893,Bank,ashok,03-2026,Unpaid,,,Inventory,6763,,COGS - Dairy,Expense,0,,,,,,,,
23/03/2026,Beverages,1000,Cash,waterbottle,03-2026,Paid,Naseem,23/03/2026,Grocery,6764,,COGS - Grocery,Expense,0,,,,,,,,
23/03/2026,Momos,200,Cash,momos,03-2026,Paid,Naseem,23/03/2026,Inventory,6765,,COGS - Inventory,Expense,0,,,,,,,,
23/03/2026,Vegetables,50,Cash,mint,03-2026,Paid,Naseem,23/03/2026,Inventory,6766,,COGS - Veg,Expense,0,,,,,,,,
23/03/2026,tea,50,Cash,mangoshake,03-2026,Paid,Naseem,,Staff Expenses,6767,,OpEx - Labor,Expense,0,,,,,,,,
23/03/2026,Tea,140,Cash,sandwich,03-2026,Paid,Naseem,23/03/2026,Staff Expenses,6768,,OpEx - Labor,Expense,0,,,,,,,,
23/03/2026,Kinners,30,Cash,kinnar,03-2026,Paid,Naseem,,Maintance,6769,,OpEx - Misc,Expense,0,,,,,,,,
23/03/2026,Sales,4945,Cash,petpooja,03-2026,,,,Sales,6770,,Revenue,Income,0,,,,,,,,
23/03/2026,Sales,15860,Wallet,petpooja,03-2026,,,,Sales,6771,,Revenue,Income,0,,,,,,,,
23/03/2026,Sales,90,UPI,petpooja,03-2026,,,,Sales,6772,,Revenue,Income,0,,,,,,,,
23/03/2026,Sales,1332,Online Sale,petpooja,03-2026,,,,Sales,6773,,Revenue,Income,0,,,,,,,,
24/03/2026,Tea,70,Cash,tea,03-2026,Paid,Naseem,,Staff Expenses,6774,,OpEx - Labor,Expense,0,,,,,,,,
23/03/2026,Vegetables,645,Bank,bhaironath,03-2026,Unpaid,,,Inventory,6775,,COGS - Veg,Expense,0,,,,,,,,
24/03/2026,Chicken,5659,Bank,Golden food,03-2026,Unpaid,,,Inventory,6776,,COGS - NonVeg,Expense,0,,,,,,,,
24/03/2026,Dairy,950,Bank,ashok,03-2026,Unpaid,,,Inventory,6777,,COGS - Dairy,Expense,0,,,,,,,,
24/03/2026,Grocery,402,Bank,balaji,03-2026,Unpaid,,,Inventory,6778,,COGS - Grocery,Expense,0,,,,,,,,
24/03/2026,Maintenance,200,Cash,Box,03-2026,Paid,Naseem,,Maintance,6779,,OpEx - Maintenance,Expense,0,,,,,,,,
24/03/2026,Sales,18930,Wallet,petpooja,03-2026,,,,Sales,6780,,Revenue,Income,0,,,,,,,,
24/03/2026,Sales,3125,Cash,petpooja,03-2026,,,,Sales,6781,,Revenue,Income,0,,,,,,,,
24/03/2026,Sales,540,UPI,petpooja,03-2026,,,,Sales,6782,,Revenue,Income,0,,,,,,,,
24/03/2026,Sales,688,Online Sale,petpooja,03-2026,,,,Sales,6783,,Revenue,Income,0,,,,,,,,
24/03/2026,Tea,210,Cash,sandwich,03-2026,Paid,Naseem,24/03/2026,Staff Expenses,6784,,OpEx - Labor,Expense,0,,,,,,,,
24/03/2026,Vegetables,250,Cash,tomatto,03-2026,Paid,Naseem,,Inventory,6785,,COGS - Veg,Expense,0,,,,,,,,
24/03/2026,Vegetables,433,Bank,bhaironath,03-2026,Unpaid,,,Inventory,6786,,COGS - Veg,Expense,0,,,,,,,,
24/03/2026,Dairy,36,Cash,milk,03-2026,Paid,Naseem,24/03/2026,Inventory,6787,,COGS - Dairy,Expense,0,,,,,,,,
24/03/2026,Electricity,2200,Cash,ancle lightbill,03-2026,Paid,Naseem,24/03/2026,Fixed Maintance,6788,,OpEx - Utilities,Expense,0,,,,,,,,
25/03/2026,Charcoal,1900,Bank,Gyaneawari,03-2026,Unpaid,,,Inventory,6789,,COGS - Fuel,Expense,0,,,,,,,,
25/03/2026,Chicken,3789,Bank,Golden food,03-2026,Unpaid,,,Inventory,6790,,COGS - NonVeg,Expense,0,,,,,,,,
25/03/2026,Chicken,290,Cash,chicken boiler,03-2026,Paid,Naseem,25/03/2026,Inventory,6791,,COGS - NonVeg,Expense,0,,,,,,,,
25/03/2026,Vegetables,534,Bank,bhaironath,03-2026,Unpaid,,,Inventory,6792,,COGS - Veg,Expense,0,,,,,,,,
25/03/2026,Dairy,330,Cash,soya chap,03-2026,Paid,Naseem,,Inventory,6793,,COGS - Dairy,Expense,0,,,,,,,,
25/03/2026,Kinners,40,Cash,kinnar,03-2026,Paid,,,Maintance,6794,,OpEx - Misc,Expense,0,,,,,,,,
25/03/2026,Dairy,36,Cash,milk,03-2026,Paid,Naseem,25/03/2026,Inventory,6795,,COGS - Dairy,Expense,0,,,,,,,,
25/03/2026,Grocery,890,Cash,Noodle,03-2026,Paid,Naseem,25/03/2026,Inventory,6796,,COGS - Grocery,Expense,0,,,,,,,,
25/03/2026,Tea,200,Cash,Umesh Ji,03-2026,Paid,Naseem,25/03/2026,Staff Expenses,6797,,OpEx - Labor,Expense,0,,,,,,,,
25/03/2026,Sales,7920,Cash,petpooja,03-2026,,,,Sales,6798,,Revenue,Income,0,,,,,,,,
25/03/2026,Sales,19875,Wallet,petpooja,03-2026,,,,Sales,6799,,Revenue,Income,0,,,,,,,,
25/03/2026,Sales,560,Due,petpooja,03-2026,,,,Sales,6800,,Revenue,Income,0,,,,,,,,
25/03/2026,Sales,540,UPI,petpooja,03-2026,,,,Sales,6801,,Revenue,Income,0,,,,,,,,
25/03/2026,Sales,2587,Online Sale,petpooja,03-2026,,,,Sales,6802,,Revenue,Income,0,,,,,,,,
26/03/2026,Chicken,5767,Bank,Golden food,03-2026,Unpaid,,,Inventory,6803,,COGS - NonVeg,Expense,0,,,,,,,,
26/03/2026,Petrol,310,Cash,petrol,03-2026,Paid,Naseem,26/03/2026,Bike Maintance,6804,,OpEx - Maintenance,Expense,0,,,,,,,,
26/03/2026,Sales,6660,Cash,petpooja,03-2026,,,,Sales,6805,,Revenue,Income,0,,,,,,,,
26/03/2026,Sales,12370,Wallet,petpooja,03-2026,,,,Sales,6806,,Revenue,Income,0,,,,,,,,
26/03/2026,Sales,738,Zomato Pay,petpooja,03-2026,,,,Sales,6807,,Revenue,Income,0,,,,,,,,
26/03/2026,Sales,135,Online Sale,petpooja,03-2026,,,,Sales,6808,,Revenue,Income,0,,,,,,,,
26/03/2026,Sales,175,UPI,petpooja,03-2026,,,,Sales,6809,,Revenue,Income,0,,,,,,,,
26/03/2026,Grocery,60,Cash,imli,03-2026,Paid,Naseem,26/03/2026,Inventory,6810,,COGS - Grocery,Expense,0,,,,,,,,
26/03/2026,Tea,130,Cash,sandwich,03-2026,Paid,Naseem,26/03/2026,Staff Expenses,6811,,OpEx - Labor,Expense,0,,,,,,,,
26/03/2026,Tea,50,Bank,bhel,03-2026,Paid,Naseem,26/03/2026,Staff Expenses,6812,,OpEx - Labor,Expense,0,,,,,,,,
26/03/2026,Grocery,220,Bank,balaji,03-2026,Unpaid,,,Inventory,6813,,COGS - Grocery,Expense,0,,,,,,,,
26/03/2026,Vegetables,673,Bank,bhaironath,03-2026,Unpaid,,,Inventory,6814,,COGS - Veg,Expense,0,,,,,,,,
26/03/2026,Dairy,36,Cash,milk,03-2026,Paid,Naseem,26/03/2026,Inventory,6815,,COGS - Dairy,Expense,0,,,,,,,,
26/03/2026,Beverages,1000,Cash,water bottle,03-2026,Paid,Naseem,26/03/2026,Grocery,6816,,COGS - Grocery,Expense,0,,,,,,,,
26/03/2026,Kinners,30,Cash,kinnar,03-2026,Paid,Naseem,26/03/2026,Maintance,6817,,OpEx - Misc,Expense,0,,,,,,,,
26/03/2026,tea,50,Cash,tea,03-2026,Paid,Naseem,,Staff Expenses,6818,,OpEx - Labor,Expense,0,,,,,,,,
27/03/2026,Dairy,1273,Bank,ashok,03-2026,Unpaid,,,Inventory,6819,,COGS - Dairy,Expense,0,,,,,,,,
27/03/2026,Chicken,7715,Bank,Golden food,03-2026,Unpaid,,,Inventory,6820,,COGS - NonVeg,Expense,0,,,,,,,,
27/03/2026,Charcoal,1900,Bank,Gyaneawari,03-2026,Unpaid,,,Inventory,6821,,COGS - Fuel,Expense,0,,,,,,,,
27/03/2026,Vegetables,620,Cash,onion,03-2026,Paid,Naseem,27/03/2026,Inventory,6822,,COGS - Veg,Expense,0,,,,,,,,
27/03/2026,Dairy,360,Cash,chap,03-2026,Paid,Naseem,27/03/2026,Inventory,6823,,COGS - Dairy,Expense,0,,,,,,,,
27/03/2026,Dairy,80,Cash,mayonice,03-2026,Paid,Naseem,27/03/2026,Inventory,6824,,COGS - Dairy,Expense,0,,,,,,,,
27/03/2026,Egg,330,Cash,mulani,03-2026,Paid,Naseem,27/03/2026,Grocery,6825,,COGS - Grocery,Expense,0,,,,,,,,
27/03/2026,Sales,7190,Cash,petpooja,03-2026,,,,Sales,6826,,Revenue,Income,0,,,,,,,,
27/03/2026,Sales,32607,Wallet,petpooja,03-2026,,,,Sales,6827,,Revenue,Income,0,,,,,,,,
27/03/2026,Sales,1050,UPI,petpooja,03-2026,,,,Sales,6828,,Revenue,Income,0,,,,,,,,
27/03/2026,Sales,1667,Online Sale,petpooja,03-2026,,,,Sales,6829,,Revenue,Income,0,,,,,,,,
27/03/2026,Vegetables,614,Bank,vegetable,03-2026,Paid,Naseem,27/03/2026,Inventory,6830,,COGS - Veg,Expense,0,,,,,,,,
27/03/2026,Maintenance,2000,Cash,fridge repair,03-2026,Paid,Naseem,27/03/2026,Maintance,6831,,OpEx - Maintenance,Expense,0,,,,,,,,
27/03/2026,Tea,50,Cash,tea,03-2026,Paid,Naseem,,Staff Expenses,6832,,OpEx - Labor,Expense,0,,,,,,,,
28/03/2026,Chicken,7548,Bank,Golden food,03-2026,Unpaid,,,Inventory,6833,,COGS - NonVeg,Expense,0,,,,,,,,
28/03/2026,Dairy,1460,Bank,ashok,03-2026,Unpaid,,,Inventory,6834,,COGS - Dairy,Expense,0,,,,,,,,
28/03/2026,Beverages,1000,Cash,waterbottle,03-2026,Paid,Naseem,28/03/2026,Grocery,6835,,COGS - Grocery,Expense,0,,,,,,,,
28/03/2026,Maintenance,300,Bank,wood rent,03-2026,Paid,Naseem,28/03/2026,Maintance,6836,,OpEx - Maintenance,Expense,0,,,,,,,,
28/03/2026,Grocery,15563,Bank,balaji,03-2026,Unpaid,,,Inventory,6837,,COGS - Grocery,Expense,0,,,,,,,,
28/03/2026,Grocery,1300,Cash,Brista,03-2026,Paid,Naseem,28/03/2026,Inventory,6838,,COGS - Grocery,Expense,0,,,,,,,,
28/03/2026,Sales,9405,Cash,petpooja,03-2026,,,,Sales,6839,,Revenue,Income,0,,,,,,,,
28/03/2026,Sales,30436,Wallet,petpooja,03-2026,,,,Sales,6840,,Revenue,Income,0,,,,,,,,
28/03/2026,Sales,920,UPI,petpooja,03-2026,,,,Sales,6841,,Revenue,Income,0,,,,,,,,
28/03/2026,Sales,3670,Online Sale,petpooja,03-2026,,,,Sales,6842,,Revenue,Income,0,,,,,,,,
28/03/2026,Vegetables,575,Bank,bhaironath,03-2026,Unpaid,,,Inventory,6843,,COGS - Veg,Expense,0,,,,,,,,
28/03/2026,Vegetables,50,Cash,mint,03-2026,Paid,Naseem,28/03/2026,Inventory,6844,,COGS - Veg,Expense,0,,,,,,,,
28/03/2026,Kinners,50,Cash,kinnar,03-2026,Paid,Naseem,28/03/2026,Maintance,6845,,OpEx - Misc,Expense,0,,,,,,,,
28/03/2026,Tea,50,Cash,tea,03-2026,Paid,Naseem,28/03/2026,Staff Expenses,6846,,OpEx - Labor,Expense,0,,,,,,,,
28/03/2026,Maintenance,3000,Bank,wood,03-2026,Paid,Naseem,,Maintance,6847,,OpEx - Maintenance,Expense,0,,,,,,,,
29/03/2026,Dairy,1565,Bank,ashok,03-2026,Unpaid,,,Inventory,6848,,COGS - Dairy,Expense,0,,,,,,,,
29/03/2026,Chicken,7216,Bank,Golden food,03-2026,Unpaid,,,Inventory,6849,,COGS - NonVeg,Expense,0,,,,,,,,
29/03/2026,Charcoal,1980,Bank,Gyaneawari,03-2026,Unpaid,,,Inventory,6850,,COGS - Fuel,Expense,0,,,,,,,,
29/03/2026,Sales,7815,Cash,petpooja,03-2026,,,,Sales,6851,,Revenue,Income,0,,,,,,,,
29/03/2026,Sales,29850,Wallet,petpooja,03-2026,,,,Sales,6852,,Revenue,Income,0,,,,,,,,
29/03/2026,Sales,3700,UPI,petpooja,03-2026,,,,Sales,6853,,Revenue,Income,0,,,,,,,,
29/03/2026,Sales,4402,Online Sale,petpooja,03-2026,,,,Sales,6854,,Revenue,Income,0,,,,,,,,
29/03/2026,Vegetables,250,Cash,tomatto,03-2026,Paid,Naseem,29/03/2026,Inventory,6855,,COGS - Veg,Expense,0,,,,,,,,
29/03/2026,Chicken,850,Bank,chicken,03-2026,Unpaid,Shakil,29/03/2026,Inventory,6856,,COGS - NonVeg,Expense,0,,,,,,,,
29/03/2026,Sales,160,Due,petpooja,03-2026,,,,Sales,6857,,Revenue,Income,0,,,,,,,,
29/03/2026,Petrol,310,Cash,petrol,03-2026,Paid,Naseem,29/03/2026,Bike Maintance,6858,,OpEx - Maintenance,Expense,0,,,,,,,,
29/03/2026,Maintenance,120,Cash,cutting blade,03-2026,Paid,Naseem,29/03/2026,Maintance,6859,,OpEx - Maintenance,Expense,0,,,,,,,,
29/03/2026,Maintenance,300,Cash,porter,03-2026,Paid,Naseem,,Maintance,6860,,OpEx - Maintenance,Expense,0,,,,,,,,
29/03/2026,Vegetables,541,Bank,bhaironath,03-2026,Unpaid,,,Inventory,6861,,COGS - Veg,Expense,0,,,,,,,,
29/03/2026,Dairy,360,Cash,paratha ,03-2026,Paid,Naseem,29/03/2026,Inventory,6862,,COGS - Dairy,Expense,0,,,,,,,,
29/03/2026,Dairy,36,Cash,milk,03-2026,Paid,Naseem,29/03/2026,Inventory,6863,,COGS - Dairy,Expense,0,,,,,,,,
29/03/2026,Kinners,30,Cash,kinnar,03-2026,Paid,Naseem,,Maintance,6864,,OpEx - Misc,Expense,0,,,,,,,,
30/03/2026,Chicken,8664,Bank,Golden food,03-2026,Unpaid,,,Inventory,6865,,COGS - NonVeg,Expense,0,,,,,,,,
30/03/2026,Charcoal,2100,Bank,Gyaneawari,03-2026,Unpaid,,,Inventory,6866,,COGS - Fuel,Expense,0,,,,,,,,
30/03/2026,Dairy,1513,Bank,ashok,03-2026,Unpaid,,,Inventory,6867,,COGS - Dairy,Expense,0,,,,,,,,
30/03/2026,Dairy,330,Cash,chap,03-2026,Paid,Naseem,30/03/2026,Inventory,6868,,COGS - Dairy,Expense,0,,,,,,,,
30/03/2026,Maintenance,320,Cash,greinder repair,03-2026,Paid,Naseem,30/03/2026,Maintance,6869,,OpEx - Maintenance,Expense,0,,,,,,,,
30/03/2026,Grocery,50,Cash,brista,03-2026,Paid,Naseem,30/03/2026,Inventory,6870,,COGS - Grocery,Expense,0,,,,,,,,
30/03/2026,tea,100,Cash,mangoshake,03-2026,Paid,Naseem,30/03/2026,Staff Expenses,6871,,OpEx - Labor,Expense,0,,,,,,,,
30/03/2026,Tea,140,Cash,sandwich,03-2026,Paid,Naseem,30/03/2026,Staff Expenses,6872,,OpEx - Labor,Expense,0,,,,,,,,
30/03/2026,Sales,5960,Cash,petpooja,03-2026,,,,Sales,6873,,Revenue,Income,0,,,,,,,,
30/03/2026,Sales,1334,Online Sale,petpooja,03-2026,,,,Sales,6874,,Revenue,Income,0,,,,,,,,
30/03/2026,Sales,18333,Wallet,petpooja,03-2026,,,,Sales,6875,,Revenue,Income,0,,,,,,,,
30/03/2026,Sales,615,UPI,petpooja,03-2026,,,,Sales,6876,,Revenue,Income,0,,,,,,,,
30/03/2026,Vegetables,635,Bank,bhaironath,03-2026,Unpaid,,,Inventory,6877,,COGS - Veg,Expense,0,,,,,,,,
30/03/2026,Sales,1458,Zomato Pay,petpooja,03-2026,,,,Sales,6878,,Revenue,Income,0,,,,,,,,
30/03/2026,Electricity,570,Cash,Ekjesh fan,03-2026,Paid,Naseem,30/03/2026,Fixed Maintance,6879,,OpEx - Utilities,Expense,0,,,,,,,,
31/03/2026,Chicken,6226,Bank,Golden food,03-2026,Unpaid,,,Inventory,6880,,COGS - NonVeg,Expense,0,,,,,,,,
31/03/2026,Charcoal,1050,Bank,Gyaneawari,03-2026,Unpaid,,,Inventory,6881,,COGS - Fuel,Expense,0,,,,,,,,
31/03/2026,Disposable,95,Cash,plate,03-2026,Paid,Naseem,31/03/2026,Inventory,6882,,COGS - Packaging,Expense,0,,,,,,,,
31/03/2026,Beverages,1000,Cash,water bottle,03-2026,Paid,Naseem,31/03/2026,Grocery,6883,,COGS - Grocery,Expense,0,,,,,,,,
31/03/2026,Vegetables,538,Bank,bhaironath,03-2026,Unpaid,,,Inventory,6884,,COGS - Veg,Expense,0,,,,,,,,
31/03/2026,Egg,300,Cash,mulani,03-2026,Paid,Naseem,31/03/2026,Grocery,6885,,COGS - Grocery,Expense,0,,,,,,,,
31/03/2026,Sales,3440,Cash,petpooja,03-2026,,,,Sales,6886,,Revenue,Income,0,,,,,,,,
31/03/2026,Sales,23480,Wallet,petpooja,03-2026,,,,Sales,6887,,Revenue,Income,0,,,,,,,,
31/03/2026,Sales,520,UPI,petpooja,03-2026,,,,Sales,6888,,Revenue,Income,0,,,,,,,,
31/03/2026,Sales,1727,Online Sale,petpooja,03-2026,,,,Sales,6889,,Revenue,Income,0,,,,,,,,
31/03/2026,Sales,373,Zomato Pay,petpooja,03-2026,,,,Sales,6890,,Revenue,Income,0,,,,,,,,
31/03/2026,tea,50,Cash,tea,03-2026,Paid,Naseem,31/03/2026,Staff Expenses,6891,,OpEx - Labor,Expense,0,,,,,,,,
31/03/2026,Kinners,20,Cash,kinnar,03-2026,Paid,Naseem,31/03/2026,Maintance,6892,,OpEx - Misc,Expense,0,,,,,,,,
31/03/2026,Sales,150,Due,petpooja,03-2026,,,,Sales,6893,,Revenue,Income,0,,,,,,,,
31/03/2026,Maintenance,300,Cash,knife dhar,03-2026,Paid,Naseem,31/03/2026,Maintance,6894,,OpEx - Maintenance,Expense,0,,,,,,,,
31/03/2026,Tea,50,Cash,tea,03-2026,Paid,Naseem,31/03/2026,Staff Expenses,6895,,OpEx - Labor,Expense,0,,,,,,,,
01/04/2026,Chicken,6011,Bank,Golden food,04-2026,Unpaid,,,Inventory,6896,,COGS - NonVeg,Expense,0,,,,,,,,
01/04/2026,Charcoal,2100,Bank,Gyaneawari,04-2026,Unpaid,,,Inventory,6897,,COGS - Fuel,Expense,0,,,,,,,,
01/04/2026,Dairy,888,Bank,ashok,04-2026,Unpaid,,,Inventory,6898,,COGS - Dairy,Expense,0,,,,,,,,
01/04/2026,Maintenance,500,Cash,Auto rent,04-2026,Paid,Naseem,01/04/2026,Maintance,6899,,OpEx - Maintenance,Expense,0,,,,,,,,
01/04/2026,Maintenance,58,Cash,print,04-2026,Paid,Naseem,01/04/2026,Maintance,6900,,OpEx - Maintenance,Expense,0,,,,,,,,
01/04/2026,Sales,3030,Cash,petpooja,04-2026,,,,Sales,6901,,Revenue,Income,0,,,,,,,,
01/04/2026,Sales,20539,Wallet,petpooja,04-2026,,,,Sales,6902,,Revenue,Income,0,,,,,,,,
01/04/2026,Sales,380,UPI,petpooja,04-2026,,,,Sales,6903,,Revenue,Income,0,,,,,,,,
01/04/2026,Sales,2942,Online Sale,petpooja,04-2026,,,,Sales,6904,,Revenue,Income,0,,,,,,,,
01/04/2026,Vegetables,320,Bank,bhaironath,04-2026,Unpaid,,,Inventory,6905,,COGS - Veg,Expense,0,,,,,,,,
01/04/2026,Restaurant New Inventory,1700,Bank,Biryani handi,04-2026,Paid,Naseem,01/04/2026,New Inventory,6906,,OpEx - CapEx,Expense,0,,,,,,,,
01/04/2026,Maintenance,3500,Bank,new bhatthi,04-2026,Paid,Naseem,01/04/2026,Maintance,6907,,OpEx - Maintenance,Expense,0,,,,,,,,
01/04/2026,Tea,50,Cash,tea,04-2026,Paid,Naseem,,Staff Expenses,6908,,OpEx - Labor,Expense,0,,,,,,,,
01/04/2026,Dairy,36,Cash,milk,04-2026,Paid,Naseem,,Inventory,6909,,COGS - Dairy,Expense,0,,,,,,,,
02/04/2026,Chicken,6728,Bank,Golden food,04-2026,Unpaid,,,Inventory,6910,,COGS - NonVeg,Expense,0,,,,,,,,
02/04/2026,Tea,50,Cash,juice,04-2026,Paid,Naseem,02/03/2026,Staff Expenses,6911,,OpEx - Labor,Expense,0,,,,,,,,
02/04/2026,Maintenance,800,Cash,bike repair,04-2026,Paid,Naseem,02/03/2026,Maintance,6912,,OpEx - Maintenance,Expense,0,,,,,,,,
02/04/2026,Charcoal,2100,Bank,charcoal,04-2026,Unpaid,,02/03/2026,Inventory,6913,,COGS - Fuel,Expense,0,,,,,,,,
02/04/2026,Sales,1755,Cash,petpooja,04-2026,,,,Sales,6914,,Revenue,Income,0,,,,,,,,
02/04/2026,Sales,0,UPI,petpooja,04-2026,,,,Sales,6915,,Revenue,Income,0,,,,,,,,
02/04/2026,Sales,20934,Wallet,petpooja,04-2026,,,,Sales,6916,,Revenue,Income,0,,,,,,,,
02/04/2026,Sales,1849,Online Sale,petpooja,04-2026,,,,Sales,6917,,Revenue,Income,0,,,,,,,,
02/04/2026,Kinners,20,Cash,kinnar,04-2026,Paid,Naseem,02/03/2026,Maintance,6918,,OpEx - Misc,Expense,0,,,,,,,,
02/04/2026,Tea,140,Cash,sandwich,04-2026,Paid,Naseem,02/03/2026,Staff Expenses,6919,,OpEx - Labor,Expense,0,,,,,,,,
02/04/2026,Vegetables,627,Bank,bhaironath,04-2026,Unpaid,,,Inventory,6920,,COGS - Veg,Expense,0,,,,,,,,
02/04/2026,Egg,270,Cash,mulani,04-2026,Paid,Naseem,02/03/2026,Grocery,6921,,COGS - Grocery,Expense,0,,,,,,,,
02/04/2026,Dairy,36,Cash,milk,04-2026,Paid,Naseem,02/03/2026,Inventory,6922,,COGS - Dairy,Expense,0,,,,,,,,
02/04/2026,Sales,220,Due,petpooja,04-2026,,,,Sales,6923,,Revenue,Income,0,,,,,,,,
02/04/2026,Tea,50,Cash,tea,04-2026,Paid,Naseem,02/03/2026,Staff Expenses,6924,,OpEx - Labor,Expense,0,,,,,,,,
03/04/2026,Chicken,5978,Bank,Golden food,04-2026,Unpaid,,,Inventory,6925,,COGS - NonVeg,Expense,0,,,,,,,,
03/04/2026,Beverages,500,Cash,water,04-2026,Unpaid,,03/04/2026,Grocery,6926,,COGS - Grocery,Expense,0,,,,,,,,
03/04/2026,Dairy,330,Cash,soya chap,04-2026,Paid,Naseem,03/04/2026,Inventory,6927,,COGS - Dairy,Expense,0,,,,,,,,
03/04/2026,Momos,210,Cash,momos,04-2026,Paid,Naseem,03/04/2026,Inventory,6928,,COGS - Inventory,Expense,0,,,,,,,,
03/04/2026,Kinners,20,Cash,kinnar,04-2026,Paid,Naseem,03/04/2026,Maintance,6929,,OpEx - Misc,Expense,0,,,,,,,,
03/04/2026,Vegetables,750,Cash,onion,04-2026,Paid,Naseem,03/04/2026,Inventory,6930,,COGS - Veg,Expense,0,,,,,,,,
03/04/2026,Sales,2960,Cash,petpooja,04-2026,,,,Sales,6931,,Revenue,Income,0,,,,,,,,
03/04/2026,Sales,30017,Wallet,petpooja,04-2026,,,,Sales,6932,,Revenue,Income,0,,,,,,,,
03/04/2026,Sales,70,UPI,petpooja,04-2026,,,,Sales,6933,,Revenue,Income,0,,,,,,,,
03/04/2026,Sales,2703,Online Sale,petpooja,04-2026,,,,Sales,6934,,Revenue,Income,0,,,,,,,,
03/04/2026,Grocery,41050,Bank,balaji,04-2026,Unpaid,,,Inventory,6935,,COGS - Grocery,Expense,0,,,,,,,,
03/04/2026,Maintenance,100,Cash,cello tape,04-2026,Paid,Naseem,03/04/2026,Maintance,6936,,OpEx - Maintenance,Expense,0,,,,,,,,
03/04/2026,Vegetables,60,Cash,mint,04-2026,Paid,Naseem,03/04/2026,Inventory,6937,,COGS - Veg,Expense,0,,,,,,,,
03/04/2026,Beverages,1164,Bank,softdrink,04-2026,Paid,Naseem,03/04/2026,Grocery,6938,,COGS - Grocery,Expense,0,,,,,,,,
03/04/2026,Grocery,1450,Cash,brista,04-2026,Paid,Naseem,03/04/2026,Inventory,6939,,COGS - Grocery,Expense,0,,,,,,,,
03/04/2026,Vegetables,461,Bank,bhaironath,04-2026,Unpaid,,,Inventory,6940,,COGS - Veg,Expense,0,,,,,,,,
03/04/2026,egg,120,Cash,mulani,04-2026,Unpaid,,03/03/2026,Grocery,6941,,COGS - Grocery,Expense,0,,,,,,,,
03/04/2026,Cash Return to Cx,200,Cash,Return customer,04-2026,Paid,Naseem,03/03/2026,Excess Amount Return,6942,,Excess Amount Return,Expense,0,,,,,,,,
03/04/2026,Sales,1240,Due,petpooja,04-2026,,,,Sales,6943,,Revenue,Income,0,,,,,,,,
03/04/2026,Dairy,36,Cash,milk,04-2026,Paid,Naseem,3/34/2026,Inventory,6944,,COGS - Dairy,Expense,0,,,,,,,,
03/04/2026,Sales,459,Zomato Pay,petpooja,04-2026,,,,Sales,6945,,Revenue,Income,0,,,,,,,,
03/04/2026,Maintenance,3000,Bank,wood,04-2026,Paid,Bank,,Maintance,6946,,OpEx - Maintenance,Expense,0,,,,,,,,
03/04/2026,Chamber Clean,1250,Cash,washroom cleining,04-2026,Paid,Naseem,,Maintenance,6947,,OpEx - Maintenance,Expense,0,,,,,,,,
04/04/2026,Chicken,8597,Bank,Golden food,04-2026,Unpaid,,,Inventory,6948,,COGS - NonVeg,Expense,0,,,,,,,,
04/04/2026,Charcoal,1050,Bank,Gyaneawari,04-2026,Unpaid,,,Inventory,6949,,COGS - Fuel,Expense,0,,,,,,,,
04/04/2026,Maintenance,60,Cash,Khunen goli,04-2026,Paid,Naseem,04/04/2026,Maintance,6950,,OpEx - Maintenance,Expense,0,,,,,,,,
04/04/2026,Dairy,36,Cash,milk,04-2026,Paid,Naseem,,Inventory,6951,,COGS - Dairy,Expense,0,,,,,,,,
04/04/2026,Dairy,1916,Bank,ashok,04-2026,Unpaid,,,Inventory,6952,,COGS - Dairy,Expense,0,,,,,,,,
03/04/2026,Dairy,895,Bank,ashok,04-2026,Unpaid,,,Inventory,6953,,COGS - Dairy,Expense,0,,,,,,,,
02/04/2026,Dairy,1088,Bank,ashok,04-2026,Unpaid,,,Inventory,6954,,COGS - Dairy,Expense,0,,,,,,,,
04/04/2026,Dairy,440,Cash,chap,04-2026,Paid,,,Inventory,6955,,COGS - Dairy,Expense,0,,,,,,,,
04/04/2026,Sales,4795,Cash,petpooja,04-2026,,,,Sales,6956,,Revenue,Income,0,,,,,,,,
04/04/2026,Sales,36420,Wallet,petpooja,04-2026,,,,Sales,6957,,Revenue,Income,0,,,,,,,,
04/04/2026,Sales,390,UPI,petpooja,04-2026,,,,Sales,6958,,Revenue,Income,0,,,,,,,,
04/04/2026,Sales,5353,Online Sale,petpooja,04-2026,,,,Sales,6959,,Revenue,Income,0,,,,,,,,
04/04/2026,Maintenance,40,Cash,soda,04-2026,Paid,Naseem,04/04/2026,Maintance,6960,,OpEx - Maintenance,Expense,0,,,,,,,,
04/04/2026,Maintenance,50,Cash,zerex,04-2026,Paid,Naseem,04/04/2026,Maintance,6961,,OpEx - Maintenance,Expense,0,,,,,,,,
04/04/2026,Vegetables,422,Cash,bhaironath,04-2026,Unpaid,,,Inventory,6962,,COGS - Veg,Expense,0,,,,,,,,
04/04/2026,Tea,50,Cash,tea,04-2026,Paid,,,Staff Expenses,6963,,OpEx - Labor,Expense,0,,,,,,,,
04/04/2026,Maintenance,800,Cash,fan,04-2026,Paid,Naseem,04/04/2026,Maintance,6964,,OpEx - Maintenance,Expense,0,,,,,,,,
04/04/2026,Sales,1100,Card,petpooja,04-2026,,,36420,Sales,6965,,Revenue,Income,0,,,,,,,,
04/04/2026,Chicken,9598,Bank,Golden food,04-2026,Unpaid,,,Inventory,6966,,COGS - NonVeg,Expense,0,,,,,,,,
05/04/2026,Dairy,1173,Bank,ashok,04-2026,Unpaid,,,Inventory,6967,,COGS - Dairy,Expense,0,,,,,,,,
05/04/2026,Dairy,140,Cash,paratha ,04-2026,Paid,Naseem,05/04/2026,Inventory,6968,,COGS - Dairy,Expense,0,,,,,,,,
05/04/2026,Petrol,310,Cash,petrol,04-2026,Paid,Naseem,05/04/2026,Bike Maintance,6969,,OpEx - Maintenance,Expense,0,,,,,,,,
05/04/2026,Sales,4620,Cash,petpooja,04-2026,,,,Sales,6970,,Revenue,Income,0,,,,,,,,
05/04/2026,Sales,23860,Wallet,petpooja,04-2026,,,,Sales,6971,,Revenue,Income,0,,,,,,,,
05/04/2026,Sales,1910,Online Sale,petpooja,04-2026,,,,Sales,6972,,Revenue,Income,0,,,,,,,,
05/04/2026,Sales,40,UPI,petpooja,04-2026,,,,Sales,6973,,Revenue,Income,0,,,,,,,,
05/04/2026,Vegetables,200,Cash,tomatto,04-2026,Paid,Naseem,05/04/2026,Inventory,6974,,COGS - Veg,Expense,0,,,,,,,,
05/04/2026,Beverages,1000,Cash,water,04-2026,Paid,Naseem,05/04/2026,Grocery,6975,,COGS - Grocery,Expense,0,,,,,,,,
05/04/2026,Maintenance,140,Cash,blade,04-2026,Paid,Naseem,05/04/2026,Maintance,6976,,OpEx - Maintenance,Expense,0,,,,,,,,
05/04/2026,Tea,50,Cash,ancle tea,04-2026,Paid,Naseem,05/04/2026,Staff Expenses,6977,,OpEx - Labor,Expense,0,,,,,,,,
05/04/2026,Dairy,36,Cash,milk,04-2026,Paid,Naseem,05/04/2026,Inventory,6978,,COGS - Dairy,Expense,0,,,,,,,,
05/04/2026,Kinners,30,Cash,kinnar,04-2026,Paid,Naseem,05/04/2026,Maintance,6979,,OpEx - Misc,Expense,0,,,,,,,,
06/04/2026,Charcoal,1050,Bank,Gyaneawari,04-2026,Unpaid,,,Inventory,6980,,COGS - Fuel,Expense,0,,,,,,,,
06/04/2026,Chicken,5492,Bank,Golden food,04-2026,Unpaid,,,Inventory,6981,,COGS - NonVeg,Expense,0,,,,,,,,
06/04/2026,Vegetables,770,Cash,onion,04-2026,Paid,Naseem,06/04/2026,Inventory,6982,,COGS - Veg,Expense,0,,,,,,,,
06/04/2026,Maintenance,350,Cash,bike repair,04-2026,Paid,Naseem,06/04/2026,Maintance,6983,,OpEx - Maintenance,Expense,0,,,,,,,,
06/04/2026,Grocery,105,Cash,sunfloweroil,04-2026,Paid,Naseem,06/04/2026,Inventory,6984,,COGS - Grocery,Expense,0,,,,,,,,
06/04/2026,Dairy,36,Cash,milk,04-2026,Paid,Naseem,06/04/2026,Inventory,6985,,COGS - Dairy,Expense,0,,,,,,,,
06/04/2026,Sales,4378,Cash,petpooja,04-2026,,,,Sales,6986,,Revenue,Income,0,,,,,,,,
06/04/2026,Sales,14323,Wallet,petpooja,04-2026,,,,Sales,6987,,Revenue,Income,0,,,,,,,,
06/04/2026,Sales,452,UPI,petpooja,04-2026,,,,Sales,6988,,Revenue,Income,0,,,,,,,,
06/04/2026,Sales,1735,Online Sale,petpooja,04-2026,,,,Sales,6989,,Revenue,Income,0,,,,,,,,
06/04/2026,Vegetables,581,Bank,bhaironath,04-2026,Unpaid,,,Inventory,6990,,COGS - Veg,Expense,0,,,,,,,,
06/04/2026,Maintenance,425,Cash,lock,04-2026,Paid,Naseem,06/04/2026,Maintance,6991,,OpEx - Maintenance,Expense,0,,,,,,,,
05/04/2026,Vegetables,845,Bank,bhironath,04-2026,Unpaid,,,Inventory,6992,,COGS - Veg,Expense,0,,,,,,,,
06/04/2026,Tea,150,Cash,tea,04-2026,Paid,Naseem,06/04/2026,Staff Expenses,6993,,OpEx - Labor,Expense,0,,,,,,,,
06/04/2026,Tea,50,Cash,tea,04-2026,Paid,Naseem,,Staff Expenses,6994,,OpEx - Labor,Expense,0,,,,,,,,
07/04/2026,Chicken,1604,Bank,Golden food,04-2026,Unpaid,,,Inventory,6995,,COGS - NonVeg,Expense,0,,,,,,,,
07/04/2026,Dairy,578,Bank,ashok,04-2026,Unpaid,,,Inventory,6996,,COGS - Dairy,Expense,0,,,,,,,,
07/04/2026,Maintenance,100,Cash,bread,04-2026,Paid,Naseem,,Maintance,6997,,OpEx - Maintenance,Expense,0,,,,,,,,
07/04/2026,Vegetables,368,Cash,bhaironath,04-2026,Unpaid,,,Inventory,6998,,COGS - Veg,Expense,0,,,,,,,,
07/04/2026,Egg,300,Cash,mulani,04-2026,Paid,Naseem,06/04/2026,Grocery,6999,,COGS - Grocery,Expense,0,,,,,,,,
07/04/2026,Sales,4677,Cash,petpooja,04-2026,,,,Sales,7000,,Revenue,Income,0,,,,,,,,
07/04/2026,Sales,18415,Wallet,petpooja,04-2026,,,,Sales,7001,,Revenue,Income,0,,,,,,,,
07/04/2026,Sales,500,UPI,petpooja,04-2026,,,,Sales,7002,,Revenue,Income,0,,,,,,,,
07/04/2026,Sales,781,Online Sale,petpooja,04-2026,,,,Sales,7003,,Revenue,Income,0,,,,,,,,
07/04/2026,Tea,50,Cash,tea,04-2026,Paid,Naseem,07/04/2026,Staff Expenses,7004,,OpEx - Labor,Expense,0,,,,,,,,
07/04/2026,Kinners,30,Cash,kinnar,04-2026,Paid,Naseem,,Maintance,7005,,OpEx - Misc,Expense,0,,,,,,,,
07/04/2026,Sales,340,Due,petpooja,04-2026,,,,Sales,7006,,Revenue,Income,0,,,,,,,,
08/04/2026,Chicken,5369,Bank,Golden food,04-2026,Unpaid,,,Inventory,7007,,COGS - NonVeg,Expense,0,,,,,,,,
08/04/2026,Dairy,1003,Bank,ashok,04-2026,Unpaid,,,Inventory,7008,,COGS - Dairy,Expense,0,,,,,,,,
08/04/2026,Charcoal,3150,Bank,Gyaneawari,04-2026,Paid,,,Inventory,7009,,COGS - Fuel,Expense,0,,,,,,,,
08/04/2026,Vegetables,50,Cash,mint,04-2026,Paid,Naseem,08/04/2026,Inventory,7010,,COGS - Veg,Expense,0,,,,,,,,
08/04/2026,Sales,5299,Cash,petpooja,04-2026,,,,Sales,7011,,Revenue,Income,0,,,,,,,,
08/04/2026,Sales,25199,Wallet,petpooja,04-2026,,,,Sales,7012,,Revenue,Income,0,,,,,,,,
08/04/2026,Sales,1391,Online Sale,petpooja,04-2026,,,,Sales,7013,,Revenue,Income,0,,,,,,,,
08/04/2026,Sales,665,UPI,petpooja,04-2026,,,,Sales,7014,,Revenue,Income,0,,,,,,,,
08/04/2026,Vegetables,250,Bank,vegetable,04-2026,Unpaid,,,Inventory,7015,,COGS - Veg,Expense,0,,,,,,,,
08/04/2026,Sales,230,Card,petpooja,04-2026,,,,Sales,7016,,Revenue,Income,0,,,,,,,,
08/04/2026,Petrol,310,Cash,petrol,04-2026,Paid,Naseem,08/04/2026,Bike Maintance,7017,,OpEx - Maintenance,Expense,0,,,,,,,,
08/04/2026,Kinners,30,Cash,kinnar,04-2026,Paid,Naseem,08/04/2026,Maintance,7018,,OpEx - Misc,Expense,0,,,,,,,,
08/04/2026,Maintenance,200,Cash,Ekjesh fan,04-2026,Paid,Naseem,08/04/2026,Maintance,7019,,OpEx - Maintenance,Expense,0,,,,,,,,
09/04/2026,Dairy,2298,Bank,ashok,04-2026,Unpaid,,,Inventory,7020,,COGS - Dairy,Expense,0,,,,,,,,
09/04/2026,Chicken,7864,Bank,Golden food,04-2026,Unpaid,,,Inventory,7021,,COGS - NonVeg,Expense,0,,,,,,,,
09/04/2026,Sales,5930,Cash,petpooja,04-2026,,,,Sales,7022,,Revenue,Income,0,,,,,,,,
09/04/2026,Sales,20035,Wallet,petpooja,04-2026,,,,Sales,7023,,Revenue,Income,0,,,,,,,,
09/04/2026,Sales,2298,Online Sale,petpooja,04-2026,,,,Sales,7024,,Revenue,Income,0,,,,,,,,
09/04/2026,Sales,1290,UPI,petpooja,04-2026,,,,Sales,7025,,Revenue,Income,0,,,,,,,,
09/04/2026,Vegetables,702,Bank,bhaironath,04-2026,Unpaid,,,Inventory,7026,,COGS - Veg,Expense,0,,,,,,,,
09/04/2026,Garbage Vehicle,1500,Bank,kachragadi,04-2026,Paid,Naseem,09/04/2026,Fixed Maintance,7027,,OpEx - Maintenance,Expense,0,,,,,,,,
09/04/2026,Kinners,30,Cash,kinnar,04-2026,Paid,Naseem,09/04/2026,Maintance,7028,,OpEx - Misc,Expense,0,,,,,,,,
01/01/2026,Electricity,23550,Bank,lightbill,01-2026,Paid,Naseem,,Fixed Maintance,7029,,OpEx - Utilities,Expense,0,,,,,,,,
02/02/2026,Electricity,26350,Bank,lightbill,02-2026,Paid,,,Fixed Maintance,7030,,OpEx - Utilities,Expense,0,,,,,,,,
03/03/2026,Electricity,25040,Bank,lightbill,03-2026,Paid,,,Fixed Maintance,7031,,OpEx - Utilities,Expense,0,,,,,,,,
09/04/2026,Sales,522,Zomato Pay,petpooja,04-2026,,,,Sales,7032,,Revenue,Income,0,,,,,,,,
09/04/2026,Maintenance,140,Cash,kating blade,04-2026,Paid,Naseem,09/04/2026,Maintance,7033,,OpEx - Maintenance,Expense,0,,,,,,,,
09/04/2026,Tea,50,Cash,tea,04-2026,Paid,Naseem,09/04/2026,Staff Expenses,7034,,OpEx - Labor,Expense,0,,,,,,,,
09/04/2026,Beverages,1000,Cash,water bottle,04-2026,Paid,Naseem,09/04/2026,Grocery,7035,,COGS - Grocery,Expense,0,,,,,,,,
10/04/2026,Gas,2093,Bank,gas,04-2026,Unpaid,,,Fixed Maintance,7036,,OpEx - Utilities,Expense,0,,,,,,,,
10/04/2026,Chicken,5539,Bank,Golden food,04-2026,Unpaid,,,Inventory,7037,,COGS - NonVeg,Expense,0,,,,,,,,
10/04/2026,Charcoal,1050,Bank,Gyaneawari,04-2026,Unpaid,,,Inventory,7038,,COGS - Fuel,Expense,0,,,,,,,,
10/04/2026,Sales,5280,Cash,petpooja,04-2026,,,,Sales,7039,,Revenue,Income,0,,,,,,,,
10/04/2026,Sales,28035,Wallet,petpooja,04-2026,,,,Sales,7040,,Revenue,Income,0,,,,,,,,
10/04/2026,Sales,3922,Online Sale,petpooja,04-2026,,,,Sales,7041,,Revenue,Income,0,,,,,,,,
10/04/2026,Sales,735,UPI,petpooja,04-2026,,,,Sales,7042,,Revenue,Income,0,,,,,,,,
10/04/2026,Dairy,330,Cash,soya chap,04-2026,Paid,Naseem,10/04/2026,Inventory,7043,,COGS - Dairy,Expense,0,,,,,,,,
10/04/2026,Maintenance,2000,Bank,Ekjesh fan,04-2026,Paid,Naseem,10/04/2026,Maintance,7044,,OpEx - Maintenance,Expense,0,,,,,,,,
10/04/2026,Kinners,20,Cash,kinnar,04-2026,Paid,Naseem,10/04/2026,Maintance,7045,,OpEx - Misc,Expense,0,,,,,,,,
10/04/2026,Egg,300,Cash,mulani,04-2026,Paid,Naseem,10/04/2026,Grocery,7046,,COGS - Grocery,Expense,0,,,,,,,,
10/04/2026,Tea,50,Cash,tea,04-2026,Paid,Naseem,10/04/2026,Staff Expenses,7047,,OpEx - Labor,Expense,0,,,,,,,,
03/03/2026,Gas,11530,Bank, Gas cylendar,03-2026,Paid,Bank,,Fixed Maintance,7048,,OpEx - Utilities,Expense,0,,,,,,,,
01/01/2026,Gas,34100,Bank, Gas cylendar,01-2026,Paid,Bank,,Fixed Maintance,7049,,OpEx - Utilities,Expense,0,,,,,,,,
02/02/20206,Gas,29818,Bank, Gas cylendar,02-20206,Paid,Bank,,Fixed Maintance,7050,,OpEx - Utilities,Expense,0,,,,,,,,
10/04/2026,Advance,5000,Bank,Rakesh advance,04-2026,Paid,Naseem,10/04/2026,Salary,7051,,OpEx - Labor,Expense,0,,,,,,,,
10/04/2026,Vegetables,545,Bank,bhaironath,04-2026,Unpaid,,,Inventory,7052,,COGS - Veg,Expense,0,,,,,,,,
10/04/2026,Sales,550,Due,petpooja,04-2026,,,,Sales,7053,,Revenue,Income,0,,,,,,,,
11/04/2026,Charcoal,3150,Bank,Gyaneawari,04-2026,Unpaid,Naseem,10/04/2026,Inventory,7054,,COGS - Fuel,Expense,0,,,,,,,,
11/04/2026,Chicken,5594,Bank,Golden food,04-2026,Unpaid,,,Inventory,7055,,COGS - NonVeg,Expense,0,,,,,,,,
11/04/2026,Gas,2093,Bank,gas,04-2026,Paid,Naseem,11/04/20206,Fixed Maintance,7056,,OpEx - Utilities,Expense,0,,,,,,,,
11/04/2026,Dairy,1483,Bank,ashok,04-2026,Unpaid,,,Inventory,7057,,COGS - Dairy,Expense,0,,,,,,,,
11/04/2026,Maintenance,300,Cash,Hardwere,04-2026,Unpaid,Naseem,11/04/2026,Maintance,7058,,OpEx - Maintenance,Expense,0,,,,,,,,
11/04/2026,Sales,4915,Cash,petpooja,04-2026,,,,Sales,7059,,Revenue,Income,0,,,,,,,,
11/04/2026,Sales,32045,Wallet,petpooja,04-2026,,,,Sales,7060,,Revenue,Income,0,,,,,,,,
11/04/2026,Sales,350,UPI,petpooja,04-2026,,,,Sales,7061,,Revenue,Income,0,,,,,,,,
11/04/2026,Sales,1636,Online Sale,petpooja,04-2026,,,,Sales,7062,,Revenue,Income,0,,,,,,,,
11/04/2026,Grocery,280,Cash,peri peri masama,04-2026,Paid,Naseem,11/04/2026,Inventory,7063,,COGS - Grocery,Expense,0,,,,,,,,
11/04/2026,Momos,210,Cash,momos,04-2026,Paid,Naseem,11/04/2026,Inventory,7064,,COGS - Inventory,Expense,0,,,,,,,,
11/04/2026,Petrol,310,Cash,petrol,04-2026,Paid,Naseem,,Bike Maintance,7065,,OpEx - Maintenance,Expense,0,,,,,,,,
11/04/2026,Grocery,1500,Cash,Brista,04-2026,Paid,Naseem,11/04/20206,Inventory,7066,,COGS - Grocery,Expense,0,,,,,,,,
11/04/2026,Beverages,1940,Bank,softdrink,04-2026,Paid,Naseem,11/04/20206,Grocery,7067,,COGS - Grocery,Expense,0,,,,,,,,
11/04/2026,Vegetables,368,Bank,bhaironath,04-2026,Unpaid,,,Inventory,7068,,COGS - Veg,Expense,0,,,,,,,,
11/04/2026,Hotel Commision,6011,Bank,Aal hotel clear,04-2026,Paid,Naseem,11/04/2026,Fixed Maintance,7069,,OpEx - Admin,Expense,0,,,,,,,,
11/04/2026,Grocery,320,Bank,Nirma,04-2026,Unpaid,Naseem,,Inventory,7070,,COGS - Grocery,Expense,0,,,,,,,,
11/04/2026,Maintenance,50,Cash,Kukar raver ,04-2026,Paid,Naseem,11/04/2026,Maintance,7071,,OpEx - Maintenance,Expense,0,,,,,,,,
11/04/2026,Advance,550,Bank,Vijay,04-2026,Paid,Naseem,11/04/2026,Salary,7072,,OpEx - Labor,Expense,0,,,,,,,,
12/04/2026,Chicken,7238,Bank,Golden food,04-2026,Unpaid,,,Inventory,7073,,COGS - NonVeg,Expense,0,,,,,,,,
12/04/2026,Vegetables,300,Cash,tomatto,04-2026,Paid,Naseem,12/04/2026,Inventory,7074,,COGS - Veg,Expense,0,,,,,,,,
12/04/2026,Dairy,330,Cash,chap,04-2026,Paid,Naseem,12/04/2026,Inventory,7075,,COGS - Dairy,Expense,0,,,,,,,,
12/04/2026,Vegetables,60,Cash,papaya,04-2026,Paid,Naseem,12/04/2026,Inventory,7076,,COGS - Veg,Expense,0,,,,,,,,
12/04/2026,Kinners,30,Cash,kinnar,04-2026,Paid,Naseem,12/04/2026,Maintance,7077,,OpEx - Misc,Expense,0,,,,,,,,
12/04/2026,Beverages,1000,Cash,water,04-2026,Paid,Naseem,12/04/2026,Grocery,7078,,COGS - Grocery,Expense,0,,,,,,,,
12/04/2026,Sales,5900,Cash,petpooja,04-2026,,,,Sales,7079,,Revenue,Income,0,,,,,,,,
12/04/2026,Sales,24501,Wallet,petpooja,04-2026,,,,Sales,7080,,Revenue,Income,0,,,,,,,,
12/04/2026,Sales,250,UPI,petpooja,04-2026,,,,Sales,7081,,Revenue,Income,0,,,,,,,,
12/04/2026,Sales,2438,Online Sale,petpooja,04-2026,,,,Sales,7082,,Revenue,Income,0,,,,,,,,
12/04/2026,Vegetables,495,Bank,bhaironath,04-2026,Unpaid,,,Inventory,7083,,COGS - Veg,Expense,0,,,,,,,,
12/04/2026,Sales,2300,Card,petpooja,04-2026,,,,Sales,7084,,Revenue,Income,0,,,,,,,,
12/04/2026,Sales,310,Due,petpooja,04-2026,,,,Sales,7085,,Revenue,Income,0,,,,,,,,
12/04/2026,Dairy,1738,Bank,ashok,04-2026,Unpaid,,,Inventory,7086,,COGS - Dairy,Expense,0,,,,,,,,
13/04/2026,Dairy,1783,Bank,ashok,04-2026,Unpaid,,,Inventory,7087,,COGS - Dairy,Expense,0,,,,,,,,
13/04/2026,Chicken,7559,Bank,Golden food,04-2026,Unpaid,,,Inventory,7088,,COGS - NonVeg,Expense,0,,,,,,,,
13/04/2026,Charcoal,2100,Bank,Gyaneawari,04-2026,Unpaid,,,Inventory,7089,,COGS - Fuel,Expense,0,,,,,,,,
13/04/2026,Disposable,10750,Bank,anand disposble,04-2026,Unpaid,,,Inventory,7090,,COGS - Packaging,Expense,0,,,,,,,,
13/04/2026,Maintenance,300,Cash,Gas pipe,04-2026,Paid,Naseem,13/04/20206,Maintance,7091,,OpEx - Maintenance,Expense,0,,,,,,,,
13/04/2026,Grocery,970,Bank,balaji,04-2026,Unpaid,,,Inventory,7092,,COGS - Grocery,Expense,0,,,,,,,,
13/04/2026,Advance,6000,Bank,vijay,04-2026,Paid,Naseem,13/04/2026,Salary,7093,,OpEx - Labor,Expense,0,,,,,,,,
13/04/2026,Advance,3000,Bank,dinesh,04-2026,Paid,Naseem,13/04/2026,Salary,7094,,OpEx - Labor,Expense,0,,,,,,,,
13/04/2026,Sales,5735,Cash,petpooja,04-2026,,,,Sales,7095,,Revenue,Income,0,,,,,,,,
13/04/2026,Sales,17895,Wallet,petpooja,04-2026,,,,Sales,7096,,Revenue,Income,0,,,,,,,,
13/04/2026,Sales,1577,Online Sale,petpooja,04-2026,,,,Sales,7097,,Revenue,Income,0,,,,,,,,
13/04/2026,Sales,1110,UPI,petpooja,04-2026,,,,Sales,7098,,Revenue,Income,0,,,,,,,,
13/04/2026,Sales,10,Due,petpooja,04-2026,,,,Sales,7099,,Revenue,Income,0,,,,,,,,
13/04/2026,Tea,80,Cash,tea,04-2026,,,,Staff Expenses,7100,,OpEx - Labor,Expense,0,,,,,,,,
13/04/2026,Kinners,30,Cash,kinnar,04-2026,Paid,Naseem,13/04/20206,Maintance,7101,,OpEx - Misc,Expense,0,,,,,,,,
14/04/2026,Gas,2093,Bank,gas,04-2026,Unpaid,,,Fixed Maintance,7102,,OpEx - Utilities,Expense,0,,,,,,,,
14/04/2026,Chicken,2404,Bank,Golden food,04-2026,Unpaid,,,Inventory,7103,,COGS - NonVeg,Expense,0,,,,,,,,
14/04/2026,Dairy,,,,04-2026,,,,Inventory,7104,,COGS - Dairy,Expense,0,,,,,,,,
14/04/2026,Maintenance,3000,Bank,wood,04-2026,Paid,Naseem,14/04/2026,Maintance,7105,,OpEx - Maintenance,Expense,0,,,,,,,,
14/04/2026,Egg,520,Cash,mulani,04-2026,Paid,Naseem,14/04/2026,Grocery,7106,,COGS - Grocery,Expense,0,,,,,,,,
14/04/2026,Sales,5750,Cash,petpooja,04-2026,,,,Sales,7107,,Revenue,Income,0,,,,,,,,
14/04/2026,Sales,33935,Wallet,petpooja,04-2026,,,,Sales,7108,,Revenue,Income,0,,,,,,,,
14/04/2026,Sales,3671,Online Sale,petpooja,04-2026,,,,Sales,7109,,Revenue,Income,0,,,,,,,,
14/04/2026,Sales,1745,UPI,petpooja,04-2026,,,,Sales,7110,,Revenue,Income,0,,,,,,,,
14/04/2026,Maintenance,1000,Bank,chember clene,04-2026,Paid,Naseem,14/04/20206,Maintance,7111,,OpEx - Maintenance,Expense,0,,,,,,,,
14/04/2026,Vegetables,50,Cash,papaya,04-2026,Paid,Naseem,14/04/20206,Inventory,7112,,COGS - Veg,Expense,0,,,,,,,,
14/04/2026,Egg,520,Cash,mulani,04-2026,Paid,Naseem,14/04/20206,Grocery,7113,,COGS - Grocery,Expense,0,,,,,,,,
14/04/2026,Kinners,30,Cash,kinnars,04-2026,Paid,Naseem,14/04/20206,Maintance,7114,,OpEx - Misc,Expense,0,,,,,,,,
14/04/2026,Petrol,310,Cash,petrol,04-2026,Paid,Naseem,14/04/20206,Bike Maintance,7115,,OpEx - Maintenance,Expense,0,,,,,,,,
14/04/2026,Grocery,70,Cash,badam,04-2026,Paid,Naseem,14/04/20206,Inventory,7116,,COGS - Grocery,Expense,0,,,,,,,,
14/04/2026,Dairy,90,Cash,khowa,04-2026,Paid,Naseem,14/04/20206,Inventory,7117,,COGS - Dairy,Expense,0,,,,,,,,
14/04/2026,Tea,130,Cash,tea,04-2026,Paid,Naseem,14/04/20206,Staff Expenses,7118,,OpEx - Labor,Expense,0,,,,,,,,
15/04/2026,Charcoal,2100,Bank,Gyaneswari,04-2026,Unpaid,,,Inventory,7119,,COGS - Fuel,Expense,0,,,,,,,,
15/04/2026,Chicken,8918,Bank,Golden food,04-2026,Unpaid,,,Inventory,7120,,COGS - NonVeg,Expense,0,,,,,,,,
15/04/2026,Beverages,1500,Cash,water bottle,04-2026,Paid,Naseem,14/04/20206,Grocery,7121,,COGS - Grocery,Expense,0,,,,,,,,
15/04/2026,Beverages,776,Bank,soft drink,04-2026,Paid,Naseem,14/04/20206,Grocery,7122,,COGS - Grocery,Expense,0,,,,,,,,
15/04/2026,Vegetables,70,Cash,mint,04-2026,Paid,Naseem,14/04/20206,Inventory,7123,,COGS - Veg,Expense,0,,,,,,,,
15/04/2026,Vegetables,460,Bank,Bhaironath,04-2026,Unpaid,,,Inventory,7124,,COGS - Veg,Expense,0,,,,,,,,
15/04/2026,Sales,5805,Cash,petpooja,04-2026,,,,Sales,7125,,Revenue,Income,0,,,,,,,,
15/04/2026,Sales,36931,Wallet,petpooja,04-2026,,,,Sales,7126,,Revenue,Income,0,,,,,,,,
15/04/2026,Sales,570,Online Sale,petpooja,04-2026,,,,Sales,7127,,Revenue,Income,0,,,,,,,,
15/04/2026,Sales,70,UPI,petpooja,04-2026,,,,Sales,7128,,Revenue,Income,0,,,,,,,,
15/04/2026,Vegetables,460,Bank,Bhaironath,04-2026,Unpaid,,,Inventory,7129,,COGS - Veg,Expense,0,,,,,,,,
15/04/2026,Kinners,30,Cash,kinnar,04-2026,Paid,Naseem,15/04/20206,Maintance,7130,,OpEx - Misc,Expense,0,,,,,,,,
15/04/2026,Tea,230,Cash,tea,04-2026,Paid,Naseem,,Staff Expenses,7131,,OpEx - Labor,Expense,0,,,,,,,,
15/04/2026,Vegetables,720,Cash,onion,04-2026,Paid,Naseem,,Inventory,7132,,COGS - Veg,Expense,0,,,,,,,,
15/04/2026,Grocery,40,Cash,Black salt,04-2026,Paid,Naseem,,Inventory,7133,,COGS - Grocery,Expense,0,,,,,,,,
15/04/2026,Sales,885,Due,petpooja,04-2026,,,,Sales,7134,,Revenue,Income,0,,,,,,,,
15/04/2026,Sales,1220,Card,petpooja,04-2026,Unpaid,,,Sales,7135,,Revenue,Income,0,,,,,,,,
16/04/2026,Chicken,8451,Bank,Golden food,04-2026,Unpaid,,,Inventory,7136,,COGS - NonVeg,Expense,0,,,,,,,,
16/04/2026,Egg,520,Cash,mulani,04-2026,Unpaid,Naseem,16/04/2026,Grocery,7137,,COGS - Grocery,Expense,0,,,,,,,,
16/04/2026,Dairy,1748,Bank,ashok,04-2026,,,,Inventory,7138,,COGS - Dairy,Expense,0,,,,,,,,
16/04/2026,Vegetables,70,Cash,mint,04-2026,Paid,Naseem,16/04/2026,Inventory,7139,,COGS - Veg,Expense,0,,,,,,,,
16/04/2026,Disposable,30,Cash,Chatni bag ,04-2026,Paid,Naseem,16/04/2026,Inventory,7140,,COGS - Packaging,Expense,0,,,,,,,,
16/04/2026,Beverages,1000,Cash,water bottle,04-2026,Paid,Naseem,16/04/2026,Grocery,7141,,COGS - Grocery,Expense,0,,,,,,,,
16/04/2026,Beverages,1550,Bank,soft drink,04-2026,Paid,Naseem,16/04/2026,Grocery,7142,,COGS - Grocery,Expense,0,,,,,,,,
16/04/2026,Grocery,33332,Bank,balaji,04-2026,Unpaid,,,Inventory,7143,,COGS - Grocery,Expense,0,,,,,,,,
16/04/2026,Advance,1000,Bank,manohar,04-2026,Paid,Naseem,16/04/2026,Salary,7144,,OpEx - Labor,Expense,0,,,,,,,,
16/04/2026,Sales,6380,Cash,petpooja,04-2026,,,,Sales,7145,,Revenue,Income,0,,,,,,,,
16/04/2026,Sales,18720,Wallet,petpooja,04-2026,,,,Sales,7146,,Revenue,Income,0,,,,,,,,
16/04/2026,Sales,1010,UPI,petpooja,04-2026,,,,Sales,7147,,Revenue,Income,0,,,,,,,,
16/04/2026,Sales,1374,Online Sale,petpooja,04-2026,,,,Sales,7148,,Revenue,Income,0,,,,,,,,
16/04/2026,Vegetables,250,Cash,Tonatto,04-2026,Paid,Naseem,16/04/2026,Inventory,7149,,COGS - Veg,Expense,0,,,,,,,,
16/04/2026,Vegetables,50,Cash,tea,04-2026,Paid,Naseem,16/04/2026,Inventory,7150,,COGS - Veg,Expense,0,,,,,,,,
16/04/2026,Tea,30,Cash,kinnar,04-2026,Paid,Naseem,16/04/2026,Staff Expenses,7151,,OpEx - Labor,Expense,0,,,,,,,,
16/04/2026,Kinners,1475,Card,petpooja,04-2026,,,,Maintance,7152,,OpEx - Misc,Expense,0,,,,,,,,
17/04/2026,Chicken,6396,Bank,Golden food,04-2026,Unpaid,,,Inventory,7153,,COGS - NonVeg,Expense,0,,,,,,,,
17/04/2026,Charcoal,3150,Bank,Gyaneswari,04-2026,Unpaid,,,Inventory,7154,,COGS - Fuel,Expense,0,,,,,,,,
17/04/2026,Dairy,1465,Bank,ashok,04-2026,Unpaid,,,Inventory,7155,,COGS - Dairy,Expense,0,,,,,,,,
17/04/2026,Dairy,630,Cash,chap,04-2026,Paid,Naseem,17/04/2026,Inventory,7156,,COGS - Dairy,Expense,0,,,,,,,,
17/04/2026,Grocery,20,Cash,Bread,04-2026,Paid,Naseem,17/04/2026,Inventory,7157,,COGS - Grocery,Expense,0,,,,,,,,
17/04/2026,Gas,2093,Bank,Gass,04-2026,Paid,Naseem,17/04/2026,Fixed Maintance,7158,,OpEx - Utilities,Expense,0,,,,,,,,
17/04/2026,Sales,8829,Cash,petpooja,04-2026,,,,Sales,7159,,Revenue,Income,0,,,,,,,,
17/04/2026,Sales,28611,Wallet,petpooja,04-2026,,,,Sales,7160,,Revenue,Income,0,,,,,,,,
17/04/2026,Sales,290,UPI,petpooja,04-2026,,,,Sales,7161,,Revenue,Income,0,,,,,,,,
17/04/2026,Sales,4606,Online Sale,petpooja,04-2026,,,,Sales,7162,,Revenue,Income,0,,,,,,,,
17/04/2026,Vegetables,868,Bank,Bhaironath,04-2026,Unpaid,,,Inventory,7163,,COGS - Veg,Expense,0,,,,,,,,
17/04/2026,Cash Return to Cx,299,Cash,Return customer,04-2026,Paid,Naseem,17/04/2026,Excess Amount Return,7164,,Excess Amount Return,Expense,0,,,,,,,,
17/04/2026,Advance,2000,Bank,danish advabe,04-2026,Paid,Naseem,17/04/2026,Salary,7165,,OpEx - Labor,Expense,0,,,,,,,,
17/04/2026,Sales,1255,Card,petpooja,04-2026,,,17/04/2026,Sales,7166,,Revenue,Income,0,,,,,,,,
17/04/2026,Kinners,30,Cash,kinnar,04-2026,Paid,Naseem,17/04/2026,Maintance,7167,,OpEx - Misc,Expense,0,,,,,,,,
17/04/2026,Tea,50,Cash,tea,04-2026,Paid,Naseem,17/04/2026,Staff Expenses,7168,,OpEx - Labor,Expense,0,,,,,,,,
18/04/2026,Chicken,10753,Bank,Golden food,04-2026,Unpaid,,,Inventory,7169,,COGS - NonVeg,Expense,0,,,,,,,,
18/04/2026,Dairy,1843,Bank,ashok,04-2026,Unpaid,,,Inventory,7170,,COGS - Dairy,Expense,0,,,,,,,,
18/04/2026,Petrol,310,Cash,petrol,04-2026,Paid,Naseem,18/04/2026,Bike Maintance,7171,,OpEx - Maintenance,Expense,0,,,,,,,,
18/04/2026,Momos,240,Cash,momos,04-2026,Paid,Naseem,18/04/2026,Inventory,7172,,COGS - Inventory,Expense,0,,,,,,,,
18/04/2026,Sales,5180,Cash,petpooja,04-2026,,,,Sales,7173,,Revenue,Income,0,,,,,,,,
18/04/2026,Sales,27097,Wallet,petpooja,04-2026,,,,Sales,7174,,Revenue,Income,0,,,,,,,,
18/04/2026,Sales,4558,Online Sale,petpooja,04-2026,,,,Sales,7175,,Revenue,Income,0,,,,,,,,
18/04/2026,Sales,500,UPI,petpooja,04-2026,,,,Sales,7176,,Revenue,Income,0,,,,,,,,
18/04/2026,Beverages,1550,Bank,soft drink,04-2026,Paid,Naseem,18/04/2026,Grocery,7177,,COGS - Grocery,Expense,0,,,,,,,,
18/04/2026,Vegetables,709,Bank,Bhaironath,04-2026,Unpaid,,,Inventory,7178,,COGS - Veg,Expense,0,,,,,,,,
18/04/2026,Grocery,890,Bank,Balaji,04-2026,Unpaid,,,Inventory,7179,,COGS - Grocery,Expense,0,,,,,,,,
18/04/2026,Kinners,30,Cash,kinnar,04-2026,Paid,Naseem,18/04/2026,Maintance,7180,,OpEx - Misc,Expense,0,,,,,,,,
18/04/2026,Tea,50,Cash,tea,04-2026,Paid,Naseem,,Staff Expenses,7181,,OpEx - Labor,Expense,0,,,,,,,,
19/04/2026,Chicken,4489,Bank,Golden food,04-2026,Unpaid,,,Inventory,7182,,COGS - NonVeg,Expense,0,,,,,,,,
19/04/2026,Grocery,353,Bank,Balaji,04-2026,Unpaid,,,Inventory,7183,,COGS - Grocery,Expense,0,,,,,,,,
19/04/2026,Sales,5964,Cash,petpooja,04-2026,,,,Sales,7184,,Revenue,Income,0,,,,,,,,
19/04/2026,Sales,24253,Wallet,petpooja,04-2026,,,,Sales,7185,,Revenue,Income,0,,,,,,,,
19/04/2026,Sales,835,UPI,petpooja,04-2026,,,,Sales,7186,,Revenue,Income,0,,,,,,,,
19/04/2026,Sales,2209,Online Sale,petpooja,04-2026,,,,Sales,7187,,Revenue,Income,0,,,,,,,,
19/04/2026,Beverages,1000,Cash,water bottle,04-2026,Paid,Naseem,18/04/2026,Grocery,7188,,COGS - Grocery,Expense,0,,,,,,,,
19/04/2026,Egg,540,Cash,mulani,04-2026,Paid,Naseem,19/04/2026,Grocery,7189,,COGS - Grocery,Expense,0,,,,,,,,
19/04/2026,Vegetables,570,Bank,Bhaironath,04-2026,Unpaid,,,Inventory,7190,,COGS - Veg,Expense,0,,,,,,,,
19/04/2026,Maintenance,150,Cash,Bike mirror,04-2026,Paid,Naseem,19/04/2026,Maintance,7191,,OpEx - Maintenance,Expense,0,,,,,,,,
19/04/2026,Advance,600,Cash,Nasim advance,04-2026,Paid,Naseem,19/04/2026,Salary,7192,,OpEx - Labor,Expense,0,,,,,,,,
19/04/2026,Sales,340,Due,petpooja,04-2026,,,,Sales,7193,,Revenue,Income,0,,,,,,,,
20/04/2026,Chicken,2820,Bank,Golden food,04-2026,Unpaid,,,Inventory,7194,,COGS - NonVeg,Expense,0,,,,,,,,
20/04/2026,Charcoal,4200,Bank,Gyaneswari,04-2026,Unpaid,,,Inventory,7195,,COGS - Fuel,Expense,0,,,,,,,,
20/04/2026,Dairy,1363,Bank,ashok,04-2026,Unpaid,,,Inventory,7196,,COGS - Dairy,Expense,0,,,,,,,,
20/04/2026,Gas,2093,Bank,Gass,04-2026,Unpaid,,,Fixed Maintance,7197,,OpEx - Utilities,Expense,0,,,,,,,,
20/04/2026,Sales,2695,Cash,petpooja,04-2026,,,,Sales,7198,,Revenue,Income,0,,,,,,,,
20/04/2026,Sales,21220,Wallet,petpooja,04-2026,,,,Sales,7199,,Revenue,Income,0,,,,,,,,
20/04/2026,Sales,90,UPI,petpooja,04-2026,,,,Sales,7200,,Revenue,Income,0,,,,,,,,
20/04/2026,Sales,2427,Online Sale,petpooja,04-2026,,,,Sales,7201,,Revenue,Income,0,,,,,,,,
20/04/2026,Garbage Vehicle,700,Cash,chicken kachra,04-2026,Paid,Naseem,,Fixed Maintance,7202,,OpEx - Maintenance,Expense,0,,,,,,,,
20/04/2026,Grocery,1530,Bank,Balaji,04-2026,Unpaid,,20/04/2026,Inventory,7203,,COGS - Grocery,Expense,0,,,,,,,,
20/04/2026,Advance,3000,Bank,Rakesh ,04-2026,Paid,Bank,20/04/2026,Salary,7204,,OpEx - Labor,Expense,0,,,,,,,,
20/04/2026,Advance,1000,Bank,manohar,04-2026,Paid,Naseem,20/04/2026,Salary,7205,,OpEx - Labor,Expense,0,,,,,,,,
20/04/2026,Advance,5000,Bank,Dinesh advance,04-2026,Paid,Naseem,20/4/2026,Salary,7206,,OpEx - Labor,Expense,0,,,,,,,,
20/04/2026,Tea,50,Cash,tea,04-2026,Paid,Naseem,20/4/2026,Staff Expenses,7207,,OpEx - Labor,Expense,0,,,,,,,,
20/04/2026,Maintenance,20,Cash,Zerox,04-2026,Paid,Naseem,20/4/2026,Maintance,7208,,OpEx - Maintenance,Expense,0,,,,,,,,
20/04/2026,Sales,3890,Card,petpooja,04-2026,,,,Sales,7209,,Revenue,Income,0,,,,,,,,
21/04/2026,Chicken,5700,Bank,Golden food,04-2026,Unpaid,,,Inventory,7210,,COGS - NonVeg,Expense,0,,,,,,,,
21/04/2026,Petrol,310,Cash,petrol,04-2026,Paid,Naseem,21/4/2026,Bike Maintance,7211,,OpEx - Maintenance,Expense,0,,,,,,,,
21/04/2026,Vegetables,670,Cash,onion,04-2026,Paid,Naseem,21/4/2026,Inventory,7212,,COGS - Veg,Expense,0,,,,,,,,
21/04/2026,Dairy,210,Cash,paratha,04-2026,Paid,Naseem,,Inventory,7213,,COGS - Dairy,Expense,0,,,,,,,,
21/04/2026,Grocery,1500,Bank,Brista,04-2026,Paid,Naseem,21/4/2026,Inventory,7214,,COGS - Grocery,Expense,0,,,,,,,,
09/04/2026,Advance,5000,Bank,Noor advance,04-2026,Paid,,,Salary,7215,,OpEx - Labor,Expense,0,,,,,,,,
21/04/2026,Vegetables,250,Cash,Tonatto,04-2026,Paid,Naseem,21/4/2026,Inventory,7216,,COGS - Veg,Expense,0,,,,,,,,
21/04/2026,Dairy,330,Cash,soya chap,04-2026,Paid,Naseem,21/4/2026,Inventory,7217,,COGS - Dairy,Expense,0,,,,,,,,
21/04/2026,Sales,5140,Cash,petpooja,04-2026,,,,Sales,7218,,Revenue,Income,0,,,,,,,,
21/04/2026,Sales,26667,Wallet,petpooja,04-2026,,,,Sales,7219,,Revenue,Income,0,,,,,,,,
21/04/2026,Sales,60,UPI,petpooja,04-2026,,,,Sales,7220,,Revenue,Income,0,,,,,,,,
21/04/2026,Sales,2741,Online Sale,petpooja,04-2026,,,,Sales,7221,,Revenue,Income,0,,,,,,,,
21/04/2026,Vegetables,469,Bank,Bhaironath,04-2026,Unpaid,,,Inventory,7222,,COGS - Veg,Expense,0,,,,,,,,
21/04/2026,Kinners,20,Cash,KInnar,04-2026,Paid,Naseem,21/4/2026,Maintance,7223,,OpEx - Misc,Expense,0,,,,,,,,
21/04/2026,Tea,50,Cash,tea,04-2026,Paid,Naseem,,Staff Expenses,7224,,OpEx - Labor,Expense,0,,,,,,,,
21/04/2026,Sales,430,Due,petpooja,04-2026,,,,Sales,7225,,Revenue,Income,0,,,,,,,,
22/04/2026,Chicken,6974,Bank,Golden food,04-2026,Unpaid,,,Inventory,7226,,COGS - NonVeg,Expense,0,,,,,,,,
22/04/2026,Charcoal,3150,Bank,Gyaneswari,04-2026,Unpaid,,,Inventory,7227,,COGS - Fuel,Expense,0,,,,,,,,
22/04/2026,Sales,,Cash,petpooja,04-2026,,,,Sales,7228,,Revenue,Income,0,,,,,,,,
22/04/2026,Sales,,Wallet,petpooja,04-2026,,,,Sales,7229,,Revenue,Income,0,,,,,,,,
22/04/2026,Sales,,Online Sale,petpooja,04-2026,,,,Sales,7230,,Revenue,Income,0,,,,,,,,
22/04/2026,Sales,,UPI,petpooja,04-2026,,,,Sales,7231,,Revenue,Income,0,,,,,,,,
22/04/2026,Dairy,818,Bank,ashok,04-2026,Unpaid,,,Inventory,7232,,COGS - Dairy,Expense,0,,,,,,,,
22/04/2026,Maintenance,200,Cash,lock,04-2026,Paid,Naseem,22/4/2026,Maintance,7233,,OpEx - Maintenance,Expense,0,,,,,,,,
22/04/2026,,,,,04-2026,,,,#N/A,7234,,,,Select Dates,,,,,,,,
22/04/2026,,,,,04-2026,,,,#N/A,7235,,,,Select Dates,,,,,,,,
,,,,,12-1899,,,,#N/A,7236,,,,Select Dates,,,,,,,,
,,,,,12-1899,,,,#N/A,7237,,,,Select Dates,,,,,,,,
,,,,,12-1899,,,,#N/A,7238,,,,Select Dates,,,,,,,,
,,,,,12-1899,,,,#N/A,7239,,,,Select Dates,,,,,,,,
,,,,,12-1899,,,,#N/A,7240,,,,Select Dates,,,,,,,,
,,,,,12-1899,,,,#N/A,7241,,,,Select Dates,,,,,,,,
,,,,,12-1899,,,,#N/A,7242,,,,Select Dates,,,,,,,,
,,,,,12-1899,,,,#N/A,7243,,,,Select Dates,,,,,,,,
,,,,,12-1899,,,,#N/A,7244,,,,Select Dates,,,,,,,,
,,,,,12-1899,,,,#N/A,7245,,,,Select Dates,,,,,,,,
,,,,,12-1899,,,,#N/A,7246,,,,Select Dates,,,,,,,,
,,,,,12-1899,,,,#N/A,7247,,,,Select Dates,,,,,,,,
,,,,,12-1899,,,,#N/A,7248,,,,Select Dates,,,,,,,,
,,,,,12-1899,,,,#N/A,7249,,,,Select Dates,,,,,,,,
,,,,,12-1899,,,,#N/A,7250,,,,Select Dates,,,,,,,,
,,,,,12-1899,,,,#N/A,7251,,,,Select Dates,,,,,,,,
,,,,,12-1899,,,,#N/A,7252,,,,Select Dates,,,,,,,,
,,,,,12-1899,,,,#N/A,7253,,,,Select Dates,,,,,,,,
,,,,,12-1899,,,,#N/A,7254,,,,Select Dates,,,,,,,,
,,,,,12-1899,,,,#N/A,7255,,,,Select Dates,,,,,,,,
,,,,,12-1899,,,,#N/A,7256,,,,Select Dates,,,,,,,,
,,,,,12-1899,,,,#N/A,7257,,,,Select Dates,,,,,,,,
,,,,,12-1899,,,,#N/A,7258,,,,Select Dates,,,,,,,,
,,,,,12-1899,,,,#N/A,7259,,,,Select Dates,,,,,,,,
,,,,,12-1899,,,,#N/A,7260,,,,Select Dates,,,,,,,,
,,,,,12-1899,,,,#N/A,7261,,,,Select Dates,,,,,,,,
,,,,,12-1899,,,,#N/A,7262,,,,Select Dates,,,,,,,,
,,,,,12-1899,,,,#N/A,7263,,,,Select Dates,,,,,,,,
,,,,,12-1899,,,,#N/A,7264,,,,Select Dates,,,,,,,,
,,,,,12-1899,,,,#N/A,7265,,,,Select Dates,,,,,,,,
,,,,,12-1899,,,,#N/A,7266,,,,Select Dates,,,,,,,,
,,,,,12-1899,,,,#N/A,7267,,,,Select Dates,,,,,,,,
,,,,,12-1899,,,,#N/A,7268,,,,Select Dates,,,,,,,,
,,,,,12-1899,,,,#N/A,7269,,,,Select Dates,,,,,,,,
,,,,,12-1899,,,,#N/A,7270,,,,Select Dates,,,,,,,,
,,,,,12-1899,,,,#N/A,7271,,,,Select Dates,,,,,,,,
,,,,,12-1899,,,,#N/A,7272,,,,Select Dates,,,,,,,,
,,,,,12-1899,,,,#N/A,7273,,,,Select Dates,,,,,,,,
,,,,,12-1899,,,,#N/A,7274,,,,Select Dates,,,,,,,,
,,,,,12-1899,,,,#N/A,7275,,,,Select Dates,,,,,,,,
,,,,,12-1899,,,,#N/A,7276,,,,Select Dates,,,,,,,,
,,,,,12-1899,,,,#N/A,7277,,,,Select Dates,,,,,,,,
,,,,,12-1899,,,,#N/A,7278,,,,Select Dates,,,,,,,,
,,,,,12-1899,,,,#N/A,7279,,,,Select Dates,,,,,,,,
,,,,,12-1899,,,,#N/A,7280,,,,Select Dates,,,,,,,,
,,,,,12-1899,,,,#N/A,7281,,,,Select Dates,,,,,,,,
,,,,,12-1899,,,,#N/A,7282,,,,Select Dates,,,,,,,,
,,,,,12-1899,,,,#N/A,7283,,,,Select Dates,,,,,,,,
,,,,,12-1899,,,,#N/A,7284,,,,Select Dates,,,,,,,,
,,,,,12-1899,,,,#N/A,7285,,,,Select Dates,,,,,,,,
,,,,,12-1899,,,,#N/A,7286,,,,Select Dates,,,,,,,,
,,,,,12-1899,,,,#N/A,7287,,,,Select Dates,,,,,,,,
,,,,,12-1899,,,,#N/A,7288,,,,Select Dates,,,,,,,,
,,,,,12-1899,,,,#N/A,7289,,,,Select Dates,,,,,,,,
,,,,,12-1899,,,,#N/A,7290,,,,Select Dates,,,,,,,,
,,,,,12-1899,,,,#N/A,7291,,,,Select Dates,,,,,,,,
,,,,,12-1899,,,,#N/A,7292,,,,Select Dates,,,,,,,,
,,,,,12-1899,,,,#N/A,7293,,,,Select Dates,,,,,,,,
,,,,,12-1899,,,,#N/A,7294,,,,Select Dates,,,,,,,,
,,,,,12-1899,,,,#N/A,7295,,,,Select Dates,,,,,,,,
,,,,,12-1899,,,,#N/A,7296,,,,Select Dates,,,,,,,,
,,,,,12-1899,,,,#N/A,7297,,,,Select Dates,,,,,,,,
,,,,,12-1899,,,,#N/A,7298,,,,Select Dates,,,,,,,,
,,,,,12-1899,,,,#N/A,7299,,,,Select Dates,,,,,,,,
,,,,,12-1899,,,,#N/A,7300,,,,Select Dates,,,,,,,,
,,,,,12-1899,,,,#N/A,7301,,,,Select Dates,,,,,,,,
,,,,,12-1899,,,,#N/A,7302,,,,Select Dates,,,,,,,,
,,,,,12-1899,,,,#N/A,7303,,,,Select Dates,,,,,,,,
,,,,,12-1899,,,,#N/A,7304,,,,Select Dates,,,,,,,,
,,,,,12-1899,,,,#N/A,7305,,,,Select Dates,,,,,,,,
,,,,,12-1899,,,,#N/A,7306,,,,Select Dates,,,,,,,,
,,,,,12-1899,,,,#N/A,7307,,,,Select Dates,,,,,,,,
,,,,,12-1899,,,,#N/A,7308,,,,Select Dates,,,,,,,,
,,,,,12-1899,,,,#N/A,7309,,,,Select Dates,,,,,,,,
,,,,,12-1899,,,,#N/A,7310,,,,Select Dates,,,,,,,,
,,,,,12-1899,,,,#N/A,7311,,,,Select Dates,,,,,,,,
,,,,,12-1899,,,,#N/A,7312,,,,Select Dates,,,,,,,,
,,,,,12-1899,,,,#N/A,7313,,,,Select Dates,,,,,,,,
,,,,,12-1899,,,,#N/A,7314,,,,Select Dates,,,,,,,,
,,,,,12-1899,,,,#N/A,7315,,,,Select Dates,,,,,,,,
,,,,,12-1899,,,,#N/A,7316,,,,Select Dates,,,,,,,,
,,,,,12-1899,,,,#N/A,7317,,,,Select Dates,,,,,,,,
,,,,,12-1899,,,,#N/A,7318,,,,Select Dates,,,,,,,,
,,,,,12-1899,,,,#N/A,7319,,,,Select Dates,,,,,,,,
,,,,,12-1899,,,,#N/A,7320,,,,Select Dates,,,,,,,,
,,,,,12-1899,,,,#N/A,7321,,,,Select Dates,,,,,,,,
,,,,,12-1899,,,,#N/A,7322,,,,Select Dates,,,,,,,,
,,,,,12-1899,,,,#N/A,7323,,,,Select Dates,,,,,,,,
,,,,,12-1899,,,,#N/A,7324,,,,Select Dates,,,,,,,,
,,,,,12-1899,,,,#N/A,7325,,,,Select Dates,,,,,,,,
,,,,,12-1899,,,,#N/A,7326,,,,Select Dates,,,,,,,,
,,,,,12-1899,,,,#N/A,7327,,,,Select Dates,,,,,,,,
,,,,,12-1899,,,,#N/A,7328,,,,Select Dates,,,,,,,,
,,,,,12-1899,,,,#N/A,7329,,,,Select Dates,,,,,,,,
,,,,,12-1899,,,,#N/A,7330,,,,Select Dates,,,,,,,,
,,,,,12-1899,,,,#N/A,7331,,,,Select Dates,,,,,,,,
,,,,,12-1899,,,,#N/A,7332,,,,Select Dates,,,,,,,,
,,,,,12-1899,,,,#N/A,7333,,,,Select Dates,,,,,,,,
,,,,,12-1899,,,,#N/A,7334,,,,Select Dates,,,,,,,,
,,,,,12-1899,,,,#N/A,7335,,,,Select Dates,,,,,,,,
,,,,,12-1899,,,,#N/A,7336,,,,Select Dates,,,,,,,,
,,,,,12-1899,,,,#N/A,7337,,,,Select Dates,,,,,,,,
,,,,,12-1899,,,,#N/A,7338,,,,Select Dates,,,,,,,,
,,,,,12-1899,,,,#N/A,7339,,,,Select Dates,,,,,,,,
,,,,,12-1899,,,,#N/A,7340,,,,Select Dates,,,,,,,,
,,,,,12-1899,,,,#N/A,7341,,,,Select Dates,,,,,,,,
,,,,,12-1899,,,,#N/A,7342,,,,Select Dates,,,,,,,,
,,,,,12-1899,,,,#N/A,7343,,,,Select Dates,,,,,,,,
,,,,,12-1899,,,,#N/A,7344,,,,Select Dates,,,,,,,,
,,,,,12-1899,,,,#N/A,7345,,,,Select Dates,,,,,,,,
,,,,,12-1899,,,,#N/A,7346,,,,Select Dates,,,,,,,,
,,,,,12-1899,,,,#N/A,7347,,,,Select Dates,,,,,,,,
,,,,,12-1899,,,,#N/A,7348,,,,Select Dates,,,,,,,,
,,,,,12-1899,,,,#N/A,7349,,,,Select Dates,,,,,,,,
,,,,,12-1899,,,,#N/A,7350,,,,Select Dates,,,,,,,,
,,,,,12-1899,,,,#N/A,7351,,,,Select Dates,,,,,,,,
,,,,,12-1899,,,,#N/A,7352,,,,Select Dates,,,,,,,,
,,,,,12-1899,,,,#N/A,7353,,,,Select Dates,,,,,,,,
,,,,,12-1899,,,,#N/A,7354,,,,Select Dates,,,,,,,,
,,,,,12-1899,,,,#N/A,7355,,,,Select Dates,,,,,,,,
,,,,,12-1899,,,,#N/A,7356,,,,Select Dates,,,,,,,,
,,,,,12-1899,,,,#N/A,7357,,,,Select Dates,,,,,,,,
,,,,,12-1899,,,,#N/A,7358,,,,Select Dates,,,,,,,,
,,,,,12-1899,,,,#N/A,7359,,,,Select Dates,,,,,,,,
,,,,,12-1899,,,,#N/A,7360,,,,Select Dates,,,,,,,,
,,,,,12-1899,,,,#N/A,7361,,,,Select Dates,,,,,,,,
,,,,,12-1899,,,,#N/A,7362,,,,Select Dates,,,,,,,,
,,,,,12-1899,,,,#N/A,7363,,,,Select Dates,,,,,,,,
,,,,,12-1899,,,,#N/A,7364,,,,Select Dates,,,,,,,,
,,,,,12-1899,,,,#N/A,7365,,,,Select Dates,,,,,,,,
,,,,,12-1899,,,,#N/A,7366,,,,Select Dates,,,,,,,,
,,,,,12-1899,,,,#N/A,7367,,,,Select Dates,,,,,,,,
,,,,,12-1899,,,,#N/A,7368,,,,Select Dates,,,,,,,,
,,,,,12-1899,,,,#N/A,7369,,,,Select Dates,,,,,,,,
,,,,,12-1899,,,,#N/A,7370,,,,Select Dates,,,,,,,,
,,,,,12-1899,,,,#N/A,7371,,,,Select Dates,,,,,,,,
,,,,,12-1899,,,,#N/A,7372,,,,Select Dates,,,,,,,,
,,,,,12-1899,,,,#N/A,7373,,,,Select Dates,,,,,,,,
,,,,,12-1899,,,,#N/A,7374,,,,Select Dates,,,,,,,,
,,,,,12-1899,,,,#N/A,7375,,,,Select Dates,,,,,,,,
,,,,,12-1899,,,,#N/A,7376,,,,Select Dates,,,,,,,,
,,,,,12-1899,,,,#N/A,7377,,,,Select Dates,,,,,,,,
,,,,,12-1899,,,,#N/A,7378,,,,Select Dates,,,,,,,,
,,,,,12-1899,,,,#N/A,7379,,,,Select Dates,,,,,,,,
,,,,,12-1899,,,,#N/A,7380,,,,Select Dates,,,,,,,,
,,,,,12-1899,,,,#N/A,7381,,,,Select Dates,,,,,,,,
,,,,,12-1899,,,,#N/A,7382,,,,Select Dates,,,,,,,,
,,,,,12-1899,,,,#N/A,7383,,,,Select Dates,,,,,,,,
,,,,,12-1899,,,,#N/A,7384,,,,Select Dates,,,,,,,,
,,,,,12-1899,,,,#N/A,7385,,,,Select Dates,,,,,,,,
,,,,,12-1899,,,,#N/A,7386,,,,Select Dates,,,,,,,,
,,,,,12-1899,,,,#N/A,7387,,,,Select Dates,,,,,,,,
,,,,,12-1899,,,,#N/A,7388,,,,Select Dates,,,,,,,,
,,,,,12-1899,,,,#N/A,7389,,,,Select Dates,,,,,,,,
,,,,,12-1899,,,,#N/A,7390,,,,Select Dates,,,,,,,,
,,,,,12-1899,,,,#N/A,7391,,,,Select Dates,,,,,,,,
,,,,,12-1899,,,,#N/A,7392,,,,Select Dates,,,,,,,,
,,,,,12-1899,,,,#N/A,7393,,,,Select Dates,,,,,,,,
,,,,,12-1899,,,,#N/A,7394,,,,Select Dates,,,,,,,,
,,,,,12-1899,,,,#N/A,7395,,,,Select Dates,,,,,,,,
,,,,,12-1899,,,,#N/A,7396,,,,Select Dates,,,,,,,,
,,,,,12-1899,,,,#N/A,7397,,,,Select Dates,,,,,,,,
,,,,,12-1899,,,,#N/A,7398,,,,Select Dates,,,,,,,,
,,,,,12-1899,,,,#N/A,7399,,,,Select Dates,,,,,,,,
,,,,,12-1899,,,,#N/A,7400,,,,Select Dates,,,,,,,,
,,,,,12-1899,,,,#N/A,7401,,,,Select Dates,,,,,,,,
,,,,,12-1899,,,,#N/A,7402,,,,Select Dates,,,,,,,,
,,,,,12-1899,,,,#N/A,7403,,,,Select Dates,,,,,,,,
,,,,,12-1899,,,,#N/A,7404,,,,Select Dates,,,,,,,,
,,,,,12-1899,,,,#N/A,7405,,,,Select Dates,,,,,,,,
,,,,,12-1899,,,,#N/A,7406,,,,Select Dates,,,,,,,,
,,,,,12-1899,,,,#N/A,7407,,,,Select Dates,,,,,,,,
,,,,,12-1899,,,,#N/A,7408,,,,Select Dates,,,,,,,,
,,,,,12-1899,,,,#N/A,7409,,,,Select Dates,,,,,,,,
,,,,,12-1899,,,,#N/A,7410,,,,Select Dates,,,,,,,,
,,,,,12-1899,,,,#N/A,7411,,,,Select Dates,,,,,,,,
,,,,,12-1899,,,,#N/A,7412,,,,Select Dates,,,,,,,,
,,,,,12-1899,,,,#N/A,7413,,,,Select Dates,,,,,,,,
,,,,,12-1899,,,,#N/A,7414,,,,Select Dates,,,,,,,,
,,,,,12-1899,,,,#N/A,7415,,,,Select Dates,,,,,,,,
,,,,,12-1899,,,,#N/A,7416,,,,Select Dates,,,,,,,,
,,,,,12-1899,,,,#N/A,7417,,,,Select Dates,,,,,,,,
,,,,,12-1899,,,,#N/A,7418,,,,Select Dates,,,,,,,,
,,,,,12-1899,,,,#N/A,7419,,,,Select Dates,,,,,,,,
,,,,,12-1899,,,,#N/A,7420,,,,Select Dates,,,,,,,,
,,,,,12-1899,,,,#N/A,7421,,,,Select Dates,,,,,,,,
,,,,,12-1899,,,,#N/A,7422,,,,Select Dates,,,,,,,,
,,,,,12-1899,,,,#N/A,7423,,,,Select Dates,,,,,,,,
,,,,,12-1899,,,,#N/A,7424,,,,Select Dates,,,,,,,,
,,,,,12-1899,,,,#N/A,7425,,,,Select Dates,,,,,,,,
,,,,,12-1899,,,,#N/A,7426,,,,Select Dates,,,,,,,,
,,,,,12-1899,,,,#N/A,7427,,,,Select Dates,,,,,,,,
,,,,,12-1899,,,,#N/A,7428,,,,Select Dates,,,,,,,,
,,,,,12-1899,,,,#N/A,7429,,,,Select Dates,,,,,,,,
,,,,,12-1899,,,,#N/A,7430,,,,Select Dates,,,,,,,,
,,,,,12-1899,,,,#N/A,7431,,,,Select Dates,,,,,,,,
,,,,,12-1899,,,,#N/A,7432,,,,Select Dates,,,,,,,,
,,,,,12-1899,,,,#N/A,7433,,,,Select Dates,,,,,,,,
,,,,,12-1899,,,,#N/A,7434,,,,Select Dates,,,,,,,,
,,,,,12-1899,,,,#N/A,7435,,,,Select Dates,,,,,,,,
,,,,,12-1899,,,,#N/A,7436,,,,Select Dates,,,,,,,,
,,,,,12-1899,,,,#N/A,7437,,,,Select Dates,,,,,,,,
,,,,,12-1899,,,,#N/A,7438,,,,Select Dates,,,,,,,,
,,,,,12-1899,,,,#N/A,7439,,,,Select Dates,,,,,,,,
,,,,,12-1899,,,,#N/A,7440,,,,Select Dates,,,,,,,,
,,,,,12-1899,,,,#N/A,7441,,,,Select Dates,,,,,,,,
,,,,,12-1899,,,,#N/A,7442,,,,Select Dates,,,,,,,,
,,,,,12-1899,,,,#N/A,7443,,,,Select Dates,,,,,,,,
,,,,,12-1899,,,,#N/A,7444,,,,Select Dates,,,,,,,,
,,,,,12-1899,,,,#N/A,7445,,,,Select Dates,,,,,,,,
,,,,,12-1899,,,,#N/A,7446,,,,Select Dates,,,,,,,,
,,,,,12-1899,,,,#N/A,7447,,,,Select Dates,,,,,,,,
,,,,,12-1899,,,,#N/A,7448,,,,Select Dates,,,,,,,,
,,,,,12-1899,,,,#N/A,7449,,,,Select Dates,,,,,,,,
,,,,,12-1899,,,,#N/A,7450,,,,Select Dates,,,,,,,,
,,,,,12-1899,,,,#N/A,7451,,,,Select Dates,,,,,,,,
,,,,,12-1899,,,,#N/A,7452,,,,Select Dates,,,,,,,,
,,,,,12-1899,,,,#N/A,7453,,,,Select Dates,,,,,,,,
,,,,,12-1899,,,,#N/A,7454,,,,Select Dates,,,,,,,,
,,,,,12-1899,,,,#N/A,7455,,,,Select Dates,,,,,,,,
,,,,,12-1899,,,,#N/A,7456,,,,Select Dates,,,,,,,,
,,,,,12-1899,,,,#N/A,7457,,,,Select Dates,,,,,,,,
,,,,,12-1899,,,,#N/A,7458,,,,Select Dates,,,,,,,,
,,,,,12-1899,,,,#N/A,7459,,,,Select Dates,,,,,,,,
,,,,,12-1899,,,,#N/A,7460,,,,Select Dates,,,,,,,,
,,,,,12-1899,,,,#N/A,7461,,,,Select Dates,,,,,,,,
,,,,,12-1899,,,,#N/A,7462,,,,Select Dates,,,,,,,,
,,,,,12-1899,,,,#N/A,7463,,,,Select Dates,,,,,,,,
,,,,,12-1899,,,,#N/A,7464,,,,Select Dates,,,,,,,,
,,,,,12-1899,,,,#N/A,7465,,,,Select Dates,,,,,,,,
,,,,,12-1899,,,,#N/A,7466,,,,Select Dates,,,,,,,,
,,,,,12-1899,,,,#N/A,7467,,,,Select Dates,,,,,,,,
,,,,,12-1899,,,,#N/A,7468,,,,Select Dates,,,,,,,,
,,,,,12-1899,,,,#N/A,7469,,,,Select Dates,,,,,,,,
,,,,,12-1899,,,,#N/A,7470,,,,Select Dates,,,,,,,,
,,,,,12-1899,,,,#N/A,7471,,,,Select Dates,,,,,,,,
,,,,,12-1899,,,,#N/A,7472,,,,Select Dates,,,,,,,,
,,,,,12-1899,,,,#N/A,7473,,,,Select Dates,,,,,,,,
,,,,,12-1899,,,,#N/A,7474,,,,Select Dates,,,,,,,,
,,,,,12-1899,,,,#N/A,7475,,,,Select Dates,,,,,,,,
,,,,,12-1899,,,,#N/A,7476,,,,Select Dates,,,,,,,,
,,,,,12-1899,,,,#N/A,7477,,,,Select Dates,,,,,,,,
,,,,,12-1899,,,,#N/A,7478,,,,Select Dates,,,,,,,,
,,,,,12-1899,,,,#N/A,7479,,,,Select Dates,,,,,,,,
,,,,,12-1899,,,,#N/A,7480,,,,Select Dates,,,,,,,,
,,,,,12-1899,,,,#N/A,7481,,,,Select Dates,,,,,,,,
,,,,,12-1899,,,,#N/A,7482,,,,Select Dates,,,,,,,,
,,,,,12-1899,,,,#N/A,7483,,,,Select Dates,,,,,,,,
,,,,,12-1899,,,,#N/A,7484,,,,Select Dates,,,,,,,,
,,,,,12-1899,,,,#N/A,7485,,,,Select Dates,,,,,,,,
,,,,,12-1899,,,,#N/A,7486,,,,Select Dates,,,,,,,,
,,,,,12-1899,,,,#N/A,7487,,,,Select Dates,,,,,,,,
,,,,,12-1899,,,,#N/A,7488,,,,Select Dates,,,,,,,,
,,,,,12-1899,,,,#N/A,7489,,,,Select Dates,,,,,,,,
,,,,,12-1899,,,,#N/A,7490,,,,Select Dates,,,,,,,,
,,,,,12-1899,,,,#N/A,7491,,,,Select Dates,,,,,,,,
,,,,,12-1899,,,,#N/A,7492,,,,Select Dates,,,,,,,,
,,,,,12-1899,,,,#N/A,7493,,,,Select Dates,,,,,,,,
,,,,,12-1899,,,,#N/A,7494,,,,Select Dates,,,,,,,,
,,,,,12-1899,,,,#N/A,7495,,,,Select Dates,,,,,,,,
,,,,,12-1899,,,,#N/A,7496,,,,Select Dates,,,,,,,,
,,,,,12-1899,,,,#N/A,7497,,,,Select Dates,,,,,,,,
,,,,,12-1899,,,,#N/A,7498,,,,Select Dates,,,,,,,,
,,,,,12-1899,,,,#N/A,7499,,,,Select Dates,,,,,,,,
,,,,,12-1899,,,,#N/A,7500,,,,Select Dates,,,,,,,,
,,,,,12-1899,,,,#N/A,7501,,,,Select Dates,,,,,,,,
,,,,,12-1899,,,,#N/A,7502,,,,Select Dates,,,,,,,,
,,,,,12-1899,,,,#N/A,7503,,,,Select Dates,,,,,,,,
,,,,,12-1899,,,,#N/A,7504,,,,Select Dates,,,,,,,,
,,,,,12-1899,,,,#N/A,7505,,,,Select Dates,,,,,,,,
,,,,,12-1899,,,,#N/A,7506,,,,Select Dates,,,,,,,,
,,,,,12-1899,,,,#N/A,7507,,,,Select Dates,,,,,,,,
,,,,,12-1899,,,,#N/A,7508,,,,Select Dates,,,,,,,,
,,,,,12-1899,,,,#N/A,7509,,,,Select Dates,,,,,,,,
,,,,,12-1899,,,,#N/A,7510,,,,Select Dates,,,,,,,,
,,,,,12-1899,,,,#N/A,7511,,,,Select Dates,,,,,,,,
,,,,,12-1899,,,,#N/A,7512,,,,Select Dates,,,,,,,,
,,,,,12-1899,,,,#N/A,7513,,,,Select Dates,,,,,,,,
,,,,,12-1899,,,,#N/A,7514,,,,Select Dates,,,,,,,,
,,,,,12-1899,,,,#N/A,7515,,,,Select Dates,,,,,,,,
,,,,,12-1899,,,,#N/A,7516,,,,Select Dates,,,,,,,,
,,,,,12-1899,,,,#N/A,7517,,,,Select Dates,,,,,,,,
,,,,,12-1899,,,,#N/A,7518,,,,Select Dates,,,,,,,,
,,,,,12-1899,,,,#N/A,7519,,,,Select Dates,,,,,,,,
,,,,,12-1899,,,,#N/A,7520,,,,Select Dates,,,,,,,,
,,,,,12-1899,,,,#N/A,7521,,,,Select Dates,,,,,,,,
,,,,,12-1899,,,,#N/A,7522,,,,Select Dates,,,,,,,,
,,,,,12-1899,,,,#N/A,7523,,,,Select Dates,,,,,,,,
,,,,,12-1899,,,,#N/A,7524,,,,Select Dates,,,,,,,,
,,,,,12-1899,,,,#N/A,7525,,,,Select Dates,,,,,,,,
,,,,,12-1899,,,,#N/A,7526,,,,Select Dates,,,,,,,,
,,,,,12-1899,,,,#N/A,7527,,,,Select Dates,,,,,,,,
,,,,,12-1899,,,,#N/A,7528,,,,Select Dates,,,,,,,,
,,,,,12-1899,,,,#N/A,7529,,,,Select Dates,,,,,,,,
,,,,,12-1899,,,,#N/A,7530,,,,Select Dates,,,,,,,,
,,,,,12-1899,,,,#N/A,7531,,,,Select Dates,,,,,,,,
,,,,,12-1899,,,,#N/A,7532,,,,Select Dates,,,,,,,,
,,,,,12-1899,,,,#N/A,7533,,,,Select Dates,,,,,,,,
,,,,,12-1899,,,,#N/A,7534,,,,Select Dates,,,,,,,,
,,,,,12-1899,,,,#N/A,7535,,,,Select Dates,,,,,,,,
,,,,,12-1899,,,,#N/A,7536,,,,Select Dates,,,,,,,,
,,,,,12-1899,,,,#N/A,7537,,,,Select Dates,,,,,,,,
,,,,,12-1899,,,,#N/A,7538,,,,Select Dates,,,,,,,,
,,,,,12-1899,,,,#N/A,7539,,,,Select Dates,,,,,,,,
,,,,,12-1899,,,,#N/A,7540,,,,Select Dates,,,,,,,,
,,,,,12-1899,,,,#N/A,7541,,,,Select Dates,,,,,,,,
,,,,,12-1899,,,,#N/A,7542,,,,Select Dates,,,,,,,,
,,,,,12-1899,,,,#N/A,7543,,,,Select Dates,,,,,,,,
,,,,,12-1899,,,,#N/A,7544,,,,Select Dates,,,,,,,,
,,,,,12-1899,,,,#N/A,7545,,,,Select Dates,,,,,,,,
,,,,,12-1899,,,,#N/A,7546,,,,Select Dates,,,,,,,,
,,,,,12-1899,,,,#N/A,7547,,,,Select Dates,,,,,,,,
,,,,,12-1899,,,,#N/A,7548,,,,Select Dates,,,,,,,,
,,,,,12-1899,,,,#N/A,7549,,,,Select Dates,,,,,,,,
,,,,,12-1899,,,,#N/A,7550,,,,Select Dates,,,,,,,,
,,,,,12-1899,,,,#N/A,7551,,,,Select Dates,,,,,,,,
,,,,,12-1899,,,,#N/A,7552,,,,Select Dates,,,,,,,,
,,,,,12-1899,,,,#N/A,7553,,,,Select Dates,,,,,,,,
,,,,,12-1899,,,,#N/A,7554,,,,Select Dates,,,,,,,,
,,,,,12-1899,,,,#N/A,7555,,,,Select Dates,,,,,,,,
,,,,,12-1899,,,,#N/A,7556,,,,Select Dates,,,,,,,,
,,,,,12-1899,,,,#N/A,7557,,,,Select Dates,,,,,,,,
,,,,,12-1899,,,,#N/A,7558,,,,Select Dates,,,,,,,,
,,,,,12-1899,,,,#N/A,7559,,,,Select Dates,,,,,,,,
,,,,,12-1899,,,,#N/A,7560,,,,Select Dates,,,,,,,,
,,,,,12-1899,,,,#N/A,7561,,,,Select Dates,,,,,,,,
,,,,,12-1899,,,,#N/A,7562,,,,Select Dates,,,,,,,,
,,,,,12-1899,,,,#N/A,7563,,,,Select Dates,,,,,,,,
,,,,,12-1899,,,,#N/A,7564,,,,Select Dates,,,,,,,,
,,,,,12-1899,,,,#N/A,7565,,,,Select Dates,,,,,,,,
,,,,,12-1899,,,,#N/A,7566,,,,Select Dates,,,,,,,,
,,,,,12-1899,,,,#N/A,7567,,,,Select Dates,,,,,,,,
,,,,,12-1899,,,,#N/A,7568,,,,Select Dates,,,,,,,,
,,,,,12-1899,,,,#N/A,7569,,,,Select Dates,,,,,,,,
,,,,,12-1899,,,,#N/A,7570,,,,Select Dates,,,,,,,,
,,,,,12-1899,,,,#N/A,7571,,,,Select Dates,,,,,,,,
,,,,,12-1899,,,,#N/A,7572,,,,Select Dates,,,,,,,,
,,,,,12-1899,,,,#N/A,7573,,,,Select Dates,,,,,,,,
,,,,,12-1899,,,,#N/A,7574,,,,Select Dates,,,,,,,,
,,,,,12-1899,,,,#N/A,7575,,,,Select Dates,,,,,,,,
,,,,,12-1899,,,,#N/A,7576,,,,Select Dates,,,,,,,,
,,,,,12-1899,,,,#N/A,7577,,,,Select Dates,,,,,,,,
,,,,,12-1899,,,,#N/A,7578,,,,Select Dates,,,,,,,,
,,,,,12-1899,,,,#N/A,7579,,,,Select Dates,,,,,,,,
,,,,,12-1899,,,,#N/A,7580,,,,Select Dates,,,,,,,,
,,,,,12-1899,,,,#N/A,7581,,,,Select Dates,,,,,,,,
,,,,,12-1899,,,,#N/A,7582,,,,Select Dates,,,,,,,,
,,,,,12-1899,,,,#N/A,7583,,,,Select Dates,,,,,,,,
,,,,,12-1899,,,,#N/A,7584,,,,Select Dates,,,,,,,,
,,,,,12-1899,,,,#N/A,7585,,,,Select Dates,,,,,,,,
,,,,,12-1899,,,,#N/A,7586,,,,Select Dates,,,,,,,,
,,,,,12-1899,,,,#N/A,7587,,,,Select Dates,,,,,,,,
,,,,,12-1899,,,,#N/A,7588,,,,Select Dates,,,,,,,,
,,,,,12-1899,,,,#N/A,7589,,,,Select Dates,,,,,,,,
,,,,,12-1899,,,,#N/A,7590,,,,Select Dates,,,,,,,,
,,,,,12-1899,,,,#N/A,7591,,,,Select Dates,,,,,,,,
,,,,,12-1899,,,,#N/A,7592,,,,Select Dates,,,,,,,,
,,,,,12-1899,,,,#N/A,7593,,,,Select Dates,,,,,,,,
,,,,,12-1899,,,,#N/A,7594,,,,Select Dates,,,,,,,,
,,,,,12-1899,,,,#N/A,7595,,,,Select Dates,,,,,,,,
,,,,,12-1899,,,,#N/A,7596,,,,Select Dates,,,,,,,,
,,,,,12-1899,,,,#N/A,7597,,,,Select Dates,,,,,,,,
,,,,,12-1899,,,,#N/A,7598,,,,Select Dates,,,,,,,,
,,,,,12-1899,,,,#N/A,7599,,,,Select Dates,,,,,,,,
,,,,,12-1899,,,,#N/A,7600,,,,Select Dates,,,,,,,,
,,,,,12-1899,,,,#N/A,7601,,,,Select Dates,,,,,,,,
,,,,,12-1899,,,,#N/A,7602,,,,Select Dates,,,,,,,,
,,,,,12-1899,,,,#N/A,7603,,,,Select Dates,,,,,,,,
,,,,,12-1899,,,,#N/A,7604,,,,Select Dates,,,,,,,,
,,,,,12-1899,,,,#N/A,7605,,,,Select Dates,,,,,,,,
,,,,,12-1899,,,,#N/A,7606,,,,Select Dates,,,,,,,,
,,,,,12-1899,,,,#N/A,7607,,,,Select Dates,,,,,,,,
,,,,,12-1899,,,,#N/A,7608,,,,Select Dates,,,,,,,,
,,,,,12-1899,,,,#N/A,7609,,,,Select Dates,,,,,,,,
,,,,,12-1899,,,,#N/A,7610,,,,Select Dates,,,,,,,,
,,,,,12-1899,,,,#N/A,7611,,,,Select Dates,,,,,,,,
,,,,,12-1899,,,,#N/A,7612,,,,Select Dates,,,,,,,,
,,,,,12-1899,,,,#N/A,7613,,,,Select Dates,,,,,,,,
,,,,,12-1899,,,,#N/A,7614,,,,Select Dates,,,,,,,,
,,,,,12-1899,,,,#N/A,7615,,,,Select Dates,,,,,,,,
,,,,,12-1899,,,,#N/A,7616,,,,Select Dates,,,,,,,,
,,,,,12-1899,,,,#N/A,7617,,,,Select Dates,,,,,,,,
,,,,,12-1899,,,,#N/A,7618,,,,Select Dates,,,,,,,,
,,,,,12-1899,,,,#N/A,7619,,,,Select Dates,,,,,,,,
,,,,,12-1899,,,,#N/A,7620,,,,Select Dates,,,,,,,,
,,,,,12-1899,,,,#N/A,7621,,,,Select Dates,,,,,,,,
,,,,,12-1899,,,,#N/A,7622,,,,Select Dates,,,,,,,,
,,,,,12-1899,,,,#N/A,7623,,,,Select Dates,,,,,,,,
,,,,,12-1899,,,,#N/A,7624,,,,Select Dates,,,,,,,,
,,,,,12-1899,,,,#N/A,7625,,,,Select Dates,,,,,,,,
,,,,,12-1899,,,,#N/A,7626,,,,Select Dates,,,,,,,,
,,,,,12-1899,,,,#N/A,7627,,,,Select Dates,,,,,,,,
,,,,,12-1899,,,,#N/A,7628,,,,Select Dates,,,,,,,,
,,,,,12-1899,,,,#N/A,7629,,,,Select Dates,,,,,,,,
,,,,,12-1899,,,,#N/A,7630,,,,Select Dates,,,,,,,,
,,,,,12-1899,,,,#N/A,7631,,,,Select Dates,,,,,,,,
,,,,,12-1899,,,,#N/A,7632,,,,Select Dates,,,,,,,,
,,,,,12-1899,,,,#N/A,7633,,,,Select Dates,,,,,,,,
,,,,,12-1899,,,,#N/A,7634,,,,Select Dates,,,,,,,,
,,,,,12-1899,,,,#N/A,7635,,,,Select Dates,,,,,,,,
,,,,,12-1899,,,,#N/A,7636,,,,Select Dates,,,,,,,,
,,,,,12-1899,,,,#N/A,7637,,,,Select Dates,,,,,,,,
,,,,,12-1899,,,,#N/A,7638,,,,Select Dates,,,,,,,,
,,,,,12-1899,,,,#N/A,7639,,,,Select Dates,,,,,,,,
,,,,,12-1899,,,,#N/A,7640,,,,Select Dates,,,,,,,,
,,,,,12-1899,,,,#N/A,7641,,,,Select Dates,,,,,,,,
,,,,,12-1899,,,,#N/A,7642,,,,Select Dates,,,,,,,,
,,,,,12-1899,,,,#N/A,7643,,,,Select Dates,,,,,,,,
,,,,,12-1899,,,,#N/A,7644,,,,Select Dates,,,,,,,,
,,,,,12-1899,,,,#N/A,7645,,,,Select Dates,,,,,,,,
,,,,,12-1899,,,,#N/A,7646,,,,Select Dates,,,,,,,,
,,,,,12-1899,,,,#N/A,7647,,,,Select Dates,,,,,,,,
,,,,,12-1899,,,,#N/A,7648,,,,Select Dates,,,,,,,,
,,,,,12-1899,,,,#N/A,7649,,,,Select Dates,,,,,,,,
,,,,,12-1899,,,,#N/A,7650,,,,Select Dates,,,,,,,,
,,,,,12-1899,,,,#N/A,7651,,,,Select Dates,,,,,,,,
,,,,,12-1899,,,,#N/A,7652,,,,Select Dates,,,,,,,,
,,,,,12-1899,,,,#N/A,7653,,,,Select Dates,,,,,,,,
,,,,,12-1899,,,,#N/A,7654,,,,Select Dates,,,,,,,,
,,,,,12-1899,,,,#N/A,7655,,,,Select Dates,,,,,,,,
,,,,,12-1899,,,,#N/A,7656,,,,Select Dates,,,,,,,,
,,,,,12-1899,,,,#N/A,7657,,,,Select Dates,,,,,,,,
,,,,,12-1899,,,,#N/A,7658,,,,Select Dates,,,,,,,,
,,,,,12-1899,,,,#N/A,7659,,,,Select Dates,,,,,,,,
,,,,,12-1899,,,,#N/A,7660,,,,Select Dates,,,,,,,,
,,,,,12-1899,,,,#N/A,7661,,,,Select Dates,,,,,,,,
,,,,,12-1899,,,,#N/A,7662,,,,Select Dates,,,,,,,,
,,,,,12-1899,,,,#N/A,7663,,,,Select Dates,,,,,,,,
,,,,,12-1899,,,,#N/A,7664,,,,Select Dates,,,,,,,,
,,,,,12-1899,,,,#N/A,7665,,,,Select Dates,,,,,,,,
,,,,,12-1899,,,,#N/A,7666,,,,Select Dates,,,,,,,,
,,,,,12-1899,,,,#N/A,7667,,,,Select Dates,,,,,,,,
,,,,,12-1899,,,,#N/A,7668,,,,Select Dates,,,,,,,,
,,,,,12-1899,,,,#N/A,7669,,,,Select Dates,,,,,,,,
,,,,,12-1899,,,,#N/A,7670,,,,Select Dates,,,,,,,,
,,,,,12-1899,,,,#N/A,7671,,,,Select Dates,,,,,,,,
,,,,,12-1899,,,,#N/A,7672,,,,Select Dates,,,,,,,,
,,,,,12-1899,,,,#N/A,7673,,,,Select Dates,,,,,,,,
,,,,,12-1899,,,,#N/A,7674,,,,Select Dates,,,,,,,,
,,,,,12-1899,,,,#N/A,7675,,,,Select Dates,,,,,,,,
,,,,,12-1899,,,,#N/A,7676,,,,Select Dates,,,,,,,,
,,,,,12-1899,,,,#N/A,7677,,,,Select Dates,,,,,,,,
,,,,,12-1899,,,,#N/A,7678,,,,Select Dates,,,,,,,,
,,,,,12-1899,,,,#N/A,7679,,,,Select Dates,,,,,,,,
,,,,,12-1899,,,,#N/A,7680,,,,Select Dates,,,,,,,,
,,,,,12-1899,,,,#N/A,7681,,,,Select Dates,,,,,,,,
,,,,,12-1899,,,,#N/A,7682,,,,Select Dates,,,,,,,,
,,,,,12-1899,,,,#N/A,7683,,,,Select Dates,,,,,,,,
,,,,,12-1899,,,,#N/A,7684,,,,Select Dates,,,,,,,,
,,,,,12-1899,,,,#N/A,7685,,,,Select Dates,,,,,,,,
,,,,,12-1899,,,,#N/A,7686,,,,Select Dates,,,,,,,,
,,,,,12-1899,,,,#N/A,7687,,,,Select Dates,,,,,,,,
,,,,,12-1899,,,,#N/A,7688,,,,Select Dates,,,,,,,,
,,,,,12-1899,,,,#N/A,7689,,,,Select Dates,,,,,,,,
,,,,,12-1899,,,,#N/A,7690,,,,Select Dates,,,,,,,,
,,,,,12-1899,,,,#N/A,7691,,,,Select Dates,,,,,,,,
,,,,,12-1899,,,,#N/A,7692,,,,Select Dates,,,,,,,,
,,,,,12-1899,,,,#N/A,7693,,,,Select Dates,,,,,,,,
,,,,,12-1899,,,,#N/A,7694,,,,Select Dates,,,,,,,,
,,,,,12-1899,,,,#N/A,7695,,,,Select Dates,,,,,,,,
,,,,,12-1899,,,,#N/A,7696,,,,Select Dates,,,,,,,,
,,,,,12-1899,,,,#N/A,7697,,,,Select Dates,,,,,,,,
,,,,,12-1899,,,,#N/A,7698,,,,Select Dates,,,,,,,,
,,,,,12-1899,,,,#N/A,7699,,,,Select Dates,,,,,,,,
,,,,,12-1899,,,,#N/A,7700,,,,Select Dates,,,,,,,,
,,,,,12-1899,,,,#N/A,7701,,,,Select Dates,,,,,,,,
,,,,,12-1899,,,,#N/A,7702,,,,Select Dates,,,,,,,,
,,,,,12-1899,,,,#N/A,7703,,,,Select Dates,,,,,,,,
,,,,,12-1899,,,,#N/A,7704,,,,Select Dates,,,,,,,,
,,,,,12-1899,,,,#N/A,7705,,,,Select Dates,,,,,,,,
,,,,,12-1899,,,,#N/A,7706,,,,Select Dates,,,,,,,,
,,,,,12-1899,,,,#N/A,7707,,,,Select Dates,,,,,,,,
,,,,,12-1899,,,,#N/A,7708,,,,Select Dates,,,,,,,,
,,,,,12-1899,,,,#N/A,7709,,,,Select Dates,,,,,,,,
,,,,,12-1899,,,,#N/A,7710,,,,Select Dates,,,,,,,,
,,,,,12-1899,,,,#N/A,7711,,,,Select Dates,,,,,,,,
,,,,,12-1899,,,,#N/A,7712,,,,Select Dates,,,,,,,,
,,,,,12-1899,,,,#N/A,7713,,,,Select Dates,,,,,,,,
,,,,,12-1899,,,,#N/A,7714,,,,Select Dates,,,,,,,,
,,,,,12-1899,,,,#N/A,7715,,,,Select Dates,,,,,,,,
,,,,,12-1899,,,,#N/A,7716,,,,Select Dates,,,,,,,,
,,,,,12-1899,,,,#N/A,7717,,,,Select Dates,,,,,,,,
,,,,,12-1899,,,,#N/A,7718,,,,Select Dates,,,,,,,,
,,,,,12-1899,,,,#N/A,7719,,,,Select Dates,,,,,,,,
,,,,,12-1899,,,,#N/A,7720,,,,Select Dates,,,,,,,,
,,,,,12-1899,,,,#N/A,7721,,,,Select Dates,,,,,,,,
,,,,,12-1899,,,,#N/A,7722,,,,Select Dates,,,,,,,,
,,,,,12-1899,,,,#N/A,7723,,,,Select Dates,,,,,,,,
,,,,,12-1899,,,,#N/A,7724,,,,Select Dates,,,,,,,,
,,,,,12-1899,,,,#N/A,7725,,,,Select Dates,,,,,,,,
,,,,,12-1899,,,,#N/A,7726,,,,Select Dates,,,,,,,,
,,,,,12-1899,,,,#N/A,7727,,,,Select Dates,,,,,,,,
,,,,,12-1899,,,,#N/A,7728,,,,Select Dates,,,,,,,,
,,,,,12-1899,,,,#N/A,7729,,,,Select Dates,,,,,,,,
,,,,,12-1899,,,,#N/A,7730,,,,Select Dates,,,,,,,,
,,,,,12-1899,,,,#N/A,7731,,,,Select Dates,,,,,,,,
,,,,,12-1899,,,,#N/A,7732,,,,Select Dates,,,,,,,,
,,,,,12-1899,,,,#N/A,7733,,,,Select Dates,,,,,,,,
,,,,,12-1899,,,,#N/A,7734,,,,Select Dates,,,,,,,,
,,,,,12-1899,,,,#N/A,7735,,,,Select Dates,,,,,,,,
,,,,,12-1899,,,,#N/A,7736,,,,Select Dates,,,,,,,,
,,,,,12-1899,,,,#N/A,7737,,,,Select Dates,,,,,,,,
,,,,,12-1899,,,,#N/A,7738,,,,Select Dates,,,,,,,,
,,,,,12-1899,,,,#N/A,7739,,,,Select Dates,,,,,,,,
,,,,,12-1899,,,,#N/A,7740,,,,Select Dates,,,,,,,,
,,,,,12-1899,,,,#N/A,7741,,,,Select Dates,,,,,,,,
,,,,,12-1899,,,,#N/A,7742,,,,Select Dates,,,,,,,,
,,,,,12-1899,,,,#N/A,7743,,,,Select Dates,,,,,,,,
,,,,,12-1899,,,,#N/A,7744,,,,Select Dates,,,,,,,,
,,,,,12-1899,,,,#N/A,7745,,,,Select Dates,,,,,,,,
,,,,,12-1899,,,,#N/A,7746,,,,Select Dates,,,,,,,,
,,,,,12-1899,,,,#N/A,7747,,,,Select Dates,,,,,,,,
,,,,,12-1899,,,,#N/A,7748,,,,Select Dates,,,,,,,,
,,,,,12-1899,,,,#N/A,7749,,,,Select Dates,,,,,,,,
,,,,,12-1899,,,,#N/A,7750,,,,Select Dates,,,,,,,,
,,,,,12-1899,,,,#N/A,7751,,,,Select Dates,,,,,,,,
,,,,,12-1899,,,,#N/A,7752,,,,Select Dates,,,,,,,,
,,,,,12-1899,,,,#N/A,7753,,,,Select Dates,,,,,,,,
,,,,,12-1899,,,,#N/A,7754,,,,Select Dates,,,,,,,,
,,,,,12-1899,,,,#N/A,7755,,,,Select Dates,,,,,,,,
,,,,,12-1899,,,,#N/A,7756,,,,Select Dates,,,,,,,,
,,,,,12-1899,,,,#N/A,7757,,,,Select Dates,,,,,,,,
,,,,,12-1899,,,,#N/A,7758,,,,Select Dates,,,,,,,,
,,,,,12-1899,,,,#N/A,7759,,,,Select Dates,,,,,,,,
,,,,,12-1899,,,,#N/A,7760,,,,Select Dates,,,,,,,,
,,,,,12-1899,,,,#N/A,7761,,,,Select Dates,,,,,,,,
,,,,,12-1899,,,,#N/A,7762,,,,Select Dates,,,,,,,,
,,,,,12-1899,,,,#N/A,7763,,,,Select Dates,,,,,,,,
,,,,,12-1899,,,,#N/A,7764,,,,Select Dates,,,,,,,,
,,,,,12-1899,,,,#N/A,7765,,,,Select Dates,,,,,,,,
,,,,,12-1899,,,,#N/A,7766,,,,Select Dates,,,,,,,,
,,,,,12-1899,,,,#N/A,7767,,,,Select Dates,,,,,,,,
,,,,,12-1899,,,,#N/A,7768,,,,Select Dates,,,,,,,,
,,,,,12-1899,,,,#N/A,7769,,,,Select Dates,,,,,,,,
,,,,,12-1899,,,,#N/A,7770,,,,Select Dates,,,,,,,,
,,,,,12-1899,,,,#N/A,7771,,,,Select Dates,,,,,,,,
,,,,,12-1899,,,,#N/A,7772,,,,Select Dates,,,,,,,,
,,,,,12-1899,,,,#N/A,7773,,,,Select Dates,,,,,,,,
,,,,,12-1899,,,,#N/A,7774,,,,Select Dates,,,,,,,,
,,,,,12-1899,,,,#N/A,7775,,,,Select Dates,,,,,,,,
,,,,,12-1899,,,,#N/A,7776,,,,Select Dates,,,,,,,,
,,,,,12-1899,,,,#N/A,7777,,,,Select Dates,,,,,,,,
,,,,,12-1899,,,,#N/A,7778,,,,Select Dates,,,,,,,,
,,,,,12-1899,,,,#N/A,7779,,,,Select Dates,,,,,,,,
,,,,,12-1899,,,,#N/A,7780,,,,Select Dates,,,,,,,,
,,,,,12-1899,,,,#N/A,7781,,,,Select Dates,,,,,,,,
,,,,,12-1899,,,,#N/A,7782,,,,Select Dates,,,,,,,,
,,,,,12-1899,,,,#N/A,7783,,,,Select Dates,,,,,,,,
,,,,,12-1899,,,,#N/A,7784,,,,Select Dates,,,,,,,,
,,,,,12-1899,,,,#N/A,7785,,,,Select Dates,,,,,,,,
,,,,,12-1899,,,,#N/A,7786,,,,Select Dates,,,,,,,,
,,,,,12-1899,,,,#N/A,7787,,,,Select Dates,,,,,,,,
,,,,,12-1899,,,,#N/A,7788,,,,Select Dates,,,,,,,,
,,,,,12-1899,,,,#N/A,7789,,,,Select Dates,,,,,,,,
,,,,,12-1899,,,,#N/A,7790,,,,Select Dates,,,,,,,,
,,,,,12-1899,,,,#N/A,7791,,,,Select Dates,,,,,,,,
,,,,,12-1899,,,,#N/A,7792,,,,Select Dates,,,,,,,,
,,,,,12-1899,,,,#N/A,7793,,,,Select Dates,,,,,,,,
,,,,,12-1899,,,,#N/A,7794,,,,Select Dates,,,,,,,,
,,,,,12-1899,,,,#N/A,7795,,,,Select Dates,,,,,,,,
,,,,,12-1899,,,,#N/A,7796,,,,Select Dates,,,,,,,,
,,,,,12-1899,,,,#N/A,7797,,,,Select Dates,,,,,,,,
,,,,,12-1899,,,,#N/A,7798,,,,Select Dates,,,,,,,,
,,,,,12-1899,,,,#N/A,7799,,,,Select Dates,,,,,,,,
,,,,,12-1899,,,,#N/A,7800,,,,Select Dates,,,,,,,,
,,,,,12-1899,,,,#N/A,7801,,,,Select Dates,,,,,,,,
,,,,,12-1899,,,,#N/A,7802,,,,Select Dates,,,,,,,,
,,,,,12-1899,,,,#N/A,7803,,,,Select Dates,,,,,,,,
,,,,,12-1899,,,,#N/A,7804,,,,Select Dates,,,,,,,,
,,,,,12-1899,,,,#N/A,7805,,,,Select Dates,,,,,,,,
,,,,,12-1899,,,,#N/A,7806,,,,Select Dates,,,,,,,,
,,,,,12-1899,,,,#N/A,7807,,,,Select Dates,,,,,,,,
,,,,,12-1899,,,,#N/A,7808,,,,Select Dates,,,,,,,,
,,,,,12-1899,,,,#N/A,7809,,,,Select Dates,,,,,,,,
,,,,,12-1899,,,,#N/A,7810,,,,Select Dates,,,,,,,,
,,,,,12-1899,,,,#N/A,7811,,,,Select Dates,,,,,,,,
,,,,,12-1899,,,,#N/A,7812,,,,Select Dates,,,,,,,,
,,,,,12-1899,,,,#N/A,7813,,,,Select Dates,,,,,,,,
,,,,,12-1899,,,,#N/A,7814,,,,Select Dates,,,,,,,,
,,,,,12-1899,,,,#N/A,7815,,,,Select Dates,,,,,,,,
,,,,,12-1899,,,,#N/A,7816,,,,Select Dates,,,,,,,,
,,,,,12-1899,,,,#N/A,7817,,,,Select Dates,,,,,,,,
,,,,,12-1899,,,,#N/A,7818,,,,Select Dates,,,,,,,,
,,,,,12-1899,,,,#N/A,7819,,,,Select Dates,,,,,,,,
,,,,,12-1899,,,,#N/A,7820,,,,Select Dates,,,,,,,,
,,,,,12-1899,,,,#N/A,7821,,,,Select Dates,,,,,,,,
,,,,,12-1899,,,,#N/A,7822,,,,Select Dates,,,,,,,,
,,,,,12-1899,,,,#N/A,7823,,,,Select Dates,,,,,,,,
,,,,,12-1899,,,,#N/A,7824,,,,Select Dates,,,,,,,,
,,,,,12-1899,,,,#N/A,7825,,,,Select Dates,,,,,,,,
,,,,,12-1899,,,,#N/A,7826,,,,Select Dates,,,,,,,,
,,,,,12-1899,,,,#N/A,7827,,,,Select Dates,,,,,,,,
,,,,,12-1899,,,,#N/A,7828,,,,Select Dates,,,,,,,,
,,,,,12-1899,,,,#N/A,7829,,,,Select Dates,,,,,,,,
,,,,,12-1899,,,,#N/A,7830,,,,Select Dates,,,,,,,,
,,,,,12-1899,,,,#N/A,7831,,,,Select Dates,,,,,,,,
,,,,,12-1899,,,,#N/A,7832,,,,Select Dates,,,,,,,,
,,,,,12-1899,,,,#N/A,7833,,,,Select Dates,,,,,,,,
,,,,,12-1899,,,,#N/A,7834,,,,Select Dates,,,,,,,,
,,,,,12-1899,,,,#N/A,7835,,,,Select Dates,,,,,,,,
,,,,,12-1899,,,,#N/A,7836,,,,Select Dates,,,,,,,,
,,,,,12-1899,,,,#N/A,7837,,,,Select Dates,,,,,,,,
,,,,,12-1899,,,,#N/A,7838,,,,Select Dates,,,,,,,,
,,,,,12-1899,,,,#N/A,7839,,,,Select Dates,,,,,,,,
,,,,,12-1899,,,,#N/A,7840,,,,Select Dates,,,,,,,,
,,,,,12-1899,,,,#N/A,7841,,,,Select Dates,,,,,,,,
,,,,,12-1899,,,,#N/A,7842,,,,Select Dates,,,,,,,,
,,,,,12-1899,,,,#N/A,7843,,,,Select Dates,,,,,,,,
,,,,,12-1899,,,,#N/A,7844,,,,Select Dates,,,,,,,,
,,,,,12-1899,,,,#N/A,7845,,,,Select Dates,,,,,,,,
,,,,,12-1899,,,,#N/A,7846,,,,Select Dates,,,,,,,,
,,,,,12-1899,,,,#N/A,7847,,,,Select Dates,,,,,,,,
,,,,,12-1899,,,,#N/A,7848,,,,Select Dates,,,,,,,,
,,,,,12-1899,,,,#N/A,7849,,,,Select Dates,,,,,,,,
,,,,,12-1899,,,,#N/A,7850,,,,Select Dates,,,,,,,,
,,,,,12-1899,,,,#N/A,7851,,,,Select Dates,,,,,,,,
,,,,,12-1899,,,,#N/A,7852,,,,Select Dates,,,,,,,,
,,,,,12-1899,,,,#N/A,7853,,,,Select Dates,,,,,,,,
,,,,,12-1899,,,,#N/A,7854,,,,Select Dates,,,,,,,,
,,,,,12-1899,,,,#N/A,7855,,,,Select Dates,,,,,,,,
,,,,,12-1899,,,,#N/A,7856,,,,Select Dates,,,,,,,,
,,,,,12-1899,,,,#N/A,7857,,,,Select Dates,,,,,,,,
,,,,,12-1899,,,,#N/A,7858,,,,Select Dates,,,,,,,,
,,,,,12-1899,,,,#N/A,7859,,,,Select Dates,,,,,,,,
,,,,,12-1899,,,,#N/A,7860,,,,Select Dates,,,,,,,,
,,,,,12-1899,,,,#N/A,7861,,,,Select Dates,,,,,,,,
,,,,,12-1899,,,,#N/A,7862,,,,Select Dates,,,,,,,,
,,,,,12-1899,,,,#N/A,7863,,,,Select Dates,,,,,,,,
,,,,,12-1899,,,,#N/A,7864,,,,Select Dates,,,,,,,,
,,,,,12-1899,,,,#N/A,7865,,,,Select Dates,,,,,,,,
,,,,,12-1899,,,,#N/A,7866,,,,Select Dates,,,,,,,,
,,,,,12-1899,,,,#N/A,7867,,,,Select Dates,,,,,,,,
,,,,,12-1899,,,,#N/A,7868,,,,Select Dates,,,,,,,,
,,,,,12-1899,,,,#N/A,7869,,,,Select Dates,,,,,,,,
,,,,,12-1899,,,,#N/A,7870,,,,Select Dates,,,,,,,,
,,,,,12-1899,,,,#N/A,7871,,,,Select Dates,,,,,,,,
,,,,,12-1899,,,,#N/A,7872,,,,Select Dates,,,,,,,,
,,,,,12-1899,,,,#N/A,7873,,,,Select Dates,,,,,,,,
,,,,,12-1899,,,,#N/A,7874,,,,Select Dates,,,,,,,,
,,,,,12-1899,,,,#N/A,7875,,,,Select Dates,,,,,,,,
,,,,,12-1899,,,,#N/A,7876,,,,Select Dates,,,,,,,,
,,,,,12-1899,,,,#N/A,7877,,,,Select Dates,,,,,,,,
,,,,,12-1899,,,,#N/A,7878,,,,Select Dates,,,,,,,,
,,,,,12-1899,,,,#N/A,7879,,,,Select Dates,,,,,,,,
,,,,,12-1899,,,,#N/A,7880,,,,Select Dates,,,,,,,,
,,,,,12-1899,,,,#N/A,7881,,,,Select Dates,,,,,,,,
,,,,,12-1899,,,,#N/A,7882,,,,Select Dates,,,,,,,,
,,,,,12-1899,,,,#N/A,7883,,,,Select Dates,,,,,,,,
,,,,,12-1899,,,,#N/A,7884,,,,Select Dates,,,,,,,,
,,,,,12-1899,,,,#N/A,7885,,,,Select Dates,,,,,,,,
,,,,,12-1899,,,,#N/A,7886,,,,Select Dates,,,,,,,,
,,,,,12-1899,,,,#N/A,7887,,,,Select Dates,,,,,,,,
,,,,,12-1899,,,,#N/A,7888,,,,Select Dates,,,,,,,,
,,,,,12-1899,,,,#N/A,7889,,,,Select Dates,,,,,,,,
,,,,,12-1899,,,,#N/A,7890,,,,Select Dates,,,,,,,,
,,,,,12-1899,,,,#N/A,7891,,,,Select Dates,,,,,,,,
,,,,,12-1899,,,,#N/A,7892,,,,Select Dates,,,,,,,,
,,,,,12-1899,,,,#N/A,7893,,,,Select Dates,,,,,,,,
,,,,,12-1899,,,,#N/A,7894,,,,Select Dates,,,,,,,,
,,,,,12-1899,,,,#N/A,7895,,,,Select Dates,,,,,,,,
,,,,,12-1899,,,,#N/A,7896,,,,Select Dates,,,,,,,,
,,,,,12-1899,,,,#N/A,7897,,,,Select Dates,,,,,,,,
,,,,,12-1899,,,,#N/A,7898,,,,Select Dates,,,,,,,,
,,,,,12-1899,,,,#N/A,7899,,,,Select Dates,,,,,,,,
,,,,,12-1899,,,,#N/A,7900,,,,Select Dates,,,,,,,,
,,,,,12-1899,,,,#N/A,7901,,,,Select Dates,,,,,,,,
,,,,,12-1899,,,,#N/A,7902,,,,Select Dates,,,,,,,,
,,,,,12-1899,,,,#N/A,7903,,,,Select Dates,,,,,,,,
,,,,,12-1899,,,,#N/A,7904,,,,Select Dates,,,,,,,,
,,,,,12-1899,,,,#N/A,7905,,,,Select Dates,,,,,,,,
,,,,,12-1899,,,,#N/A,7906,,,,Select Dates,,,,,,,,
,,,,,12-1899,,,,#N/A,7907,,,,Select Dates,,,,,,,,
,,,,,12-1899,,,,#N/A,7908,,,,Select Dates,,,,,,,,
,,,,,12-1899,,,,#N/A,7909,,,,Select Dates,,,,,,,,
,,,,,12-1899,,,,#N/A,7910,,,,Select Dates,,,,,,,,
,,,,,12-1899,,,,#N/A,7911,,,,Select Dates,,,,,,,,
,,,,,12-1899,,,,#N/A,7912,,,,Select Dates,,,,,,,,
,,,,,12-1899,,,,#N/A,7913,,,,Select Dates,,,,,,,,
,,,,,12-1899,,,,#N/A,7914,,,,Select Dates,,,,,,,,
,,,,,12-1899,,,,#N/A,7915,,,,Select Dates,,,,,,,,
,,,,,12-1899,,,,#N/A,7916,,,,Select Dates,,,,,,,,
,,,,,12-1899,,,,#N/A,7917,,,,Select Dates,,,,,,,,
,,,,,12-1899,,,,#N/A,7918,,,,Select Dates,,,,,,,,
,,,,,12-1899,,,,#N/A,7919,,,,Select Dates,,,,,,,,
,,,,,12-1899,,,,#N/A,7920,,,,Select Dates,,,,,,,,
,,,,,12-1899,,,,#N/A,7921,,,,Select Dates,,,,,,,,
,,,,,12-1899,,,,#N/A,7922,,,,Select Dates,,,,,,,,
,,,,,12-1899,,,,#N/A,7923,,,,Select Dates,,,,,,,,
,,,,,12-1899,,,,#N/A,7924,,,,Select Dates,,,,,,,,
,,,,,12-1899,,,,#N/A,7925,,,,Select Dates,,,,,,,,
,,,,,12-1899,,,,#N/A,7926,,,,Select Dates,,,,,,,,
,,,,,12-1899,,,,#N/A,7927,,,,Select Dates,,,,,,,,
,,,,,12-1899,,,,#N/A,7928,,,,Select Dates,,,,,,,,
,,,,,12-1899,,,,#N/A,7929,,,,Select Dates,,,,,,,,
,,,,,12-1899,,,,#N/A,7930,,,,Select Dates,,,,,,,,
,,,,,12-1899,,,,#N/A,7931,,,,Select Dates,,,,,,,,
,,,,,12-1899,,,,#N/A,7932,,,,Select Dates,,,,,,,,
,,,,,12-1899,,,,#N/A,7933,,,,Select Dates,,,,,,,,
,,,,,12-1899,,,,#N/A,7934,,,,Select Dates,,,,,,,,
,,,,,12-1899,,,,#N/A,7935,,,,Select Dates,,,,,,,,
,,,,,12-1899,,,,#N/A,7936,,,,Select Dates,,,,,,,,
,,,,,12-1899,,,,#N/A,7937,,,,Select Dates,,,,,,,,
,,,,,12-1899,,,,#N/A,7938,,,,Select Dates,,,,,,,,
,,,,,12-1899,,,,#N/A,7939,,,,Select Dates,,,,,,,,
,,,,,12-1899,,,,#N/A,7940,,,,Select Dates,,,,,,,,
,,,,,12-1899,,,,#N/A,7941,,,,Select Dates,,,,,,,,
,,,,,12-1899,,,,#N/A,7942,,,,Select Dates,,,,,,,,
,,,,,12-1899,,,,#N/A,7943,,,,Select Dates,,,,,,,,
,,,,,12-1899,,,,#N/A,7944,,,,Select Dates,,,,,,,,
,,,,,12-1899,,,,#N/A,7945,,,,Select Dates,,,,,,,,
,,,,,12-1899,,,,#N/A,7946,,,,Select Dates,,,,,,,,
,,,,,12-1899,,,,#N/A,7947,,,,Select Dates,,,,,,,,
,,,,,12-1899,,,,#N/A,7948,,,,Select Dates,,,,,,,,
,,,,,12-1899,,,,#N/A,7949,,,,Select Dates,,,,,,,,
,,,,,12-1899,,,,#N/A,7950,,,,Select Dates,,,,,,,,
,,,,,12-1899,,,,#N/A,7951,,,,Select Dates,,,,,,,,
,,,,,12-1899,,,,#N/A,7952,,,,Select Dates,,,,,,,,
,,,,,12-1899,,,,#N/A,7953,,,,Select Dates,,,,,,,,
,,,,,12-1899,,,,#N/A,7954,,,,Select Dates,,,,,,,,
,,,,,12-1899,,,,#N/A,7955,,,,Select Dates,,,,,,,,
,,,,,12-1899,,,,#N/A,7956,,,,Select Dates,,,,,,,,
,,,,,12-1899,,,,#N/A,7957,,,,Select Dates,,,,,,,,
,,,,,12-1899,,,,#N/A,7958,,,,Select Dates,,,,,,,,
,,,,,12-1899,,,,#N/A,7959,,,,Select Dates,,,,,,,,
,,,,,12-1899,,,,#N/A,7960,,,,Select Dates,,,,,,,,
,,,,,12-1899,,,,#N/A,7961,,,,Select Dates,,,,,,,,
,,,,,12-1899,,,,#N/A,7962,,,,Select Dates,,,,,,,,
,,,,,12-1899,,,,#N/A,7963,,,,Select Dates,,,,,,,,
,,,,,12-1899,,,,#N/A,7964,,,,Select Dates,,,,,,,,
,,,,,12-1899,,,,#N/A,7965,,,,Select Dates,,,,,,,,
,,,,,12-1899,,,,#N/A,7966,,,,Select Dates,,,,,,,,
,,,,,12-1899,,,,#N/A,7967,,,,Select Dates,,,,,,,,
,,,,,12-1899,,,,#N/A,7968,,,,Select Dates,,,,,,,,
,,,,,12-1899,,,,#N/A,7969,,,,Select Dates,,,,,,,,
,,,,,12-1899,,,,#N/A,7970,,,,Select Dates,,,,,,,,
,,,,,12-1899,,,,#N/A,7971,,,,Select Dates,,,,,,,,
,,,,,12-1899,,,,#N/A,7972,,,,Select Dates,,,,,,,,
,,,,,12-1899,,,,#N/A,7973,,,,Select Dates,,,,,,,,
,,,,,12-1899,,,,#N/A,7974,,,,Select Dates,,,,,,,,
,,,,,12-1899,,,,#N/A,7975,,,,Select Dates,,,,,,,,
,,,,,12-1899,,,,#N/A,7976,,,,Select Dates,,,,,,,,
,,,,,12-1899,,,,#N/A,7977,,,,Select Dates,,,,,,,,
,,,,,12-1899,,,,#N/A,7978,,,,Select Dates,,,,,,,,
,,,,,12-1899,,,,#N/A,7979,,,,Select Dates,,,,,,,,
,,,,,12-1899,,,,#N/A,7980,,,,Select Dates,,,,,,,,
,,,,,12-1899,,,,#N/A,7981,,,,Select Dates,,,,,,,,
,,,,,12-1899,,,,#N/A,7982,,,,Select Dates,,,,,,,,
,,,,,12-1899,,,,#N/A,7983,,,,Select Dates,,,,,,,,
,,,,,12-1899,,,,#N/A,7984,,,,Select Dates,,,,,,,,
,,,,,12-1899,,,,#N/A,7985,,,,Select Dates,,,,,,,,
,,,,,12-1899,,,,#N/A,7986,,,,Select Dates,,,,,,,,
,,,,,12-1899,,,,#N/A,7987,,,,Select Dates,,,,,,,,
,,,,,12-1899,,,,#N/A,7988,,,,Select Dates,,,,,,,,
,,,,,12-1899,,,,#N/A,7989,,,,Select Dates,,,,,,,,
,,,,,12-1899,,,,#N/A,7990,,,,Select Dates,,,,,,,,
,,,,,12-1899,,,,#N/A,7991,,,,Select Dates,,,,,,,,
,,,,,12-1899,,,,#N/A,7992,,,,Select Dates,,,,,,,,
,,,,,12-1899,,,,#N/A,7993,,,,Select Dates,,,,,,,,
,,,,,12-1899,,,,#N/A,7994,,,,Select Dates,,,,,,,,
,,,,,12-1899,,,,#N/A,7995,,,,Select Dates,,,,,,,,
,,,,,12-1899,,,,#N/A,7996,,,,Select Dates,,,,,,,,
,,,,,12-1899,,,,#N/A,7997,,,,Select Dates,,,,,,,,
,,,,,12-1899,,,,#N/A,7998,,,,Select Dates,,,,,,,,
,,,,,12-1899,,,,#N/A,7999,,,,Select Dates,,,,,,,,
,,,,,12-1899,,,,#N/A,8000,,,,Select Dates,,,,,,,,
,,,,,12-1899,,,,#N/A,8001,,,,Select Dates,,,,,,,,
,,,,,12-1899,,,,#N/A,8002,,,,Select Dates,,,,,,,,
,,,,,12-1899,,,,#N/A,8003,,,,Select Dates,,,,,,,,
,,,,,12-1899,,,,#N/A,8004,,,,Select Dates,,,,,,,,
,,,,,12-1899,,,,#N/A,8005,,,,Select Dates,,,,,,,,
,,,,,12-1899,,,,#N/A,8006,,,,Select Dates,,,,,,,,
,,,,,12-1899,,,,#N/A,8007,,,,Select Dates,,,,,,,,
,,,,,12-1899,,,,#N/A,8008,,,,Select Dates,,,,,,,,
,,,,,12-1899,,,,#N/A,8009,,,,Select Dates,,,,,,,,
,,,,,12-1899,,,,#N/A,8010,,,,Select Dates,,,,,,,,
,,,,,12-1899,,,,#N/A,8011,,,,Select Dates,,,,,,,,
,,,,,12-1899,,,,#N/A,8012,,,,Select Dates,,,,,,,,
,,,,,12-1899,,,,#N/A,8013,,,,Select Dates,,,,,,,,
,,,,,12-1899,,,,#N/A,8014,,,,Select Dates,,,,,,,,
,,,,,12-1899,,,,#N/A,8015,,,,Select Dates,,,,,,,,
,,,,,12-1899,,,,#N/A,8016,,,,Select Dates,,,,,,,,
,,,,,12-1899,,,,#N/A,8017,,,,Select Dates,,,,,,,,
,,,,,12-1899,,,,#N/A,8018,,,,Select Dates,,,,,,,,
,,,,,12-1899,,,,#N/A,8019,,,,Select Dates,,,,,,,,
,,,,,12-1899,,,,#N/A,8020,,,,Select Dates,,,,,,,,
,,,,,12-1899,,,,#N/A,8021,,,,Select Dates,,,,,,,,
,,,,,12-1899,,,,#N/A,8022,,,,Select Dates,,,,,,,,
,,,,,12-1899,,,,#N/A,8023,,,,Select Dates,,,,,,,,
,,,,,12-1899,,,,#N/A,8024,,,,Select Dates,,,,,,,,
,,,,,12-1899,,,,#N/A,8025,,,,Select Dates,,,,,,,,
,,,,,12-1899,,,,#N/A,8026,,,,Select Dates,,,,,,,,
,,,,,12-1899,,,,#N/A,8027,,,,Select Dates,,,,,,,,
,,,,,12-1899,,,,#N/A,8028,,,,Select Dates,,,,,,,,
,,,,,12-1899,,,,#N/A,8029,,,,Select Dates,,,,,,,,
,,,,,12-1899,,,,#N/A,8030,,,,Select Dates,,,,,,,,
,,,,,12-1899,,,,#N/A,8031,,,,Select Dates,,,,,,,,
,,,,,12-1899,,,,#N/A,8032,,,,Select Dates,,,,,,,,
,,,,,12-1899,,,,#N/A,8033,,,,Select Dates,,,,,,,,
,,,,,12-1899,,,,#N/A,8034,,,,Select Dates,,,,,,,,
,,,,,12-1899,,,,#N/A,8035,,,,Select Dates,,,,,,,,
,,,,,12-1899,,,,#N/A,8036,,,,Select Dates,,,,,,,,
,,,,,12-1899,,,,#N/A,8037,,,,Select Dates,,,,,,,,
,,,,,12-1899,,,,#N/A,8038,,,,Select Dates,,,,,,,,
,,,,,12-1899,,,,#N/A,8039,,,,Select Dates,,,,,,,,
,,,,,12-1899,,,,#N/A,8040,,,,Select Dates,,,,,,,,
,,,,,12-1899,,,,#N/A,8041,,,,Select Dates,,,,,,,,
,,,,,12-1899,,,,#N/A,8042,,,,Select Dates,,,,,,,,
,,,,,12-1899,,,,#N/A,8043,,,,Select Dates,,,,,,,,
,,,,,12-1899,,,,#N/A,8044,,,,Select Dates,,,,,,,,
,,,,,12-1899,,,,#N/A,8045,,,,Select Dates,,,,,,,,
,,,,,12-1899,,,,#N/A,8046,,,,Select Dates,,,,,,,,
,,,,,12-1899,,,,#N/A,8047,,,,Select Dates,,,,,,,,
,,,,,12-1899,,,,#N/A,8048,,,,Select Dates,,,,,,,,
,,,,,12-1899,,,,#N/A,8049,,,,Select Dates,,,,,,,,
,,,,,12-1899,,,,#N/A,8050,,,,Select Dates,,,,,,,,
,,,,,12-1899,,,,#N/A,8051,,,,Select Dates,,,,,,,,
,,,,,12-1899,,,,#N/A,8052,,,,Select Dates,,,,,,,,
,,,,,12-1899,,,,#N/A,8053,,,,Select Dates,,,,,,,,
,,,,,12-1899,,,,#N/A,8054,,,,Select Dates,,,,,,,,
,,,,,12-1899,,,,#N/A,8055,,,,Select Dates,,,,,,,,
,,,,,12-1899,,,,#N/A,8056,,,,Select Dates,,,,,,,,
,,,,,12-1899,,,,#N/A,8057,,,,Select Dates,,,,,,,,
,,,,,12-1899,,,,#N/A,8058,,,,Select Dates,,,,,,,,
,,,,,12-1899,,,,#N/A,8059,,,,Select Dates,,,,,,,,
,,,,,12-1899,,,,#N/A,8060,,,,Select Dates,,,,,,,,
,,,,,12-1899,,,,#N/A,8061,,,,Select Dates,,,,,,,,
,,,,,12-1899,,,,#N/A,8062,,,,Select Dates,,,,,,,,
,,,,,12-1899,,,,#N/A,8063,,,,Select Dates,,,,,,,,
,,,,,12-1899,,,,#N/A,8064,,,,Select Dates,,,,,,,,
,,,,,12-1899,,,,#N/A,8065,,,,Select Dates,,,,,,,,
,,,,,12-1899,,,,#N/A,8066,,,,Select Dates,,,,,,,,
,,,,,12-1899,,,,#N/A,8067,,,,Select Dates,,,,,,,,
,,,,,12-1899,,,,#N/A,8068,,,,Select Dates,,,,,,,,
,,,,,12-1899,,,,#N/A,8069,,,,Select Dates,,,,,,,,
,,,,,12-1899,,,,#N/A,8070,,,,Select Dates,,,,,,,,
,,,,,12-1899,,,,#N/A,8071,,,,Select Dates,,,,,,,,
,,,,,12-1899,,,,#N/A,8072,,,,Select Dates,,,,,,,,
,,,,,12-1899,,,,#N/A,8073,,,,Select Dates,,,,,,,,
,,,,,12-1899,,,,#N/A,8074,,,,Select Dates,,,,,,,,
,,,,,12-1899,,,,#N/A,8075,,,,Select Dates,,,,,,,,
,,,,,12-1899,,,,#N/A,8076,,,,Select Dates,,,,,,,,
,,,,,12-1899,,,,#N/A,8077,,,,Select Dates,,,,,,,,
,,,,,12-1899,,,,#N/A,8078,,,,Select Dates,,,,,,,,
,,,,,12-1899,,,,#N/A,8079,,,,Select Dates,,,,,,,,
,,,,,12-1899,,,,#N/A,8080,,,,Select Dates,,,,,,,,
,,,,,12-1899,,,,#N/A,8081,,,,Select Dates,,,,,,,,
,,,,,12-1899,,,,#N/A,8082,,,,Select Dates,,,,,,,,
,,,,,12-1899,,,,#N/A,8083,,,,Select Dates,,,,,,,,
,,,,,12-1899,,,,#N/A,8084,,,,Select Dates,,,,,,,,
,,,,,12-1899,,,,#N/A,8085,,,,Select Dates,,,,,,,,
,,,,,12-1899,,,,#N/A,8086,,,,Select Dates,,,,,,,,
,,,,,12-1899,,,,#N/A,8087,,,,Select Dates,,,,,,,,
,,,,,12-1899,,,,#N/A,8088,,,,Select Dates,,,,,,,,
,,,,,12-1899,,,,#N/A,8089,,,,Select Dates,,,,,,,,
,,,,,12-1899,,,,#N/A,8090,,,,Select Dates,,,,,,,,
,,,,,12-1899,,,,#N/A,8091,,,,Select Dates,,,,,,,,
,,,,,12-1899,,,,#N/A,8092,,,,Select Dates,,,,,,,,
,,,,,12-1899,,,,#N/A,8093,,,,Select Dates,,,,,,,,
,,,,,12-1899,,,,#N/A,8094,,,,Select Dates,,,,,,,,
,,,,,12-1899,,,,#N/A,8095,,,,Select Dates,,,,,,,,
,,,,,12-1899,,,,#N/A,8096,,,,Select Dates,,,,,,,,
,,,,,12-1899,,,,#N/A,8097,,,,Select Dates,,,,,,,,
,,,,,12-1899,,,,#N/A,8098,,,,Select Dates,,,,,,,,
,,,,,12-1899,,,,#N/A,8099,,,,Select Dates,,,,,,,,
,,,,,12-1899,,,,#N/A,8100,,,,Select Dates,,,,,,,,
,,,,,12-1899,,,,#N/A,8101,,,,Select Dates,,,,,,,,
,,,,,12-1899,,,,#N/A,8102,,,,Select Dates,,,,,,,,
,,,,,12-1899,,,,#N/A,8103,,,,Select Dates,,,,,,,,
,,,,,12-1899,,,,#N/A,8104,,,,Select Dates,,,,,,,,
,,,,,12-1899,,,,#N/A,8105,,,,Select Dates,,,,,,,,
,,,,,12-1899,,,,#N/A,8106,,,,Select Dates,,,,,,,,
,,,,,12-1899,,,,#N/A,8107,,,,Select Dates,,,,,,,,
,,,,,12-1899,,,,#N/A,8108,,,,Select Dates,,,,,,,,
,,,,,12-1899,,,,#N/A,8109,,,,Select Dates,,,,,,,,
,,,,,12-1899,,,,#N/A,8110,,,,Select Dates,,,,,,,,
,,,,,12-1899,,,,#N/A,8111,,,,Select Dates,,,,,,,,
,,,,,12-1899,,,,#N/A,8112,,,,Select Dates,,,,,,,,
,,,,,12-1899,,,,#N/A,8113,,,,Select Dates,,,,,,,,
,,,,,12-1899,,,,#N/A,8114,,,,Select Dates,,,,,,,,
,,,,,12-1899,,,,#N/A,8115,,,,Select Dates,,,,,,,,
,,,,,12-1899,,,,#N/A,8116,,,,Select Dates,,,,,,,,
,,,,,12-1899,,,,#N/A,8117,,,,Select Dates,,,,,,,,
,,,,,12-1899,,,,#N/A,8118,,,,Select Dates,,,,,,,,
,,,,,12-1899,,,,#N/A,8119,,,,Select Dates,,,,,,,,
,,,,,12-1899,,,,#N/A,8120,,,,Select Dates,,,,,,,,
,,,,,12-1899,,,,#N/A,8121,,,,Select Dates,,,,,,,,
,,,,,12-1899,,,,#N/A,8122,,,,Select Dates,,,,,,,,
,,,,,12-1899,,,,#N/A,8123,,,,Select Dates,,,,,,,,
,,,,,12-1899,,,,#N/A,8124,,,,Select Dates,,,,,,,,
,,,,,12-1899,,,,#N/A,8125,,,,Select Dates,,,,,,,,
,,,,,12-1899,,,,#N/A,8126,,,,Select Dates,,,,,,,,
,,,,,12-1899,,,,#N/A,8127,,,,Select Dates,,,,,,,,
,,,,,12-1899,,,,#N/A,8128,,,,Select Dates,,,,,,,,
,,,,,12-1899,,,,#N/A,8129,,,,Select Dates,,,,,,,,
,,,,,12-1899,,,,#N/A,8130,,,,Select Dates,,,,,,,,
,,,,,12-1899,,,,#N/A,8131,,,,Select Dates,,,,,,,,
,,,,,12-1899,,,,#N/A,8132,,,,Select Dates,,,,,,,,
,,,,,12-1899,,,,#N/A,8133,,,,Select Dates,,,,,,,,
,,,,,12-1899,,,,#N/A,8134,,,,Select Dates,,,,,,,,
,,,,,12-1899,,,,#N/A,8135,,,,Select Dates,,,,,,,,
,,,,,12-1899,,,,#N/A,8136,,,,Select Dates,,,,,,,,
,,,,,12-1899,,,,#N/A,8137,,,,Select Dates,,,,,,,,
,,,,,12-1899,,,,#N/A,8138,,,,Select Dates,,,,,,,,
,,,,,12-1899,,,,#N/A,8139,,,,Select Dates,,,,,,,,
,,,,,12-1899,,,,#N/A,8140,,,,Select Dates,,,,,,,,
,,,,,12-1899,,,,#N/A,8141,,,,Select Dates,,,,,,,,
,,,,,12-1899,,,,#N/A,8142,,,,Select Dates,,,,,,,,
,,,,,12-1899,,,,#N/A,8143,,,,Select Dates,,,,,,,,
,,,,,12-1899,,,,#N/A,8144,,,,Select Dates,,,,,,,,
,,,,,12-1899,,,,#N/A,8145,,,,Select Dates,,,,,,,,
,,,,,12-1899,,,,#N/A,8146,,,,Select Dates,,,,,,,,
,,,,,12-1899,,,,#N/A,8147,,,,Select Dates,,,,,,,,
,,,,,12-1899,,,,#N/A,8148,,,,Select Dates,,,,,,,,
,,,,,12-1899,,,,#N/A,8149,,,,Select Dates,,,,,,,,
,,,,,12-1899,,,,#N/A,8150,,,,Select Dates,,,,,,,,
,,,,,12-1899,,,,#N/A,8151,,,,Select Dates,,,,,,,,
,,,,,12-1899,,,,#N/A,8152,,,,Select Dates,,,,,,,,
,,,,,12-1899,,,,#N/A,8153,,,,Select Dates,,,,,,,,
,,,,,12-1899,,,,#N/A,8154,,,,Select Dates,,,,,,,,
,,,,,12-1899,,,,#N/A,8155,,,,Select Dates,,,,,,,,
,,,,,12-1899,,,,#N/A,8156,,,,Select Dates,,,,,,,,
,,,,,12-1899,,,,#N/A,8157,,,,Select Dates,,,,,,,,
,,,,,12-1899,,,,#N/A,8158,,,,Select Dates,,,,,,,,
,,,,,12-1899,,,,#N/A,8159,,,,Select Dates,,,,,,,,
,,,,,12-1899,,,,#N/A,8160,,,,Select Dates,,,,,,,,
,,,,,12-1899,,,,#N/A,8161,,,,Select Dates,,,,,,,,
,,,,,12-1899,,,,#N/A,8162,,,,Select Dates,,,,,,,,
,,,,,12-1899,,,,#N/A,8163,,,,Select Dates,,,,,,,,
,,,,,12-1899,,,,#N/A,8164,,,,Select Dates,,,,,,,,
,,,,,12-1899,,,,#N/A,8165,,,,Select Dates,,,,,,,,
,,,,,12-1899,,,,#N/A,8166,,,,Select Dates,,,,,,,,
,,,,,12-1899,,,,#N/A,8167,,,,Select Dates,,,,,,,,
,,,,,12-1899,,,,#N/A,8168,,,,Select Dates,,,,,,,,
,,,,,12-1899,,,,#N/A,8169,,,,Select Dates,,,,,,,,
,,,,,12-1899,,,,#N/A,8170,,,,Select Dates,,,,,,,,
,,,,,12-1899,,,,#N/A,8171,,,,Select Dates,,,,,,,,
,,,,,12-1899,,,,#N/A,8172,,,,Select Dates,,,,,,,,
,,,,,12-1899,,,,#N/A,8173,,,,Select Dates,,,,,,,,
,,,,,12-1899,,,,#N/A,8174,,,,Select Dates,,,,,,,,
,,,,,12-1899,,,,#N/A,8175,,,,Select Dates,,,,,,,,
,,,,,12-1899,,,,#N/A,8176,,,,Select Dates,,,,,,,,
,,,,,12-1899,,,,#N/A,8177,,,,Select Dates,,,,,,,,
,,,,,12-1899,,,,#N/A,8178,,,,Select Dates,,,,,,,,
,,,,,12-1899,,,,#N/A,8179,,,,Select Dates,,,,,,,,
,,,,,12-1899,,,,#N/A,8180,,,,Select Dates,,,,,,,,
,,,,,12-1899,,,,#N/A,8181,,,,Select Dates,,,,,,,,
,,,,,12-1899,,,,#N/A,8182,,,,Select Dates,,,,,,,,
,,,,,12-1899,,,,#N/A,8183,,,,Select Dates,,,,,,,,
,,,,,12-1899,,,,#N/A,8184,,,,Select Dates,,,,,,,,
,,,,,12-1899,,,,#N/A,8185,,,,Select Dates,,,,,,,,
,,,,,12-1899,,,,#N/A,8186,,,,Select Dates,,,,,,,,
,,,,,12-1899,,,,#N/A,8187,,,,Select Dates,,,,,,,,
,,,,,12-1899,,,,#N/A,8188,,,,Select Dates,,,,,,,,
,,,,,12-1899,,,,#N/A,8189,,,,Select Dates,,,,,,,,
,,,,,12-1899,,,,#N/A,8190,,,,Select Dates,,,,,,,,
,,,,,12-1899,,,,#N/A,8191,,,,Select Dates,,,,,,,,
,,,,,12-1899,,,,#N/A,8192,,,,Select Dates,,,,,,,,
,,,,,12-1899,,,,#N/A,8193,,,,Select Dates,,,,,,,,
,,,,,12-1899,,,,#N/A,8194,,,,Select Dates,,,,,,,,
,,,,,12-1899,,,,#N/A,8195,,,,Select Dates,,,,,,,,
,,,,,12-1899,,,,#N/A,8196,,,,Select Dates,,,,,,,,
,,,,,12-1899,,,,#N/A,8197,,,,Select Dates,,,,,,,,
,,,,,12-1899,,,,#N/A,8198,,,,Select Dates,,,,,,,,
,,,,,12-1899,,,,#N/A,8199,,,,Select Dates,,,,,,,,
,,,,,12-1899,,,,#N/A,8200,,,,Select Dates,,,,,,,,
,,,,,12-1899,,,,#N/A,8201,,,,Select Dates,,,,,,,,
,,,,,12-1899,,,,#N/A,8202,,,,Select Dates,,,,,,,,
,,,,,12-1899,,,,#N/A,8203,,,,Select Dates,,,,,,,,
,,,,,12-1899,,,,#N/A,8204,,,,Select Dates,,,,,,,,
,,,,,12-1899,,,,#N/A,8205,,,,Select Dates,,,,,,,,
,,,,,12-1899,,,,#N/A,8206,,,,Select Dates,,,,,,,,
,,,,,12-1899,,,,#N/A,8207,,,,Select Dates,,,,,,,,
,,,,,12-1899,,,,#N/A,8208,,,,Select Dates,,,,,,,,
,,,,,12-1899,,,,#N/A,8209,,,,Select Dates,,,,,,,,
,,,,,12-1899,,,,#N/A,8210,,,,Select Dates,,,,,,,,
,,,,,12-1899,,,,#N/A,8211,,,,Select Dates,,,,,,,,
,,,,,12-1899,,,,#N/A,8212,,,,Select Dates,,,,,,,,
,,,,,12-1899,,,,#N/A,8213,,,,Select Dates,,,,,,,,
,,,,,12-1899,,,,#N/A,8214,,,,Select Dates,,,,,,,,
,,,,,12-1899,,,,#N/A,8215,,,,Select Dates,,,,,,,,
,,,,,12-1899,,,,#N/A,8216,,,,Select Dates,,,,,,,,
,,,,,12-1899,,,,#N/A,8217,,,,Select Dates,,,,,,,,
,,,,,12-1899,,,,#N/A,8218,,,,Select Dates,,,,,,,,
,,,,,12-1899,,,,#N/A,8219,,,,Select Dates,,,,,,,,
,,,,,12-1899,,,,#N/A,8220,,,,Select Dates,,,,,,,,
,,,,,12-1899,,,,#N/A,8221,,,,Select Dates,,,,,,,,
,,,,,12-1899,,,,#N/A,8222,,,,Select Dates,,,,,,,,
,,,,,12-1899,,,,#N/A,8223,,,,Select Dates,,,,,,,,
,,,,,12-1899,,,,#N/A,8224,,,,Select Dates,,,,,,,,
,,,,,12-1899,,,,#N/A,8225,,,,Select Dates,,,,,,,,
,,,,,12-1899,,,,#N/A,8226,,,,Select Dates,,,,,,,,
,,,,,12-1899,,,,#N/A,8227,,,,Select Dates,,,,,,,,
,,,,,12-1899,,,,#N/A,8228,,,,Select Dates,,,,,,,,
,,,,,12-1899,,,,#N/A,8229,,,,Select Dates,,,,,,,,
,,,,,12-1899,,,,#N/A,8230,,,,Select Dates,,,,,,,,
,,,,,12-1899,,,,#N/A,8231,,,,Select Dates,,,,,,,,
,,,,,12-1899,,,,#N/A,8232,,,,Select Dates,,,,,,,,
,,,,,12-1899,,,,#N/A,8233,,,,Select Dates,,,,,,,,
,,,,,12-1899,,,,#N/A,8234,,,,Select Dates,,,,,,,,
,,,,,12-1899,,,,#N/A,8235,,,,Select Dates,,,,,,,,
,,,,,12-1899,,,,#N/A,8236,,,,Select Dates,,,,,,,,
,,,,,12-1899,,,,#N/A,8237,,,,Select Dates,,,,,,,,
,,,,,12-1899,,,,#N/A,8238,,,,Select Dates,,,,,,,,
,,,,,12-1899,,,,#N/A,8239,,,,Select Dates,,,,,,,,
,,,,,12-1899,,,,#N/A,8240,,,,Select Dates,,,,,,,,
,,,,,12-1899,,,,#N/A,8241,,,,Select Dates,,,,,,,,
,,,,,12-1899,,,,#N/A,8242,,,,Select Dates,,,,,,,,
,,,,,12-1899,,,,#N/A,8243,,,,Select Dates,,,,,,,,
,,,,,12-1899,,,,#N/A,8244,,,,Select Dates,,,,,,,,
,,,,,12-1899,,,,#N/A,8245,,,,Select Dates,,,,,,,,
,,,,,12-1899,,,,#N/A,8246,,,,Select Dates,,,,,,,,
,,,,,12-1899,,,,#N/A,8247,,,,Select Dates,,,,,,,,
,,,,,12-1899,,,,#N/A,8248,,,,Select Dates,,,,,,,,
,,,,,12-1899,,,,#N/A,8249,,,,Select Dates,,,,,,,,
,,,,,12-1899,,,,#N/A,8250,,,,Select Dates,,,,,,,,
,,,,,12-1899,,,,#N/A,8251,,,,Select Dates,,,,,,,,
,,,,,12-1899,,,,#N/A,8252,,,,Select Dates,,,,,,,,
,,,,,12-1899,,,,#N/A,8253,,,,Select Dates,,,,,,,,
,,,,,12-1899,,,,#N/A,8254,,,,Select Dates,,,,,,,,
,,,,,12-1899,,,,#N/A,8255,,,,Select Dates,,,,,,,,
,,,,,12-1899,,,,#N/A,8256,,,,Select Dates,,,,,,,,
,,,,,12-1899,,,,#N/A,8257,,,,Select Dates,,,,,,,,
,,,,,12-1899,,,,#N/A,8258,,,,Select Dates,,,,,,,,
,,,,,12-1899,,,,#N/A,8259,,,,Select Dates,,,,,,,,
,,,,,12-1899,,,,#N/A,8260,,,,Select Dates,,,,,,,,
,,,,,12-1899,,,,#N/A,8261,,,,Select Dates,,,,,,,,
,,,,,12-1899,,,,#N/A,8262,,,,Select Dates,,,,,,,,
,,,,,12-1899,,,,#N/A,8263,,,,Select Dates,,,,,,,,
,,,,,12-1899,,,,#N/A,8264,,,,Select Dates,,,,,,,,
,,,,,12-1899,,,,#N/A,8265,,,,Select Dates,,,,,,,,
,,,,,12-1899,,,,#N/A,8266,,,,Select Dates,,,,,,,,
,,,,,12-1899,,,,#N/A,8267,,,,Select Dates,,,,,,,,
,,,,,12-1899,,,,#N/A,8268,,,,Select Dates,,,,,,,,
,,,,,12-1899,,,,#N/A,8269,,,,Select Dates,,,,,,,,
,,,,,12-1899,,,,#N/A,8270,,,,Select Dates,,,,,,,,
,,,,,12-1899,,,,#N/A,8271,,,,Select Dates,,,,,,,,
,,,,,12-1899,,,,#N/A,8272,,,,Select Dates,,,,,,,,
,,,,,12-1899,,,,#N/A,8273,,,,Select Dates,,,,,,,,
,,,,,12-1899,,,,#N/A,8274,,,,Select Dates,,,,,,,,
,,,,,12-1899,,,,#N/A,8275,,,,Select Dates,,,,,,,,
,,,,,12-1899,,,,#N/A,8276,,,,Select Dates,,,,,,,,
,,,,,12-1899,,,,#N/A,8277,,,,Select Dates,,,,,,,,
,,,,,12-1899,,,,#N/A,8278,,,,Select Dates,,,,,,,,
,,,,,12-1899,,,,#N/A,8279,,,,Select Dates,,,,,,,,
,,,,,12-1899,,,,#N/A,8280,,,,Select Dates,,,,,,,,
,,,,,12-1899,,,,#N/A,8281,,,,Select Dates,,,,,,,,
,,,,,12-1899,,,,#N/A,8282,,,,Select Dates,,,,,,,,
,,,,,12-1899,,,,#N/A,8283,,,,Select Dates,,,,,,,,
,,,,,12-1899,,,,#N/A,8284,,,,Select Dates,,,,,,,,
,,,,,12-1899,,,,#N/A,8285,,,,Select Dates,,,,,,,,
,,,,,12-1899,,,,#N/A,8286,,,,Select Dates,,,,,,,,
,,,,,12-1899,,,,#N/A,8287,,,,Select Dates,,,,,,,,
,,,,,12-1899,,,,#N/A,8288,,,,Select Dates,,,,,,,,
,,,,,12-1899,,,,#N/A,8289,,,,Select Dates,,,,,,,,
,,,,,12-1899,,,,#N/A,8290,,,,Select Dates,,,,,,,,
,,,,,12-1899,,,,#N/A,8291,,,,Select Dates,,,,,,,,
,,,,,12-1899,,,,#N/A,8292,,,,Select Dates,,,,,,,,
,,,,,12-1899,,,,#N/A,8293,,,,Select Dates,,,,,,,,
,,,,,12-1899,,,,#N/A,8294,,,,Select Dates,,,,,,,,
,,,,,12-1899,,,,#N/A,8295,,,,Select Dates,,,,,,,,
,,,,,12-1899,,,,#N/A,8296,,,,Select Dates,,,,,,,,
,,,,,12-1899,,,,#N/A,8297,,,,Select Dates,,,,,,,,
,,,,,12-1899,,,,#N/A,8298,,,,Select Dates,,,,,,,,
,,,,,12-1899,,,,#N/A,8299,,,,Select Dates,,,,,,,,
,,,,,12-1899,,,,#N/A,8300,,,,Select Dates,,,,,,,,
,,,,,12-1899,,,,#N/A,8301,,,,Select Dates,,,,,,,,
,,,,,12-1899,,,,#N/A,8302,,,,Select Dates,,,,,,,,
,,,,,12-1899,,,,#N/A,8303,,,,Select Dates,,,,,,,,
,,,,,12-1899,,,,#N/A,8304,,,,Select Dates,,,,,,,,
,,,,,12-1899,,,,#N/A,8305,,,,Select Dates,,,,,,,,
,,,,,12-1899,,,,#N/A,8306,,,,Select Dates,,,,,,,,
,,,,,12-1899,,,,#N/A,8307,,,,Select Dates,,,,,,,,
,,,,,12-1899,,,,#N/A,8308,,,,Select Dates,,,,,,,,
,,,,,12-1899,,,,#N/A,8309,,,,Select Dates,,,,,,,,
,,,,,12-1899,,,,#N/A,8310,,,,Select Dates,,,,,,,,
,,,,,12-1899,,,,#N/A,8311,,,,Select Dates,,,,,,,,
,,,,,12-1899,,,,#N/A,8312,,,,Select Dates,,,,,,,,
,,,,,12-1899,,,,#N/A,8313,,,,Select Dates,,,,,,,,
,,,,,12-1899,,,,#N/A,8314,,,,Select Dates,,,,,,,,
,,,,,12-1899,,,,#N/A,8315,,,,Select Dates,,,,,,,,
,,,,,12-1899,,,,#N/A,8316,,,,Select Dates,,,,,,,,
,,,,,12-1899,,,,#N/A,8317,,,,Select Dates,,,,,,,,
,,,,,12-1899,,,,#N/A,8318,,,,Select Dates,,,,,,,,
,,,,,12-1899,,,,#N/A,8319,,,,Select Dates,,,,,,,,
,,,,,12-1899,,,,#N/A,8320,,,,Select Dates,,,,,,,,
,,,,,12-1899,,,,#N/A,8321,,,,Select Dates,,,,,,,,
,,,,,12-1899,,,,#N/A,8322,,,,Select Dates,,,,,,,,
,,,,,12-1899,,,,#N/A,8323,,,,Select Dates,,,,,,,,
,,,,,12-1899,,,,#N/A,8324,,,,Select Dates,,,,,,,,
,,,,,12-1899,,,,#N/A,8325,,,,Select Dates,,,,,,,,
,,,,,12-1899,,,,#N/A,8326,,,,Select Dates,,,,,,,,
,,,,,12-1899,,,,#N/A,8327,,,,Select Dates,,,,,,,,
,,,,,12-1899,,,,#N/A,8328,,,,Select Dates,,,,,,,,
,,,,,12-1899,,,,#N/A,8329,,,,Select Dates,,,,,,,,
,,,,,12-1899,,,,#N/A,8330,,,,Select Dates,,,,,,,,
,,,,,12-1899,,,,#N/A,8331,,,,Select Dates,,,,,,,,
,,,,,12-1899,,,,#N/A,8332,,,,Select Dates,,,,,,,,
,,,,,12-1899,,,,#N/A,8333,,,,Select Dates,,,,,,,,
,,,,,12-1899,,,,#N/A,8334,,,,Select Dates,,,,,,,,
,,,,,12-1899,,,,#N/A,8335,,,,Select Dates,,,,,,,,
,,,,,12-1899,,,,#N/A,8336,,,,Select Dates,,,,,,,,
,,,,,12-1899,,,,#N/A,8337,,,,Select Dates,,,,,,,,
,,,,,12-1899,,,,#N/A,8338,,,,Select Dates,,,,,,,,
,,,,,12-1899,,,,#N/A,8339,,,,Select Dates,,,,,,,,
,,,,,12-1899,,,,#N/A,8340,,,,Select Dates,,,,,,,,
,,,,,12-1899,,,,#N/A,8341,,,,Select Dates,,,,,,,,
,,,,,12-1899,,,,#N/A,8342,,,,Select Dates,,,,,,,,
,,,,,12-1899,,,,#N/A,8343,,,,Select Dates,,,,,,,,
,,,,,12-1899,,,,#N/A,8344,,,,Select Dates,,,,,,,,
,,,,,12-1899,,,,#N/A,8345,,,,Select Dates,,,,,,,,
,,,,,12-1899,,,,#N/A,8346,,,,Select Dates,,,,,,,,
,,,,,12-1899,,,,#N/A,8347,,,,Select Dates,,,,,,,,
,,,,,12-1899,,,,#N/A,8348,,,,Select Dates,,,,,,,,
,,,,,12-1899,,,,#N/A,8349,,,,Select Dates,,,,,,,,
,,,,,12-1899,,,,#N/A,8350,,,,Select Dates,,,,,,,,
,,,,,12-1899,,,,#N/A,8351,,,,Select Dates,,,,,,,,
,,,,,12-1899,,,,#N/A,8352,,,,Select Dates,,,,,,,,
,,,,,12-1899,,,,#N/A,8353,,,,Select Dates,,,,,,,,
,,,,,12-1899,,,,#N/A,8354,,,,Select Dates,,,,,,,,
,,,,,12-1899,,,,#N/A,8355,,,,Select Dates,,,,,,,,
,,,,,12-1899,,,,#N/A,8356,,,,Select Dates,,,,,,,,
,,,,,12-1899,,,,#N/A,8357,,,,Select Dates,,,,,,,,
,,,,,12-1899,,,,#N/A,8358,,,,Select Dates,,,,,,,,
,,,,,12-1899,,,,#N/A,8359,,,,Select Dates,,,,,,,,
,,,,,12-1899,,,,#N/A,8360,,,,Select Dates,,,,,,,,
,,,,,12-1899,,,,#N/A,8361,,,,Select Dates,,,,,,,,
,,,,,12-1899,,,,#N/A,8362,,,,Select Dates,,,,,,,,
,,,,,12-1899,,,,#N/A,8363,,,,Select Dates,,,,,,,,
,,,,,12-1899,,,,#N/A,8364,,,,Select Dates,,,,,,,,
,,,,,12-1899,,,,#N/A,8365,,,,Select Dates,,,,,,,,
,,,,,12-1899,,,,#N/A,8366,,,,Select Dates,,,,,,,,
,,,,,12-1899,,,,#N/A,8367,,,,Select Dates,,,,,,,,
,,,,,12-1899,,,,#N/A,8368,,,,Select Dates,,,,,,,,
,,,,,12-1899,,,,#N/A,8369,,,,Select Dates,,,,,,,,
,,,,,12-1899,,,,#N/A,8370,,,,Select Dates,,,,,,,,
,,,,,12-1899,,,,#N/A,8371,,,,Select Dates,,,,,,,,
,,,,,12-1899,,,,#N/A,8372,,,,Select Dates,,,,,,,,
,,,,,12-1899,,,,#N/A,8373,,,,Select Dates,,,,,,,,
,,,,,12-1899,,,,#N/A,8374,,,,Select Dates,,,,,,,,
,,,,,12-1899,,,,#N/A,8375,,,,Select Dates,,,,,,,,
,,,,,12-1899,,,,#N/A,8376,,,,Select Dates,,,,,,,,
,,,,,12-1899,,,,#N/A,8377,,,,Select Dates,,,,,,,,
,,,,,12-1899,,,,#N/A,8378,,,,Select Dates,,,,,,,,
,,,,,12-1899,,,,#N/A,8379,,,,Select Dates,,,,,,,,
,,,,,12-1899,,,,#N/A,8380,,,,Select Dates,,,,,,,,
,,,,,12-1899,,,,#N/A,8381,,,,Select Dates,,,,,,,,
,,,,,12-1899,,,,#N/A,8382,,,,Select Dates,,,,,,,,
,,,,,12-1899,,,,#N/A,8383,,,,Select Dates,,,,,,,,
,,,,,12-1899,,,,#N/A,8384,,,,Select Dates,,,,,,,,
,,,,,12-1899,,,,#N/A,8385,,,,Select Dates,,,,,,,,
,,,,,12-1899,,,,#N/A,8386,,,,Select Dates,,,,,,,,
,,,,,12-1899,,,,#N/A,8387,,,,Select Dates,,,,,,,,
,,,,,12-1899,,,,#N/A,8388,,,,Select Dates,,,,,,,,
,,,,,12-1899,,,,#N/A,8389,,,,Select Dates,,,,,,,,
,,,,,12-1899,,,,#N/A,8390,,,,Select Dates,,,,,,,,
,,,,,12-1899,,,,#N/A,8391,,,,Select Dates,,,,,,,,
,,,,,12-1899,,,,#N/A,8392,,,,Select Dates,,,,,,,,
,,,,,12-1899,,,,#N/A,8393,,,,Select Dates,,,,,,,,
,,,,,12-1899,,,,#N/A,8394,,,,Select Dates,,,,,,,,
,,,,,12-1899,,,,#N/A,8395,,,,Select Dates,,,,,,,,
,,,,,12-1899,,,,#N/A,8396,,,,Select Dates,,,,,,,,
,,,,,12-1899,,,,#N/A,8397,,,,Select Dates,,,,,,,,
,,,,,12-1899,,,,#N/A,8398,,,,Select Dates,,,,,,,,
,,,,,12-1899,,,,#N/A,8399,,,,Select Dates,,,,,,,,
,,,,,12-1899,,,,#N/A,8400,,,,Select Dates,,,,,,,,
,,,,,12-1899,,,,#N/A,8401,,,,Select Dates,,,,,,,,
,,,,,12-1899,,,,#N/A,8402,,,,Select Dates,,,,,,,,
,,,,,12-1899,,,,#N/A,8403,,,,Select Dates,,,,,,,,
,,,,,12-1899,,,,#N/A,8404,,,,Select Dates,,,,,,,,
,,,,,12-1899,,,,#N/A,8405,,,,Select Dates,,,,,,,,
,,,,,12-1899,,,,#N/A,8406,,,,Select Dates,,,,,,,,
,,,,,12-1899,,,,#N/A,8407,,,,Select Dates,,,,,,,,
,,,,,12-1899,,,,#N/A,8408,,,,Select Dates,,,,,,,,
,,,,,12-1899,,,,#N/A,8409,,,,Select Dates,,,,,,,,
,,,,,12-1899,,,,#N/A,8410,,,,Select Dates,,,,,,,,
,,,,,12-1899,,,,#N/A,8411,,,,Select Dates,,,,,,,,
,,,,,12-1899,,,,#N/A,8412,,,,Select Dates,,,,,,,,
,,,,,12-1899,,,,#N/A,8413,,,,Select Dates,,,,,,,,
,,,,,12-1899,,,,#N/A,8414,,,,Select Dates,,,,,,,,
,,,,,12-1899,,,,#N/A,8415,,,,Select Dates,,,,,,,,
,,,,,12-1899,,,,#N/A,8416,,,,Select Dates,,,,,,,,
,,,,,12-1899,,,,#N/A,8417,,,,Select Dates,,,,,,,,
,,,,,12-1899,,,,#N/A,8418,,,,Select Dates,,,,,,,,
,,,,,12-1899,,,,#N/A,8419,,,,Select Dates,,,,,,,,
,,,,,12-1899,,,,#N/A,8420,,,,Select Dates,,,,,,,,
,,,,,12-1899,,,,#N/A,8421,,,,Select Dates,,,,,,,,
,,,,,12-1899,,,,#N/A,8422,,,,Select Dates,,,,,,,,
,,,,,12-1899,,,,#N/A,8423,,,,Select Dates,,,,,,,,
,,,,,12-1899,,,,#N/A,8424,,,,Select Dates,,,,,,,,
,,,,,12-1899,,,,#N/A,8425,,,,Select Dates,,,,,,,,
,,,,,12-1899,,,,#N/A,8426,,,,Select Dates,,,,,,,,
,,,,,12-1899,,,,#N/A,8427,,,,Select Dates,,,,,,,,
,,,,,12-1899,,,,#N/A,8428,,,,Select Dates,,,,,,,,
,,,,,12-1899,,,,#N/A,8429,,,,Select Dates,,,,,,,,
,,,,,12-1899,,,,#N/A,8430,,,,Select Dates,,,,,,,,
,,,,,12-1899,,,,#N/A,8431,,,,Select Dates,,,,,,,,
,,,,,12-1899,,,,#N/A,8432,,,,Select Dates,,,,,,,,
,,,,,12-1899,,,,#N/A,8433,,,,Select Dates,,,,,,,,
,,,,,12-1899,,,,#N/A,8434,,,,Select Dates,,,,,,,,
,,,,,12-1899,,,,#N/A,8435,,,,Select Dates,,,,,,,,
,,,,,12-1899,,,,#N/A,8436,,,,Select Dates,,,,,,,,
,,,,,12-1899,,,,#N/A,8437,,,,Select Dates,,,,,,,,
,,,,,12-1899,,,,#N/A,8438,,,,Select Dates,,,,,,,,
,,,,,12-1899,,,,#N/A,8439,,,,Select Dates,,,,,,,,
,,,,,12-1899,,,,#N/A,8440,,,,Select Dates,,,,,,,,
,,,,,12-1899,,,,#N/A,8441,,,,Select Dates,,,,,,,,
,,,,,12-1899,,,,#N/A,8442,,,,Select Dates,,,,,,,,
,,,,,12-1899,,,,#N/A,8443,,,,Select Dates,,,,,,,,
,,,,,12-1899,,,,#N/A,8444,,,,Select Dates,,,,,,,,
,,,,,12-1899,,,,#N/A,8445,,,,Select Dates,,,,,,,,
,,,,,12-1899,,,,#N/A,8446,,,,Select Dates,,,,,,,,
,,,,,12-1899,,,,#N/A,8447,,,,Select Dates,,,,,,,,
,,,,,12-1899,,,,#N/A,8448,,,,Select Dates,,,,,,,,
,,,,,12-1899,,,,#N/A,8449,,,,Select Dates,,,,,,,,
,,,,,12-1899,,,,#N/A,8450,,,,Select Dates,,,,,,,,
,,,,,12-1899,,,,#N/A,8451,,,,Select Dates,,,,,,,,
,,,,,12-1899,,,,#N/A,8452,,,,Select Dates,,,,,,,,
,,,,,12-1899,,,,#N/A,8453,,,,Select Dates,,,,,,,,
,,,,,12-1899,,,,#N/A,8454,,,,Select Dates,,,,,,,,
,,,,,12-1899,,,,#N/A,8455,,,,Select Dates,,,,,,,,
,,,,,12-1899,,,,#N/A,8456,,,,Select Dates,,,,,,,,
,,,,,12-1899,,,,#N/A,8457,,,,Select Dates,,,,,,,,
,,,,,12-1899,,,,#N/A,8458,,,,Select Dates,,,,,,,,
,,,,,12-1899,,,,#N/A,8459,,,,Select Dates,,,,,,,,
,,,,,12-1899,,,,#N/A,8460,,,,Select Dates,,,,,,,,
,,,,,12-1899,,,,#N/A,8461,,,,Select Dates,,,,,,,,
,,,,,12-1899,,,,#N/A,8462,,,,Select Dates,,,,,,,,
,,,,,12-1899,,,,#N/A,8463,,,,Select Dates,,,,,,,,
,,,,,12-1899,,,,#N/A,8464,,,,Select Dates,,,,,,,,
,,,,,12-1899,,,,#N/A,8465,,,,Select Dates,,,,,,,,
,,,,,12-1899,,,,#N/A,8466,,,,Select Dates,,,,,,,,
,,,,,12-1899,,,,#N/A,8467,,,,Select Dates,,,,,,,,
,,,,,12-1899,,,,#N/A,8468,,,,Select Dates,,,,,,,,
,,,,,12-1899,,,,#N/A,8469,,,,Select Dates,,,,,,,,
,,,,,12-1899,,,,#N/A,8470,,,,Select Dates,,,,,,,,
,,,,,12-1899,,,,#N/A,8471,,,,Select Dates,,,,,,,,
,,,,,12-1899,,,,#N/A,8472,,,,Select Dates,,,,,,,,
,,,,,12-1899,,,,#N/A,8473,,,,Select Dates,,,,,,,,
,,,,,12-1899,,,,#N/A,8474,,,,Select Dates,,,,,,,,
,,,,,12-1899,,,,#N/A,8475,,,,Select Dates,,,,,,,,
,,,,,12-1899,,,,#N/A,8476,,,,Select Dates,,,,,,,,
,,,,,12-1899,,,,#N/A,8477,,,,Select Dates,,,,,,,,
,,,,,12-1899,,,,#N/A,8478,,,,Select Dates,,,,,,,,
,,,,,12-1899,,,,#N/A,8479,,,,Select Dates,,,,,,,,
,,,,,12-1899,,,,#N/A,8480,,,,Select Dates,,,,,,,,
,,,,,12-1899,,,,#N/A,8481,,,,Select Dates,,,,,,,,
,,,,,12-1899,,,,#N/A,8482,,,,Select Dates,,,,,,,,
,,,,,12-1899,,,,#N/A,8483,,,,Select Dates,,,,,,,,
,,,,,12-1899,,,,#N/A,8484,,,,Select Dates,,,,,,,,
,,,,,12-1899,,,,#N/A,8485,,,,Select Dates,,,,,,,,
,,,,,12-1899,,,,#N/A,8486,,,,Select Dates,,,,,,,,
,,,,,12-1899,,,,#N/A,8487,,,,Select Dates,,,,,,,,
,,,,,12-1899,,,,#N/A,8488,,,,Select Dates,,,,,,,,
,,,,,12-1899,,,,#N/A,8489,,,,Select Dates,,,,,,,,
,,,,,12-1899,,,,#N/A,8490,,,,Select Dates,,,,,,,,
,,,,,12-1899,,,,#N/A,8491,,,,Select Dates,,,,,,,,
,,,,,12-1899,,,,#N/A,8492,,,,Select Dates,,,,,,,,
,,,,,12-1899,,,,#N/A,8493,,,,Select Dates,,,,,,,,
,,,,,12-1899,,,,#N/A,8494,,,,Select Dates,,,,,,,,
,,,,,12-1899,,,,#N/A,8495,,,,Select Dates,,,,,,,,
,,,,,12-1899,,,,#N/A,8496,,,,Select Dates,,,,,,,,
,,,,,12-1899,,,,#N/A,8497,,,,Select Dates,,,,,,,,
,,,,,12-1899,,,,#N/A,8498,,,,Select Dates,,,,,,,,
,,,,,12-1899,,,,#N/A,8499,,,,Select Dates,,,,,,,,
,,,,,12-1899,,,,#N/A,8500,,,,Select Dates,,,,,,,,
,,,,,12-1899,,,,#N/A,8501,,,,Select Dates,,,,,,,,
,,,,,12-1899,,,,#N/A,8502,,,,Select Dates,,,,,,,,
,,,,,12-1899,,,,#N/A,8503,,,,Select Dates,,,,,,,,
,,,,,12-1899,,,,#N/A,8504,,,,Select Dates,,,,,,,,
,,,,,12-1899,,,,#N/A,8505,,,,Select Dates,,,,,,,,
,,,,,12-1899,,,,#N/A,8506,,,,Select Dates,,,,,,,,
,,,,,12-1899,,,,#N/A,8507,,,,Select Dates,,,,,,,,
,,,,,12-1899,,,,#N/A,8508,,,,Select Dates,,,,,,,,
,,,,,12-1899,,,,#N/A,8509,,,,Select Dates,,,,,,,,
,,,,,12-1899,,,,#N/A,8510,,,,Select Dates,,,,,,,,
,,,,,12-1899,,,,#N/A,8511,,,,Select Dates,,,,,,,,
,,,,,12-1899,,,,#N/A,8512,,,,Select Dates,,,,,,,,
,,,,,12-1899,,,,#N/A,8513,,,,Select Dates,,,,,,,,
,,,,,12-1899,,,,#N/A,8514,,,,Select Dates,,,,,,,,
,,,,,12-1899,,,,#N/A,8515,,,,Select Dates,,,,,,,,
,,,,,12-1899,,,,#N/A,8516,,,,Select Dates,,,,,,,,
,,,,,12-1899,,,,#N/A,8517,,,,Select Dates,,,,,,,,
,,,,,12-1899,,,,#N/A,8518,,,,Select Dates,,,,,,,,
,,,,,12-1899,,,,#N/A,8519,,,,Select Dates,,,,,,,,
,,,,,12-1899,,,,#N/A,8520,,,,Select Dates,,,,,,,,
,,,,,12-1899,,,,#N/A,8521,,,,Select Dates,,,,,,,,
,,,,,12-1899,,,,#N/A,8522,,,,Select Dates,,,,,,,,
,,,,,12-1899,,,,#N/A,8523,,,,Select Dates,,,,,,,,
,,,,,12-1899,,,,#N/A,8524,,,,Select Dates,,,,,,,,
,,,,,12-1899,,,,#N/A,8525,,,,Select Dates,,,,,,,,
,,,,,12-1899,,,,#N/A,8526,,,,Select Dates,,,,,,,,
,,,,,12-1899,,,,#N/A,8527,,,,Select Dates,,,,,,,,
,,,,,12-1899,,,,#N/A,8528,,,,Select Dates,,,,,,,,
,,,,,12-1899,,,,#N/A,8529,,,,Select Dates,,,,,,,,
,,,,,12-1899,,,,#N/A,8530,,,,Select Dates,,,,,,,,
,,,,,12-1899,,,,#N/A,8531,,,,Select Dates,,,,,,,,
,,,,,12-1899,,,,#N/A,8532,,,,Select Dates,,,,,,,,
,,,,,12-1899,,,,#N/A,8533,,,,Select Dates,,,,,,,,
,,,,,12-1899,,,,#N/A,8534,,,,Select Dates,,,,,,,,
,,,,,12-1899,,,,#N/A,8535,,,,Select Dates,,,,,,,,
,,,,,12-1899,,,,#N/A,8536,,,,Select Dates,,,,,,,,
,,,,,12-1899,,,,#N/A,8537,,,,Select Dates,,,,,,,,
,,,,,12-1899,,,,#N/A,8538,,,,Select Dates,,,,,,,,
,,,,,12-1899,,,,#N/A,8539,,,,Select Dates,,,,,,,,
,,,,,12-1899,,,,#N/A,8540,,,,Select Dates,,,,,,,,
,,,,,12-1899,,,,#N/A,8541,,,,Select Dates,,,,,,,,
,,,,,12-1899,,,,#N/A,8542,,,,Select Dates,,,,,,,,
,,,,,12-1899,,,,#N/A,8543,,,,Select Dates,,,,,,,,
,,,,,12-1899,,,,#N/A,8544,,,,Select Dates,,,,,,,,
,,,,,12-1899,,,,#N/A,8545,,,,Select Dates,,,,,,,,
,,,,,12-1899,,,,#N/A,8546,,,,Select Dates,,,,,,,,
,,,,,12-1899,,,,#N/A,8547,,,,Select Dates,,,,,,,,
,,,,,12-1899,,,,#N/A,8548,,,,Select Dates,,,,,,,,
,,,,,12-1899,,,,#N/A,8549,,,,Select Dates,,,,,,,,
,,,,,12-1899,,,,#N/A,8550,,,,Select Dates,,,,,,,,
,,,,,12-1899,,,,#N/A,8551,,,,Select Dates,,,,,,,,
,,,,,12-1899,,,,#N/A,8552,,,,Select Dates,,,,,,,,
,,,,,12-1899,,,,#N/A,8553,,,,Select Dates,,,,,,,,
,,,,,12-1899,,,,#N/A,8554,,,,Select Dates,,,,,,,,
,,,,,12-1899,,,,#N/A,8555,,,,Select Dates,,,,,,,,
,,,,,12-1899,,,,#N/A,8556,,,,Select Dates,,,,,,,,
,,,,,12-1899,,,,#N/A,8557,,,,Select Dates,,,,,,,,
,,,,,12-1899,,,,#N/A,8558,,,,Select Dates,,,,,,,,
,,,,,12-1899,,,,#N/A,8559,,,,Select Dates,,,,,,,,
,,,,,12-1899,,,,#N/A,8560,,,,Select Dates,,,,,,,,
,,,,,12-1899,,,,#N/A,8561,,,,Select Dates,,,,,,,,
,,,,,12-1899,,,,#N/A,8562,,,,Select Dates,,,,,,,,
,,,,,12-1899,,,,#N/A,8563,,,,Select Dates,,,,,,,,
,,,,,12-1899,,,,#N/A,8564,,,,Select Dates,,,,,,,,
,,,,,12-1899,,,,#N/A,8565,,,,Select Dates,,,,,,,,
,,,,,12-1899,,,,#N/A,8566,,,,Select Dates,,,,,,,,
,,,,,12-1899,,,,#N/A,8567,,,,Select Dates,,,,,,,,
,,,,,12-1899,,,,#N/A,8568,,,,Select Dates,,,,,,,,
,,,,,12-1899,,,,#N/A,8569,,,,Select Dates,,,,,,,,
,,,,,12-1899,,,,#N/A,8570,,,,Select Dates,,,,,,,,
,,,,,12-1899,,,,#N/A,8571,,,,Select Dates,,,,,,,,
,,,,,12-1899,,,,#N/A,8572,,,,Select Dates,,,,,,,,
,,,,,12-1899,,,,#N/A,8573,,,,Select Dates,,,,,,,,
,,,,,12-1899,,,,#N/A,8574,,,,Select Dates,,,,,,,,
,,,,,12-1899,,,,#N/A,8575,,,,Select Dates,,,,,,,,
,,,,,12-1899,,,,#N/A,8576,,,,Select Dates,,,,,,,,
,,,,,12-1899,,,,#N/A,8577,,,,Select Dates,,,,,,,,
,,,,,12-1899,,,,#N/A,8578,,,,Select Dates,,,,,,,,
,,,,,12-1899,,,,#N/A,8579,,,,Select Dates,,,,,,,,
,,,,,12-1899,,,,#N/A,8580,,,,Select Dates,,,,,,,,
,,,,,12-1899,,,,#N/A,8581,,,,Select Dates,,,,,,,,
,,,,,12-1899,,,,#N/A,8582,,,,Select Dates,,,,,,,,
,,,,,12-1899,,,,#N/A,8583,,,,Select Dates,,,,,,,,
,,,,,12-1899,,,,#N/A,8584,,,,Select Dates,,,,,,,,
,,,,,12-1899,,,,#N/A,8585,,,,Select Dates,,,,,,,,
,,,,,12-1899,,,,#N/A,8586,,,,Select Dates,,,,,,,,
,,,,,12-1899,,,,#N/A,8587,,,,Select Dates,,,,,,,,
,,,,,12-1899,,,,#N/A,8588,,,,Select Dates,,,,,,,,
,,,,,12-1899,,,,#N/A,8589,,,,Select Dates,,,,,,,,
,,,,,12-1899,,,,#N/A,8590,,,,Select Dates,,,,,,,,
,,,,,12-1899,,,,#N/A,8591,,,,Select Dates,,,,,,,,
,,,,,12-1899,,,,#N/A,8592,,,,Select Dates,,,,,,,,
,,,,,12-1899,,,,#N/A,8593,,,,Select Dates,,,,,,,,
,,,,,12-1899,,,,#N/A,8594,,,,Select Dates,,,,,,,,
,,,,,12-1899,,,,#N/A,8595,,,,Select Dates,,,,,,,,
,,,,,12-1899,,,,#N/A,8596,,,,Select Dates,,,,,,,,
,,,,,12-1899,,,,#N/A,8597,,,,Select Dates,,,,,,,,
,,,,,12-1899,,,,#N/A,8598,,,,Select Dates,,,,,,,,
,,,,,12-1899,,,,#N/A,8599,,,,Select Dates,,,,,,,,
,,,,,12-1899,,,,#N/A,8600,,,,Select Dates,,,,,,,,
,,,,,12-1899,,,,#N/A,8601,,,,Select Dates,,,,,,,,
,,,,,12-1899,,,,#N/A,8602,,,,Select Dates,,,,,,,,
,,,,,12-1899,,,,#N/A,8603,,,,Select Dates,,,,,,,,
,,,,,12-1899,,,,#N/A,8604,,,,Select Dates,,,,,,,,
,,,,,12-1899,,,,#N/A,8605,,,,Select Dates,,,,,,,,
,,,,,12-1899,,,,#N/A,8606,,,,Select Dates,,,,,,,,
,,,,,12-1899,,,,#N/A,8607,,,,Select Dates,,,,,,,,
,,,,,12-1899,,,,#N/A,8608,,,,Select Dates,,,,,,,,
,,,,,12-1899,,,,#N/A,8609,,,,Select Dates,,,,,,,,
,,,,,12-1899,,,,#N/A,8610,,,,Select Dates,,,,,,,,
,,,,,12-1899,,,,#N/A,8611,,,,Select Dates,,,,,,,,
,,,,,12-1899,,,,#N/A,8612,,,,Select Dates,,,,,,,,
,,,,,12-1899,,,,#N/A,8613,,,,Select Dates,,,,,,,,
,,,,,12-1899,,,,#N/A,8614,,,,Select Dates,,,,,,,,
,,,,,12-1899,,,,#N/A,8615,,,,Select Dates,,,,,,,,
,,,,,12-1899,,,,#N/A,8616,,,,Select Dates,,,,,,,,
,,,,,12-1899,,,,#N/A,8617,,,,Select Dates,,,,,,,,
,,,,,12-1899,,,,#N/A,8618,,,,Select Dates,,,,,,,,
,,,,,12-1899,,,,#N/A,8619,,,,Select Dates,,,,,,,,
,,,,,12-1899,,,,#N/A,8620,,,,Select Dates,,,,,,,,
,,,,,12-1899,,,,#N/A,8621,,,,Select Dates,,,,,,,,
,,,,,12-1899,,,,#N/A,8622,,,,Select Dates,,,,,,,,
,,,,,12-1899,,,,#N/A,8623,,,,Select Dates,,,,,,,,
,,,,,12-1899,,,,#N/A,8624,,,,Select Dates,,,,,,,,
,,,,,12-1899,,,,#N/A,8625,,,,Select Dates,,,,,,,,
,,,,,12-1899,,,,#N/A,8626,,,,Select Dates,,,,,,,,
,,,,,12-1899,,,,#N/A,8627,,,,Select Dates,,,,,,,,
,,,,,12-1899,,,,#N/A,8628,,,,Select Dates,,,,,,,,
,,,,,12-1899,,,,#N/A,8629,,,,Select Dates,,,,,,,,
,,,,,12-1899,,,,#N/A,8630,,,,Select Dates,,,,,,,,
,,,,,12-1899,,,,#N/A,8631,,,,Select Dates,,,,,,,,
,,,,,12-1899,,,,#N/A,8632,,,,Select Dates,,,,,,,,
,,,,,12-1899,,,,#N/A,8633,,,,Select Dates,,,,,,,,
,,,,,12-1899,,,,#N/A,8634,,,,Select Dates,,,,,,,,
,,,,,12-1899,,,,#N/A,8635,,,,Select Dates,,,,,,,,
,,,,,12-1899,,,,#N/A,8636,,,,Select Dates,,,,,,,,
,,,,,12-1899,,,,#N/A,8637,,,,Select Dates,,,,,,,,
,,,,,12-1899,,,,#N/A,8638,,,,Select Dates,,,,,,,,
,,,,,12-1899,,,,#N/A,8639,,,,Select Dates,,,,,,,,
,,,,,12-1899,,,,#N/A,8640,,,,Select Dates,,,,,,,,
,,,,,12-1899,,,,#N/A,8641,,,,Select Dates,,,,,,,,
,,,,,12-1899,,,,#N/A,8642,,,,Select Dates,,,,,,,,
,,,,,12-1899,,,,#N/A,8643,,,,Select Dates,,,,,,,,
,,,,,12-1899,,,,#N/A,8644,,,,Select Dates,,,,,,,,
,,,,,12-1899,,,,#N/A,8645,,,,Select Dates,,,,,,,,
,,,,,12-1899,,,,#N/A,8646,,,,Select Dates,,,,,,,,
,,,,,12-1899,,,,#N/A,8647,,,,Select Dates,,,,,,,,
,,,,,12-1899,,,,#N/A,8648,,,,Select Dates,,,,,,,,
,,,,,12-1899,,,,#N/A,8649,,,,Select Dates,,,,,,,,
,,,,,12-1899,,,,#N/A,8650,,,,Select Dates,,,,,,,,
,,,,,12-1899,,,,#N/A,8651,,,,Select Dates,,,,,,,,
,,,,,12-1899,,,,#N/A,8652,,,,Select Dates,,,,,,,,
,,,,,12-1899,,,,#N/A,8653,,,,Select Dates,,,,,,,,
,,,,,12-1899,,,,#N/A,8654,,,,Select Dates,,,,,,,,
,,,,,12-1899,,,,#N/A,8655,,,,Select Dates,,,,,,,,
,,,,,12-1899,,,,#N/A,8656,,,,Select Dates,,,,,,,,
,,,,,12-1899,,,,#N/A,8657,,,,Select Dates,,,,,,,,
,,,,,12-1899,,,,#N/A,8658,,,,Select Dates,,,,,,,,
,,,,,12-1899,,,,#N/A,8659,,,,Select Dates,,,,,,,,
,,,,,12-1899,,,,#N/A,8660,,,,Select Dates,,,,,,,,
,,,,,12-1899,,,,#N/A,8661,,,,Select Dates,,,,,,,,
,,,,,12-1899,,,,#N/A,8662,,,,Select Dates,,,,,,,,
,,,,,12-1899,,,,#N/A,8663,,,,Select Dates,,,,,,,,
,,,,,12-1899,,,,#N/A,8664,,,,Select Dates,,,,,,,,
,,,,,12-1899,,,,#N/A,8665,,,,Select Dates,,,,,,,,
,,,,,12-1899,,,,#N/A,8666,,,,Select Dates,,,,,,,,
,,,,,12-1899,,,,#N/A,8667,,,,Select Dates,,,,,,,,
,,,,,12-1899,,,,#N/A,8668,,,,Select Dates,,,,,,,,
,,,,,12-1899,,,,#N/A,8669,,,,Select Dates,,,,,,,,
,,,,,12-1899,,,,#N/A,8670,,,,Select Dates,,,,,,,,
,,,,,12-1899,,,,#N/A,8671,,,,Select Dates,,,,,,,,
,,,,,12-1899,,,,#N/A,8672,,,,Select Dates,,,,,,,,
,,,,,12-1899,,,,#N/A,8673,,,,Select Dates,,,,,,,,
,,,,,12-1899,,,,#N/A,8674,,,,Select Dates,,,,,,,,
,,,,,12-1899,,,,#N/A,8675,,,,Select Dates,,,,,,,,
,,,,,12-1899,,,,#N/A,8676,,,,Select Dates,,,,,,,,
,,,,,12-1899,,,,#N/A,8677,,,,Select Dates,,,,,,,,
,,,,,12-1899,,,,#N/A,8678,,,,Select Dates,,,,,,,,
,,,,,12-1899,,,,#N/A,8679,,,,Select Dates,,,,,,,,
,,,,,12-1899,,,,#N/A,8680,,,,Select Dates,,,,,,,,
,,,,,12-1899,,,,#N/A,8681,,,,Select Dates,,,,,,,,
,,,,,12-1899,,,,#N/A,8682,,,,Select Dates,,,,,,,,
,,,,,12-1899,,,,#N/A,8683,,,,Select Dates,,,,,,,,
,,,,,12-1899,,,,#N/A,8684,,,,Select Dates,,,,,,,,
,,,,,12-1899,,,,#N/A,8685,,,,Select Dates,,,,,,,,
,,,,,12-1899,,,,#N/A,8686,,,,Select Dates,,,,,,,,
,,,,,12-1899,,,,#N/A,8687,,,,Select Dates,,,,,,,,
,,,,,12-1899,,,,#N/A,8688,,,,Select Dates,,,,,,,,
,,,,,12-1899,,,,#N/A,8689,,,,Select Dates,,,,,,,,
,,,,,12-1899,,,,#N/A,8690,,,,Select Dates,,,,,,,,
,,,,,12-1899,,,,#N/A,8691,,,,Select Dates,,,,,,,,
,,,,,12-1899,,,,#N/A,8692,,,,Select Dates,,,,,,,,
,,,,,12-1899,,,,#N/A,8693,,,,Select Dates,,,,,,,,
,,,,,12-1899,,,,#N/A,8694,,,,Select Dates,,,,,,,,
,,,,,12-1899,,,,#N/A,8695,,,,Select Dates,,,,,,,,
,,,,,12-1899,,,,#N/A,8696,,,,Select Dates,,,,,,,,
,,,,,12-1899,,,,#N/A,8697,,,,Select Dates,,,,,,,,
,,,,,12-1899,,,,#N/A,8698,,,,Select Dates,,,,,,,,
,,,,,12-1899,,,,#N/A,8699,,,,Select Dates,,,,,,,,
,,,,,12-1899,,,,#N/A,8700,,,,Select Dates,,,,,,,,
,,,,,12-1899,,,,#N/A,8701,,,,Select Dates,,,,,,,,
,,,,,12-1899,,,,#N/A,8702,,,,Select Dates,,,,,,,,
,,,,,12-1899,,,,#N/A,8703,,,,Select Dates,,,,,,,,
,,,,,12-1899,,,,#N/A,8704,,,,Select Dates,,,,,,,,
,,,,,12-1899,,,,#N/A,8705,,,,Select Dates,,,,,,,,
,,,,,12-1899,,,,#N/A,8706,,,,Select Dates,,,,,,,,
,,,,,12-1899,,,,#N/A,8707,,,,Select Dates,,,,,,,,
,,,,,12-1899,,,,#N/A,8708,,,,Select Dates,,,,,,,,
,,,,,12-1899,,,,#N/A,8709,,,,Select Dates,,,,,,,,
,,,,,12-1899,,,,#N/A,8710,,,,Select Dates,,,,,,,,
,,,,,12-1899,,,,#N/A,8711,,,,Select Dates,,,,,,,,
,,,,,12-1899,,,,#N/A,8712,,,,Select Dates,,,,,,,,
,,,,,12-1899,,,,#N/A,8713,,,,Select Dates,,,,,,,,
,,,,,12-1899,,,,#N/A,8714,,,,Select Dates,,,,,,,,
,,,,,12-1899,,,,#N/A,8715,,,,Select Dates,,,,,,,,
,,,,,12-1899,,,,#N/A,8716,,,,Select Dates,,,,,,,,
,,,,,12-1899,,,,#N/A,8717,,,,Select Dates,,,,,,,,
,,,,,12-1899,,,,#N/A,8718,,,,Select Dates,,,,,,,,
,,,,,12-1899,,,,#N/A,8719,,,,Select Dates,,,,,,,,
,,,,,12-1899,,,,#N/A,8720,,,,Select Dates,,,,,,,,
,,,,,12-1899,,,,#N/A,8721,,,,Select Dates,,,,,,,,
,,,,,12-1899,,,,#N/A,8722,,,,Select Dates,,,,,,,,
,,,,,12-1899,,,,#N/A,8723,,,,Select Dates,,,,,,,,
,,,,,12-1899,,,,#N/A,8724,,,,Select Dates,,,,,,,,
,,,,,12-1899,,,,#N/A,8725,,,,Select Dates,,,,,,,,
,,,,,12-1899,,,,#N/A,8726,,,,Select Dates,,,,,,,,
,,,,,12-1899,,,,#N/A,8727,,,,Select Dates,,,,,,,,
,,,,,12-1899,,,,#N/A,8728,,,,Select Dates,,,,,,,,
,,,,,12-1899,,,,#N/A,8729,,,,Select Dates,,,,,,,,
,,,,,12-1899,,,,#N/A,8730,,,,Select Dates,,,,,,,,
,,,,,12-1899,,,,#N/A,8731,,,,Select Dates,,,,,,,,
,,,,,12-1899,,,,#N/A,8732,,,,Select Dates,,,,,,,,
,,,,,12-1899,,,,#N/A,8733,,,,Select Dates,,,,,,,,
,,,,,12-1899,,,,#N/A,8734,,,,Select Dates,,,,,,,,
,,,,,12-1899,,,,#N/A,8735,,,,Select Dates,,,,,,,,
,,,,,12-1899,,,,#N/A,8736,,,,Select Dates,,,,,,,,
,,,,,12-1899,,,,#N/A,8737,,,,Select Dates,,,,,,,,
,,,,,12-1899,,,,#N/A,8738,,,,Select Dates,,,,,,,,
,,,,,12-1899,,,,#N/A,8739,,,,Select Dates,,,,,,,,
,,,,,12-1899,,,,#N/A,8740,,,,Select Dates,,,,,,,,
,,,,,12-1899,,,,#N/A,8741,,,,Select Dates,,,,,,,,
,,,,,12-1899,,,,#N/A,8742,,,,Select Dates,,,,,,,,
,,,,,12-1899,,,,#N/A,8743,,,,Select Dates,,,,,,,,
,,,,,12-1899,,,,#N/A,8744,,,,Select Dates,,,,,,,,
,,,,,12-1899,,,,#N/A,8745,,,,Select Dates,,,,,,,,
,,,,,12-1899,,,,#N/A,8746,,,,Select Dates,,,,,,,,
,,,,,12-1899,,,,#N/A,8747,,,,Select Dates,,,,,,,,
,,,,,12-1899,,,,#N/A,8748,,,,Select Dates,,,,,,,,
,,,,,12-1899,,,,#N/A,8749,,,,Select Dates,,,,,,,,
,,,,,12-1899,,,,#N/A,8750,,,,Select Dates,,,,,,,,
,,,,,12-1899,,,,#N/A,8751,,,,Select Dates,,,,,,,,
,,,,,12-1899,,,,#N/A,8752,,,,Select Dates,,,,,,,,
,,,,,12-1899,,,,#N/A,8753,,,,Select Dates,,,,,,,,
,,,,,12-1899,,,,#N/A,8754,,,,Select Dates,,,,,,,,
,,,,,12-1899,,,,#N/A,8755,,,,Select Dates,,,,,,,,
,,,,,12-1899,,,,#N/A,8756,,,,Select Dates,,,,,,,,
,,,,,12-1899,,,,#N/A,8757,,,,Select Dates,,,,,,,,
,,,,,12-1899,,,,#N/A,8758,,,,Select Dates,,,,,,,,
,,,,,12-1899,,,,#N/A,8759,,,,Select Dates,,,,,,,,
,,,,,12-1899,,,,#N/A,8760,,,,Select Dates,,,,,,,,
,,,,,12-1899,,,,#N/A,8761,,,,Select Dates,,,,,,,,
,,,,,12-1899,,,,#N/A,8762,,,,Select Dates,,,,,,,,
,,,,,12-1899,,,,#N/A,8763,,,,Select Dates,,,,,,,,
,,,,,12-1899,,,,#N/A,8764,,,,Select Dates,,,,,,,,
,,,,,12-1899,,,,#N/A,8765,,,,Select Dates,,,,,,,,
,,,,,12-1899,,,,#N/A,8766,,,,Select Dates,,,,,,,,
,,,,,12-1899,,,,#N/A,8767,,,,Select Dates,,,,,,,,
,,,,,12-1899,,,,#N/A,8768,,,,Select Dates,,,,,,,,
,,,,,12-1899,,,,#N/A,8769,,,,Select Dates,,,,,,,,
,,,,,12-1899,,,,#N/A,8770,,,,Select Dates,,,,,,,,
,,,,,12-1899,,,,#N/A,8771,,,,Select Dates,,,,,,,,
,,,,,12-1899,,,,#N/A,8772,,,,Select Dates,,,,,,,,
,,,,,12-1899,,,,#N/A,8773,,,,Select Dates,,,,,,,,
,,,,,12-1899,,,,#N/A,8774,,,,Select Dates,,,,,,,,
,,,,,12-1899,,,,#N/A,8775,,,,Select Dates,,,,,,,,
,,,,,12-1899,,,,#N/A,8776,,,,Select Dates,,,,,,,,
,,,,,12-1899,,,,#N/A,8777,,,,Select Dates,,,,,,,,
,,,,,12-1899,,,,#N/A,8778,,,,Select Dates,,,,,,,,
,,,,,12-1899,,,,#N/A,8779,,,,Select Dates,,,,,,,,
,,,,,12-1899,,,,#N/A,8780,,,,Select Dates,,,,,,,,
,,,,,12-1899,,,,#N/A,8781,,,,Select Dates,,,,,,,,
,,,,,12-1899,,,,#N/A,8782,,,,Select Dates,,,,,,,,
,,,,,12-1899,,,,#N/A,8783,,,,Select Dates,,,,,,,,
,,,,,12-1899,,,,#N/A,8784,,,,Select Dates,,,,,,,,
,,,,,12-1899,,,,#N/A,8785,,,,Select Dates,,,,,,,,
,,,,,12-1899,,,,#N/A,8786,,,,Select Dates,,,,,,,,
,,,,,12-1899,,,,#N/A,8787,,,,Select Dates,,,,,,,,
,,,,,12-1899,,,,#N/A,8788,,,,Select Dates,,,,,,,,
,,,,,12-1899,,,,#N/A,8789,,,,Select Dates,,,,,,,,
,,,,,12-1899,,,,#N/A,8790,,,,Select Dates,,,,,,,,
,,,,,12-1899,,,,#N/A,8791,,,,Select Dates,,,,,,,,
,,,,,12-1899,,,,#N/A,8792,,,,Select Dates,,,,,,,,
,,,,,12-1899,,,,#N/A,8793,,,,Select Dates,,,,,,,,
,,,,,12-1899,,,,#N/A,8794,,,,Select Dates,,,,,,,,
,,,,,12-1899,,,,#N/A,8795,,,,Select Dates,,,,,,,,
,,,,,12-1899,,,,#N/A,8796,,,,Select Dates,,,,,,,,
,,,,,12-1899,,,,#N/A,8797,,,,Select Dates,,,,,,,,
,,,,,12-1899,,,,#N/A,8798,,,,Select Dates,,,,,,,,
,,,,,12-1899,,,,#N/A,8799,,,,Select Dates,,,,,,,,
,,,,,12-1899,,,,#N/A,8800,,,,Select Dates,,,,,,,,
,,,,,12-1899,,,,#N/A,8801,,,,Select Dates,,,,,,,,
,,,,,12-1899,,,,#N/A,8802,,,,Select Dates,,,,,,,,
,,,,,12-1899,,,,#N/A,8803,,,,Select Dates,,,,,,,,
,,,,,12-1899,,,,#N/A,8804,,,,Select Dates,,,,,,,,
,,,,,12-1899,,,,#N/A,8805,,,,Select Dates,,,,,,,,
,,,,,12-1899,,,,#N/A,8806,,,,Select Dates,,,,,,,,
,,,,,12-1899,,,,#N/A,8807,,,,Select Dates,,,,,,,,
,,,,,12-1899,,,,#N/A,8808,,,,Select Dates,,,,,,,,
,,,,,12-1899,,,,#N/A,8809,,,,Select Dates,,,,,,,,
,,,,,12-1899,,,,#N/A,8810,,,,Select Dates,,,,,,,,
,,,,,12-1899,,,,#N/A,8811,,,,Select Dates,,,,,,,,
,,,,,12-1899,,,,#N/A,8812,,,,Select Dates,,,,,,,,
,,,,,12-1899,,,,#N/A,8813,,,,Select Dates,,,,,,,,
,,,,,12-1899,,,,#N/A,8814,,,,Select Dates,,,,,,,,
,,,,,12-1899,,,,#N/A,8815,,,,Select Dates,,,,,,,,
,,,,,12-1899,,,,#N/A,8816,,,,Select Dates,,,,,,,,
,,,,,12-1899,,,,#N/A,8817,,,,Select Dates,,,,,,,,
,,,,,12-1899,,,,#N/A,8818,,,,Select Dates,,,,,,,,
,,,,,12-1899,,,,#N/A,8819,,,,Select Dates,,,,,,,,
,,,,,12-1899,,,,#N/A,8820,,,,Select Dates,,,,,,,,
,,,,,12-1899,,,,#N/A,8821,,,,Select Dates,,,,,,,,
,,,,,12-1899,,,,#N/A,8822,,,,Select Dates,,,,,,,,
,,,,,12-1899,,,,#N/A,8823,,,,Select Dates,,,,,,,,
,,,,,12-1899,,,,#N/A,8824,,,,Select Dates,,,,,,,,
,,,,,12-1899,,,,#N/A,8825,,,,Select Dates,,,,,,,,
,,,,,12-1899,,,,#N/A,8826,,,,Select Dates,,,,,,,,
,,,,,12-1899,,,,#N/A,8827,,,,Select Dates,,,,,,,,
,,,,,12-1899,,,,#N/A,8828,,,,Select Dates,,,,,,,,
,,,,,12-1899,,,,#N/A,8829,,,,Select Dates,,,,,,,,
,,,,,12-1899,,,,#N/A,8830,,,,Select Dates,,,,,,,,
,,,,,12-1899,,,,#N/A,8831,,,,Select Dates,,,,,,,,
,,,,,12-1899,,,,#N/A,8832,,,,Select Dates,,,,,,,,
,,,,,12-1899,,,,#N/A,8833,,,,Select Dates,,,,,,,,
,,,,,12-1899,,,,#N/A,8834,,,,Select Dates,,,,,,,,
,,,,,12-1899,,,,#N/A,8835,,,,Select Dates,,,,,,,,
,,,,,12-1899,,,,#N/A,8836,,,,Select Dates,,,,,,,,
,,,,,12-1899,,,,#N/A,8837,,,,Select Dates,,,,,,,,
,,,,,12-1899,,,,#N/A,8838,,,,Select Dates,,,,,,,,
,,,,,12-1899,,,,#N/A,8839,,,,Select Dates,,,,,,,,
,,,,,12-1899,,,,#N/A,8840,,,,Select Dates,,,,,,,,
,,,,,12-1899,,,,#N/A,8841,,,,Select Dates,,,,,,,,
,,,,,12-1899,,,,#N/A,8842,,,,Select Dates,,,,,,,,
,,,,,12-1899,,,,#N/A,8843,,,,Select Dates,,,,,,,,
,,,,,12-1899,,,,#N/A,8844,,,,Select Dates,,,,,,,,
,,,,,12-1899,,,,#N/A,8845,,,,Select Dates,,,,,,,,
,,,,,12-1899,,,,#N/A,8846,,,,Select Dates,,,,,,,,
,,,,,12-1899,,,,#N/A,8847,,,,Select Dates,,,,,,,,
,,,,,12-1899,,,,#N/A,8848,,,,Select Dates,,,,,,,,
,,,,,12-1899,,,,#N/A,8849,,,,Select Dates,,,,,,,,
,,,,,12-1899,,,,#N/A,8850,,,,Select Dates,,,,,,,,
,,,,,12-1899,,,,#N/A,8851,,,,Select Dates,,,,,,,,
,,,,,12-1899,,,,#N/A,8852,,,,Select Dates,,,,,,,,
,,,,,12-1899,,,,#N/A,8853,,,,Select Dates,,,,,,,,
,,,,,12-1899,,,,#N/A,8854,,,,Select Dates,,,,,,,,
,,,,,12-1899,,,,#N/A,8855,,,,Select Dates,,,,,,,,
,,,,,12-1899,,,,#N/A,8856,,,,Select Dates,,,,,,,,
,,,,,12-1899,,,,#N/A,8857,,,,Select Dates,,,,,,,,
,,,,,12-1899,,,,#N/A,8858,,,,Select Dates,,,,,,,,
,,,,,12-1899,,,,#N/A,8859,,,,Select Dates,,,,,,,,
,,,,,12-1899,,,,#N/A,8860,,,,Select Dates,,,,,,,,
,,,,,12-1899,,,,#N/A,8861,,,,Select Dates,,,,,,,,
,,,,,12-1899,,,,#N/A,8862,,,,Select Dates,,,,,,,,
,,,,,12-1899,,,,#N/A,8863,,,,Select Dates,,,,,,,,
,,,,,12-1899,,,,#N/A,8864,,,,Select Dates,,,,,,,,
,,,,,12-1899,,,,#N/A,8865,,,,Select Dates,,,,,,,,
,,,,,12-1899,,,,#N/A,8866,,,,Select Dates,,,,,,,,
,,,,,12-1899,,,,#N/A,8867,,,,Select Dates,,,,,,,,
,,,,,12-1899,,,,#N/A,8868,,,,Select Dates,,,,,,,,
,,,,,12-1899,,,,#N/A,8869,,,,Select Dates,,,,,,,,
,,,,,12-1899,,,,#N/A,8870,,,,Select Dates,,,,,,,,
,,,,,12-1899,,,,#N/A,8871,,,,Select Dates,,,,,,,,
,,,,,12-1899,,,,#N/A,8872,,,,Select Dates,,,,,,,,
,,,,,12-1899,,,,#N/A,8873,,,,Select Dates,,,,,,,,
,,,,,12-1899,,,,#N/A,8874,,,,Select Dates,,,,,,,,
,,,,,12-1899,,,,#N/A,8875,,,,Select Dates,,,,,,,,
,,,,,12-1899,,,,#N/A,8876,,,,Select Dates,,,,,,,,
,,,,,12-1899,,,,#N/A,8877,,,,Select Dates,,,,,,,,
,,,,,12-1899,,,,#N/A,8878,,,,Select Dates,,,,,,,,
,,,,,12-1899,,,,#N/A,8879,,,,Select Dates,,,,,,,,
,,,,,12-1899,,,,#N/A,8880,,,,Select Dates,,,,,,,,
,,,,,12-1899,,,,#N/A,8881,,,,Select Dates,,,,,,,,